gene,in_network,disease_score,tissue_score,topology_score,ppi_final,score_mode,score_weight_sum,note,gene_in_d,gene_d_evidence_score,gene_in_t,gene_t_weight,mapped_tissues_json,d_gene_count,t_gene_count
CDC42,True,1.0,1.0,0.9983970610698556,0.9995992652674639,FULL_ANCHOR,1.0,OK,True,2.1,True,3,"[""eye"", ""nerve"", ""retina""]",114,11370
GRB2,True,0.8,1.0,0.9928568548704291,0.9382142137176073,FULL_ANCHOR,1.0,OK,False,0.0,True,3,"[""eye"", ""nerve"", ""retina""]",114,11370
SKP1,True,0.8,1.0,0.9804117733093995,0.9351029433273499,FULL_ANCHOR,1.0,OK,False,0.0,True,3,"[""eye"", ""nerve"", ""retina""]",114,11370
CLTC,True,0.8,1.0,0.966104651254829,0.9315261628137073,FULL_ANCHOR,1.0,OK,False,0.0,True,3,"[""eye"", ""nerve"", ""retina""]",114,11370
USP7,True,0.8,1.0,0.9532662616355128,0.9283165654088781,FULL_ANCHOR,1.0,OK,False,0.0,True,3,"[""eye"", ""nerve"", ""retina""]",114,11370
DNMT1,True,1.0,0.8333333333333333,0.9548872542649283,0.9137218135662322,FULL_ANCHOR,1.0,OK,True,2.1,True,2,"[""eye"", ""nerve"", ""retina""]",114,11370
OXA1L,True,0.8,1.0,0.8619921083110365,0.9054980270777591,FULL_ANCHOR,1.0,OK,False,0.0,True,3,"[""eye"", ""nerve"", ""retina""]",114,11370
DNM2,True,0.8,1.0,0.8133199664660653,0.8933299916165163,FULL_ANCHOR,1.0,OK,False,0.0,True,3,"[""eye"", ""nerve"", ""retina""]",114,11370
ITGAV,True,0.8,1.0,0.7791219026162328,0.8847804756540582,FULL_ANCHOR,1.0,OK,False,0.0,True,3,"[""eye"", ""nerve"", ""retina""]",114,11370
ERCC6,True,1.0,0.8,0.8566833673148253,0.8741708418287064,FULL_ANCHOR,1.0,OK,True,2.1,False,0,"[""eye"", ""nerve"", ""retina""]",114,11370
EP300,True,0.8,0.8333333333333333,0.9985448530008877,0.8646362132502219,FULL_ANCHOR,1.0,OK,False,0.0,True,2,"[""eye"", ""nerve"", ""retina""]",114,11370
ITGB1,True,0.8,0.8333333333333333,0.980470232430334,0.8601175581075835,FULL_ANCHOR,1.0,OK,False,0.0,True,2,"[""eye"", ""nerve"", ""retina""]",114,11370
ACO2,True,0.8,0.8333333333333333,0.9681917457028768,0.8570479364257192,FULL_ANCHOR,1.0,OK,False,0.0,True,2,"[""eye"", ""nerve"", ""retina""]",114,11370
CDCA8,True,0.8,0.8333333333333333,0.9649298426855952,0.8562324606713988,FULL_ANCHOR,1.0,OK,False,0.0,True,2,"[""eye"", ""nerve"", ""retina""]",114,11370
SOD2,True,0.8,0.8333333333333333,0.9622124293607981,0.8555531073401995,FULL_ANCHOR,1.0,OK,False,0.0,True,2,"[""eye"", ""nerve"", ""retina""]",114,11370
ESR1,True,0.8,0.8,0.9991189238802225,0.8497797309700557,FULL_ANCHOR,1.0,OK,False,0.0,False,0,"[""eye"", ""nerve"", ""retina""]",114,11370
CDH1,True,0.8,0.8,0.9970016160103978,0.8492504040025995,FULL_ANCHOR,1.0,OK,False,0.0,False,0,"[""eye"", ""nerve"", ""retina""]",114,11370
CALML3,True,0.8,0.8,0.996680536830994,0.8491701342077486,FULL_ANCHOR,1.0,OK,False,0.0,False,0,"[""eye"", ""nerve"", ""retina""]",114,11370
IGF1,True,0.8,0.8,0.9919957090241605,0.8479989272560402,FULL_ANCHOR,1.0,OK,False,0.0,False,0,"[""eye"", ""nerve"", ""retina""]",114,11370
U2AF2,True,0.56,1.0,0.9111844206894211,0.8457961051723553,FULL_ANCHOR,1.0,OK,False,0.0,True,3,"[""eye"", ""nerve"", ""retina""]",114,11370
PXDNL,True,0.8,0.8,0.9746893776554997,0.843672344413875,FULL_ANCHOR,1.0,OK,False,0.0,False,0,"[""eye"", ""nerve"", ""retina""]",114,11370
MRPS6,True,0.56,1.0,0.8961500060415547,0.8420375015103887,FULL_ANCHOR,1.0,OK,False,0.0,True,3,"[""eye"", ""nerve"", ""retina""]",114,11370
HNRNPM,True,0.56,1.0,0.8886633365052363,0.8401658341263091,FULL_ANCHOR,1.0,OK,False,0.0,True,3,"[""eye"", ""nerve"", ""retina""]",114,11370
CAPZB,True,0.8,0.8333333333333333,0.8914488162190555,0.8378622040547639,FULL_ANCHOR,1.0,OK,False,0.0,True,2,"[""eye"", ""nerve"", ""retina""]",114,11370
NTRK1,True,0.8,0.8,0.9319764105529846,0.8329941026382462,FULL_ANCHOR,1.0,OK,False,0.0,False,0,"[""eye"", ""nerve"", ""retina""]",114,11370
NSF,True,0.8,0.8333333333333333,0.8643927516010618,0.8310981879002655,FULL_ANCHOR,1.0,OK,False,0.0,True,2,"[""eye"", ""nerve"", ""retina""]",114,11370
RUVBL1,True,0.44,1.0,0.9806998373477716,0.827174959336943,FULL_ANCHOR,1.0,OK,False,0.0,True,3,"[""eye"", ""nerve"", ""retina""]",114,11370
CLTCL1,True,0.8,0.8333333333333333,0.8413386400937436,0.8253346600234359,FULL_ANCHOR,1.0,OK,False,0.0,True,2,"[""eye"", ""nerve"", ""retina""]",114,11370
TBCD,True,1.0,0.8333333333333333,0.5948275135194933,0.8237068783798733,FULL_ANCHOR,1.0,OK,True,2.1,True,2,"[""eye"", ""nerve"", ""retina""]",114,11370
DENR,True,0.8,0.8333333333333333,0.8305304683455703,0.8226326170863926,FULL_ANCHOR,1.0,OK,False,0.0,True,2,"[""eye"", ""nerve"", ""retina""]",114,11370
PTK2,True,0.6799999999999999,0.8333333333333333,0.9409863193252792,0.8142465798313198,FULL_ANCHOR,1.0,OK,False,0.0,True,2,"[""eye"", ""nerve"", ""retina""]",114,11370
SAMM50,True,0.8,0.8333333333333333,0.7969713210910645,0.8142428302727661,FULL_ANCHOR,1.0,OK,False,0.0,True,2,"[""eye"", ""nerve"", ""retina""]",114,11370
SNW1,True,0.44,1.0,0.9277681544630176,0.8139420386157545,FULL_ANCHOR,1.0,OK,False,0.0,True,3,"[""eye"", ""nerve"", ""retina""]",114,11370
HMGB1,True,0.44,1.0,0.8890189861656994,0.8042547465414249,FULL_ANCHOR,1.0,OK,False,0.0,True,3,"[""eye"", ""nerve"", ""retina""]",114,11370
JUP,True,0.6799999999999999,0.8333333333333333,0.896054332776228,0.803013583194057,FULL_ANCHOR,1.0,OK,False,0.0,True,2,"[""eye"", ""nerve"", ""retina""]",114,11370
TLN1,True,0.6799999999999999,0.8333333333333333,0.8954670521453916,0.8028667630363479,FULL_ANCHOR,1.0,OK,False,0.0,True,2,"[""eye"", ""nerve"", ""retina""]",114,11370
TNFRSF11A,True,1.0,0.8,0.5663324291784246,0.8015831072946062,FULL_ANCHOR,1.0,OK,True,2.1,False,0,"[""eye"", ""nerve"", ""retina""]",114,11370
PSMD12,True,0.44,1.0,0.8773560817948068,0.8013390204487018,FULL_ANCHOR,1.0,OK,False,0.0,True,3,"[""eye"", ""nerve"", ""retina""]",114,11370
MTPAP,True,1.0,0.8333333333333333,0.49815443842819873,0.7995386096070497,FULL_ANCHOR,1.0,OK,True,2.1,True,2,"[""eye"", ""nerve"", ""retina""]",114,11370
CDC16,True,0.44,1.0,0.8668263269873381,0.7987065817468346,FULL_ANCHOR,1.0,OK,False,0.0,True,3,"[""eye"", ""nerve"", ""retina""]",114,11370
PRKCG,True,0.8,0.8,0.7868696315476873,0.7967174078869219,FULL_ANCHOR,1.0,OK,False,0.0,False,0,"[""eye"", ""nerve"", ""retina""]",114,11370
GPS1,True,0.56,1.0,0.7122540313242252,0.7960635078310563,FULL_ANCHOR,1.0,OK,False,0.0,True,3,"[""eye"", ""nerve"", ""retina""]",114,11370
PSMD3,True,0.44,1.0,0.8561914889764697,0.7960478722441175,FULL_ANCHOR,1.0,OK,False,0.0,True,3,"[""eye"", ""nerve"", ""retina""]",114,11370
CDH17,True,0.6799999999999999,0.8,0.924854284273206,0.7952135710683016,FULL_ANCHOR,1.0,OK,False,0.0,False,0,"[""eye"", ""nerve"", ""retina""]",114,11370
SOX5,True,1.0,0.8,0.5249268083251997,0.7912317020813,FULL_ANCHOR,1.0,OK,True,2.1,False,0,"[""eye"", ""nerve"", ""retina""]",114,11370
GTF2H4,True,0.6799999999999999,0.8333333333333333,0.8452230474653959,0.7903057618663489,FULL_ANCHOR,1.0,OK,False,0.0,True,2,"[""eye"", ""nerve"", ""retina""]",114,11370
AKT1,True,0.8,0.6666666666666666,0.9998453853300124,0.7899613463325031,FULL_ANCHOR,1.0,OK,False,0.0,True,1,"[""eye"", ""nerve"", ""retina""]",114,11370
APP,True,0.8,0.6666666666666666,0.9968467286158962,0.7892116821539741,FULL_ANCHOR,1.0,OK,False,0.0,True,1,"[""eye"", ""nerve"", ""retina""]",114,11370
SCN1A,True,0.8,0.8,0.7524955395293016,0.7881238848823255,FULL_ANCHOR,1.0,OK,False,0.0,False,0,"[""eye"", ""nerve"", ""retina""]",114,11370
PARP1,True,0.8,0.6666666666666666,0.9877227536806279,0.786930688420157,FULL_ANCHOR,1.0,OK,False,0.0,True,1,"[""eye"", ""nerve"", ""retina""]",114,11370
RPGRIP1L,True,0.8,0.8,0.7470500124339117,0.786762503108478,FULL_ANCHOR,1.0,OK,False,0.0,False,0,"[""eye"", ""nerve"", ""retina""]",114,11370
DHX15,True,0.32,1.0,0.9627340675940017,0.7866835168985005,FULL_ANCHOR,1.0,OK,False,0.0,True,3,"[""eye"", ""nerve"", ""retina""]",114,11370
SQSTM1,True,0.8,0.6666666666666666,0.9821662336309359,0.785541558407734,FULL_ANCHOR,1.0,OK,False,0.0,True,1,"[""eye"", ""nerve"", ""retina""]",114,11370
MAPT,True,0.8,0.6666666666666666,0.9794384410847516,0.784859610271188,FULL_ANCHOR,1.0,OK,False,0.0,True,1,"[""eye"", ""nerve"", ""retina""]",114,11370
ERBB4,True,0.6799999999999999,0.8,0.8797260158425154,0.7839315039606289,FULL_ANCHOR,1.0,OK,False,0.0,False,0,"[""eye"", ""nerve"", ""retina""]",114,11370
ABL1,True,0.8,0.6666666666666666,0.9755417289920576,0.7838854322480144,FULL_ANCHOR,1.0,OK,False,0.0,True,1,"[""eye"", ""nerve"", ""retina""]",114,11370
CANX,True,0.8,0.6666666666666666,0.9686386916694192,0.7821596729173548,FULL_ANCHOR,1.0,OK,False,0.0,True,1,"[""eye"", ""nerve"", ""retina""]",114,11370
H6PD,True,0.8,0.6666666666666666,0.9646311629060573,0.7811577907265144,FULL_ANCHOR,1.0,OK,False,0.0,True,1,"[""eye"", ""nerve"", ""retina""]",114,11370
ATXN1,True,1.0,0.6666666666666666,0.7218981716826527,0.7804745429206632,FULL_ANCHOR,1.0,OK,True,2.1,True,1,"[""eye"", ""nerve"", ""retina""]",114,11370
CDH2,True,0.8,0.6666666666666666,0.9580294844206287,0.7795073711051572,FULL_ANCHOR,1.0,OK,False,0.0,True,1,"[""eye"", ""nerve"", ""retina""]",114,11370
PRKN,True,0.8,0.6666666666666666,0.9558730446847487,0.7789682611711872,FULL_ANCHOR,1.0,OK,False,0.0,True,1,"[""eye"", ""nerve"", ""retina""]",114,11370
NT5E,True,0.8,0.6666666666666666,0.944819861617286,0.7762049654043215,FULL_ANCHOR,1.0,OK,False,0.0,True,1,"[""eye"", ""nerve"", ""retina""]",114,11370
COL4A1,True,1.0,0.6666666666666666,0.6977527551344422,0.7744381887836105,FULL_ANCHOR,1.0,OK,True,2.1,True,1,"[""eye"", ""nerve"", ""retina""]",114,11370
BAIAP2,True,0.6799999999999999,0.8333333333333333,0.780750072555873,0.7741875181389682,FULL_ANCHOR,1.0,OK,False,0.0,True,2,"[""eye"", ""nerve"", ""retina""]",114,11370
SUCLG1,True,0.8,0.6666666666666666,0.9366187885297831,0.7741546971324458,FULL_ANCHOR,1.0,OK,False,0.0,True,1,"[""eye"", ""nerve"", ""retina""]",114,11370
GALC,True,1.0,0.6666666666666666,0.6846941562645247,0.7711735390661312,FULL_ANCHOR,1.0,OK,True,2.1,True,1,"[""eye"", ""nerve"", ""retina""]",114,11370
MYH9,True,0.8,0.6666666666666666,0.9243671776156339,0.7710917944039085,FULL_ANCHOR,1.0,OK,False,0.0,True,1,"[""eye"", ""nerve"", ""retina""]",114,11370
RUNX1,True,0.56,0.8,0.9709227428817342,0.7707306857204336,FULL_ANCHOR,1.0,OK,False,0.0,False,0,"[""eye"", ""nerve"", ""retina""]",114,11370
ITSN1,True,0.56,0.8333333333333333,0.905162092622942,0.7692905231557355,FULL_ANCHOR,1.0,OK,False,0.0,True,2,"[""eye"", ""nerve"", ""retina""]",114,11370
MSH2,True,0.8,0.6666666666666666,0.9159926994791205,0.7689981748697802,FULL_ANCHOR,1.0,OK,False,0.0,True,1,"[""eye"", ""nerve"", ""retina""]",114,11370
NRXN1,True,0.8,0.6666666666666666,0.9149728168216401,0.7687432042054101,FULL_ANCHOR,1.0,OK,False,0.0,True,1,"[""eye"", ""nerve"", ""retina""]",114,11370
COX4I1,True,0.8,0.6666666666666666,0.8972423446641891,0.7643105861660473,FULL_ANCHOR,1.0,OK,False,0.0,True,1,"[""eye"", ""nerve"", ""retina""]",114,11370
KCNQ2,True,0.8,0.6666666666666666,0.8837912613852674,0.760947815346317,FULL_ANCHOR,1.0,OK,False,0.0,True,1,"[""eye"", ""nerve"", ""retina""]",114,11370
SNAI1,True,0.56,0.8,0.9290723586459128,0.7602680896614782,FULL_ANCHOR,1.0,OK,False,0.0,False,0,"[""eye"", ""nerve"", ""retina""]",114,11370
DLAT,True,0.8,0.6666666666666666,0.8760518666849555,0.7590129666712389,FULL_ANCHOR,1.0,OK,False,0.0,True,1,"[""eye"", ""nerve"", ""retina""]",114,11370
CTR9,True,0.6799999999999999,0.8333333333333333,0.7189191379780979,0.7587297844945244,FULL_ANCHOR,1.0,OK,False,0.0,True,2,"[""eye"", ""nerve"", ""retina""]",114,11370
AGRN,True,0.8,0.6666666666666666,0.8630181078416539,0.7557545269604136,FULL_ANCHOR,1.0,OK,False,0.0,True,1,"[""eye"", ""nerve"", ""retina""]",114,11370
IREB2,True,0.8,0.6666666666666666,0.8615589919867687,0.7553897479966922,FULL_ANCHOR,1.0,OK,False,0.0,True,1,"[""eye"", ""nerve"", ""retina""]",114,11370
ITGA2B,True,0.56,0.8,0.9091733493770631,0.7552933373442658,FULL_ANCHOR,1.0,OK,False,0.0,False,0,"[""eye"", ""nerve"", ""retina""]",114,11370
RAD51B,True,0.6799999999999999,0.8,0.7647139987303844,0.7551784996825961,FULL_ANCHOR,1.0,OK,False,0.0,False,0,"[""eye"", ""nerve"", ""retina""]",114,11370
PUS1,True,0.6799999999999999,0.8,0.759606226902405,0.7539015567256013,FULL_ANCHOR,1.0,OK,False,0.0,False,0,"[""eye"", ""nerve"", ""retina""]",114,11370
NFATC1,True,0.6799999999999999,0.8,0.7537600879389492,0.7524400219847374,FULL_ANCHOR,1.0,OK,False,0.0,False,0,"[""eye"", ""nerve"", ""retina""]",114,11370
CRPPA,True,0.8,0.8,0.6086610518801875,0.7521652629700469,FULL_ANCHOR,1.0,OK,False,0.0,False,0,"[""eye"", ""nerve"", ""retina""]",114,11370
TCEA1,True,0.8,0.6666666666666666,0.8468912540150314,0.7517228135037579,FULL_ANCHOR,1.0,OK,False,0.0,True,1,"[""eye"", ""nerve"", ""retina""]",114,11370
CDC34,True,0.56,0.8333333333333333,0.8284129409366414,0.7501032352341603,FULL_ANCHOR,1.0,OK,False,0.0,True,2,"[""eye"", ""nerve"", ""retina""]",114,11370
FDX1,True,0.8,0.6666666666666666,0.8357252636634784,0.7489313159158697,FULL_ANCHOR,1.0,OK,False,0.0,True,1,"[""eye"", ""nerve"", ""retina""]",114,11370
SCN2A,True,0.6799999999999999,0.8,0.7389485708598079,0.7487371427149521,FULL_ANCHOR,1.0,OK,False,0.0,False,0,"[""eye"", ""nerve"", ""retina""]",114,11370
TFIP11,True,0.32,1.0,0.8091599000230334,0.7482899750057583,FULL_ANCHOR,1.0,OK,False,0.0,True,3,"[""eye"", ""nerve"", ""retina""]",114,11370
MRPS34,True,0.32,1.0,0.8017766744339281,0.7464441686084821,FULL_ANCHOR,1.0,OK,False,0.0,True,3,"[""eye"", ""nerve"", ""retina""]",114,11370
ALK,True,0.56,0.8,0.871189998204986,0.7457974995512465,FULL_ANCHOR,1.0,OK,False,0.0,False,0,"[""eye"", ""nerve"", ""retina""]",114,11370
TXNRD2,True,0.8,0.6666666666666666,0.8201054389596574,0.7450263597399144,FULL_ANCHOR,1.0,OK,False,0.0,True,1,"[""eye"", ""nerve"", ""retina""]",114,11370
KDM6B,True,0.6799999999999999,0.6666666666666666,0.9635540953133449,0.7448885238283363,FULL_ANCHOR,1.0,OK,False,0.0,True,1,"[""eye"", ""nerve"", ""retina""]",114,11370
KAT2B,True,0.6799999999999999,0.6666666666666666,0.9630179195623514,0.7447544798905879,FULL_ANCHOR,1.0,OK,False,0.0,True,1,"[""eye"", ""nerve"", ""retina""]",114,11370
CACNA1A,True,0.8,0.6666666666666666,0.8126421611902475,0.7431605402975618,FULL_ANCHOR,1.0,OK,False,0.0,True,1,"[""eye"", ""nerve"", ""retina""]",114,11370
PPP2R1A,True,0.44,0.8333333333333333,0.9425139665504662,0.7426284916376166,FULL_ANCHOR,1.0,OK,False,0.0,True,2,"[""eye"", ""nerve"", ""retina""]",114,11370
ECHS1,True,0.8,0.6666666666666666,0.8077680118655383,0.7419420029663846,FULL_ANCHOR,1.0,OK,False,0.0,True,1,"[""eye"", ""nerve"", ""retina""]",114,11370
CRKL,True,0.56,0.8333333333333333,0.7920529751278266,0.7410132437819567,FULL_ANCHOR,1.0,OK,False,0.0,True,2,"[""eye"", ""nerve"", ""retina""]",114,11370
CYFIP1,True,0.56,0.8333333333333333,0.7913370121030684,0.7408342530257671,FULL_ANCHOR,1.0,OK,False,0.0,True,2,"[""eye"", ""nerve"", ""retina""]",114,11370
PRMT5,True,0.44,0.8333333333333333,0.9335659142200988,0.7403914785550247,FULL_ANCHOR,1.0,OK,False,0.0,True,2,"[""eye"", ""nerve"", ""retina""]",114,11370
SIN3A,True,0.44,0.8333333333333333,0.9330096346467742,0.7402524086616935,FULL_ANCHOR,1.0,OK,False,0.0,True,2,"[""eye"", ""nerve"", ""retina""]",114,11370
MMP2,True,0.6799999999999999,0.6666666666666666,0.9442776265203046,0.7400694066300761,FULL_ANCHOR,1.0,OK,False,0.0,True,1,"[""eye"", ""nerve"", ""retina""]",114,11370
ANK3,True,0.6799999999999999,0.6666666666666666,0.9433043344838123,0.7398260836209531,FULL_ANCHOR,1.0,OK,False,0.0,True,1,"[""eye"", ""nerve"", ""retina""]",114,11370
PMS2,True,0.8,0.6666666666666666,0.7982179539695882,0.739554488492397,FULL_ANCHOR,1.0,OK,False,0.0,True,1,"[""eye"", ""nerve"", ""retina""]",114,11370
SKIC8,True,0.56,0.8333333333333333,0.7847479409868756,0.739186985246719,FULL_ANCHOR,1.0,OK,False,0.0,True,2,"[""eye"", ""nerve"", ""retina""]",114,11370
RAC2,True,0.6799999999999999,0.6666666666666666,0.9399567125707413,0.7389891781426854,FULL_ANCHOR,1.0,OK,False,0.0,True,1,"[""eye"", ""nerve"", ""retina""]",114,11370
RAD21,True,0.44,0.8333333333333333,0.9177265943926753,0.7364316485981688,FULL_ANCHOR,1.0,OK,False,0.0,True,2,"[""eye"", ""nerve"", ""retina""]",114,11370
SYNE1,True,0.8,0.6666666666666666,0.7830767027352703,0.7357691756838176,FULL_ANCHOR,1.0,OK,False,0.0,True,1,"[""eye"", ""nerve"", ""retina""]",114,11370
NDUFB9,True,0.56,0.8333333333333333,0.7668788413171976,0.7347197103292995,FULL_ANCHOR,1.0,OK,False,0.0,True,2,"[""eye"", ""nerve"", ""retina""]",114,11370
SRF,True,0.56,0.8333333333333333,0.7653132040637034,0.7343283010159258,FULL_ANCHOR,1.0,OK,False,0.0,True,2,"[""eye"", ""nerve"", ""retina""]",114,11370
PHF5A,True,0.32,1.0,0.7507483278122897,0.7336870819530725,FULL_ANCHOR,1.0,OK,False,0.0,True,3,"[""eye"", ""nerve"", ""retina""]",114,11370
HSD17B4,True,0.8,0.6666666666666666,0.7659801373607751,0.7314950343401938,FULL_ANCHOR,1.0,OK,False,0.0,True,1,"[""eye"", ""nerve"", ""retina""]",114,11370
MED6,True,0.32,1.0,0.7379299398761142,0.7304824849690286,FULL_ANCHOR,1.0,OK,False,0.0,True,3,"[""eye"", ""nerve"", ""retina""]",114,11370
COL5A2,True,0.6799999999999999,0.8,0.6638499902750012,0.7299624975687504,FULL_ANCHOR,1.0,OK,False,0.0,False,0,"[""eye"", ""nerve"", ""retina""]",114,11370
LARGE2,True,0.8,0.8,0.5167189338289895,0.7291797334572474,FULL_ANCHOR,1.0,OK,False,0.0,False,0,"[""eye"", ""nerve"", ""retina""]",114,11370
YME1L1,True,0.8,0.6666666666666666,0.7489289208162698,0.7272322302040675,FULL_ANCHOR,1.0,OK,False,0.0,True,1,"[""eye"", ""nerve"", ""retina""]",114,11370
REV3L,True,0.56,0.8333333333333333,0.73032960634116,0.7255824015852901,FULL_ANCHOR,1.0,OK,False,0.0,True,2,"[""eye"", ""nerve"", ""retina""]",114,11370
CDH23,True,0.8,0.6666666666666666,0.735866883744028,0.723966720936007,FULL_ANCHOR,1.0,OK,False,0.0,True,1,"[""eye"", ""nerve"", ""retina""]",114,11370
MTFMT,True,0.56,0.8,0.7782605950894939,0.7225651487723734,FULL_ANCHOR,1.0,OK,False,0.0,False,0,"[""eye"", ""nerve"", ""retina""]",114,11370
RPS27L,True,0.44,0.8333333333333333,0.8607842254964552,0.7221960563741138,FULL_ANCHOR,1.0,OK,False,0.0,True,2,"[""eye"", ""nerve"", ""retina""]",114,11370
PDHX,True,0.8,0.6666666666666666,0.7249331935475067,0.7212332983868768,FULL_ANCHOR,1.0,OK,False,0.0,True,1,"[""eye"", ""nerve"", ""retina""]",114,11370
USP14,True,0.44,0.8333333333333333,0.85667832017673,0.7211695800441825,FULL_ANCHOR,1.0,OK,False,0.0,True,2,"[""eye"", ""nerve"", ""retina""]",114,11370
WWP2,True,0.6799999999999999,0.6666666666666666,0.8642755466958183,0.7200688866739546,FULL_ANCHOR,1.0,OK,False,0.0,True,1,"[""eye"", ""nerve"", ""retina""]",114,11370
TIMM23,True,0.8,0.8333333333333333,0.4187812838091116,0.7196953209522778,FULL_ANCHOR,1.0,OK,False,0.0,True,2,"[""eye"", ""nerve"", ""retina""]",114,11370
CACNA1C,True,0.44,0.8,0.9041798142303648,0.7180449535575912,FULL_ANCHOR,1.0,OK,False,0.0,False,0,"[""eye"", ""nerve"", ""retina""]",114,11370
POLRMT,True,0.56,0.8333333333333333,0.6989207606341497,0.7177301901585375,FULL_ANCHOR,1.0,OK,False,0.0,True,2,"[""eye"", ""nerve"", ""retina""]",114,11370
CTSK,True,0.8,0.6666666666666666,0.7094411170089863,0.7173602792522467,FULL_ANCHOR,1.0,OK,False,0.0,True,1,"[""eye"", ""nerve"", ""retina""]",114,11370
CSNK1A1,True,0.44,0.8333333333333333,0.8412799812975369,0.7173199953243843,FULL_ANCHOR,1.0,OK,False,0.0,True,2,"[""eye"", ""nerve"", ""retina""]",114,11370
RERE,True,1.0,0.6666666666666666,0.4651814027180423,0.7162953506795106,FULL_ANCHOR,1.0,OK,True,2.1,True,1,"[""eye"", ""nerve"", ""retina""]",114,11370
TRAPPC8,True,0.6799999999999999,0.8333333333333333,0.5477985380668896,0.7159496345167223,FULL_ANCHOR,1.0,OK,False,0.0,True,2,"[""eye"", ""nerve"", ""retina""]",114,11370
CDK12,True,0.8,0.6666666666666666,0.7037846771968717,0.715946169299218,FULL_ANCHOR,1.0,OK,False,0.0,True,1,"[""eye"", ""nerve"", ""retina""]",114,11370
IMPDH1,True,0.8,0.6666666666666666,0.7037200756310329,0.7159300189077582,FULL_ANCHOR,1.0,OK,False,0.0,True,1,"[""eye"", ""nerve"", ""retina""]",114,11370
LARGE1,True,1.0,0.6666666666666666,0.45951228153456386,0.7148780703836409,FULL_ANCHOR,1.0,OK,True,2.1,True,1,"[""eye"", ""nerve"", ""retina""]",114,11370
PLCG2,True,0.44,0.8,0.8908376139936212,0.7147094034984054,FULL_ANCHOR,1.0,OK,False,0.0,False,0,"[""eye"", ""nerve"", ""retina""]",114,11370
POLR2A,True,0.56,0.6666666666666666,0.9804317006196526,0.7131079251549131,FULL_ANCHOR,1.0,OK,False,0.0,True,1,"[""eye"", ""nerve"", ""retina""]",114,11370
UTRN,True,0.8,0.6666666666666666,0.6921898573021805,0.7130474643255451,FULL_ANCHOR,1.0,OK,False,0.0,True,1,"[""eye"", ""nerve"", ""retina""]",114,11370
ITGA1,True,0.56,0.8,0.7395724817096015,0.7128931204274004,FULL_ANCHOR,1.0,OK,False,0.0,False,0,"[""eye"", ""nerve"", ""retina""]",114,11370
FZR1,True,0.44,0.8333333333333333,0.8219874441179711,0.7124968610294928,FULL_ANCHOR,1.0,OK,False,0.0,True,2,"[""eye"", ""nerve"", ""retina""]",114,11370
HNF1A,True,0.56,0.8,0.7379151321882431,0.7124787830470608,FULL_ANCHOR,1.0,OK,False,0.0,False,0,"[""eye"", ""nerve"", ""retina""]",114,11370
PDIA3,True,0.6799999999999999,0.6666666666666666,0.8330917853306665,0.7122729463326667,FULL_ANCHOR,1.0,OK,False,0.0,True,1,"[""eye"", ""nerve"", ""retina""]",114,11370
EYS,True,0.8,0.6666666666666666,0.6886939181676454,0.7121734795419113,FULL_ANCHOR,1.0,OK,False,0.0,True,1,"[""eye"", ""nerve"", ""retina""]",114,11370
SPATA7,True,1.0,0.6666666666666666,0.44326100675715685,0.7108152516892892,FULL_ANCHOR,1.0,OK,True,2.1,True,1,"[""eye"", ""nerve"", ""retina""]",114,11370
PLEK,True,0.56,0.6666666666666666,0.9661445263070771,0.7095361315767692,FULL_ANCHOR,1.0,OK,False,0.0,True,1,"[""eye"", ""nerve"", ""retina""]",114,11370
NUP133,True,0.44,0.8333333333333333,0.8090211686851245,0.7092552921712811,FULL_ANCHOR,1.0,OK,False,0.0,True,2,"[""eye"", ""nerve"", ""retina""]",114,11370
CDA,True,0.56,0.8,0.724462955396725,0.7091157388491813,FULL_ANCHOR,1.0,OK,False,0.0,False,0,"[""eye"", ""nerve"", ""retina""]",114,11370
NBR1,True,0.6799999999999999,0.6666666666666666,0.8201957643663896,0.7090489410915974,FULL_ANCHOR,1.0,OK,False,0.0,True,1,"[""eye"", ""nerve"", ""retina""]",114,11370
PRKCA,True,0.56,0.6666666666666666,0.9590642190264153,0.7077660547566038,FULL_ANCHOR,1.0,OK,False,0.0,True,1,"[""eye"", ""nerve"", ""retina""]",114,11370
KIF11,True,0.56,0.6666666666666666,0.9561329427582689,0.7070332356895672,FULL_ANCHOR,1.0,OK,False,0.0,True,1,"[""eye"", ""nerve"", ""retina""]",114,11370
ALDH3A2,True,0.6799999999999999,0.6666666666666666,0.8106323263246216,0.7066580815811554,FULL_ANCHOR,1.0,OK,False,0.0,True,1,"[""eye"", ""nerve"", ""retina""]",114,11370
SYK,True,0.56,0.6666666666666666,0.9546151971759875,0.7066537992939969,FULL_ANCHOR,1.0,OK,False,0.0,True,1,"[""eye"", ""nerve"", ""retina""]",114,11370
GDNF,True,0.44,0.8,0.8562515908191384,0.7060628977047847,FULL_ANCHOR,1.0,OK,False,0.0,False,0,"[""eye"", ""nerve"", ""retina""]",114,11370
ITGB2,True,0.32,0.8333333333333333,0.9401173216048372,0.7060293304012093,FULL_ANCHOR,1.0,OK,False,0.0,True,2,"[""eye"", ""nerve"", ""retina""]",114,11370
ATAD1,True,0.8,0.6666666666666666,0.662448073742808,0.705612018435702,FULL_ANCHOR,1.0,OK,False,0.0,True,1,"[""eye"", ""nerve"", ""retina""]",114,11370
GRIN2A,True,0.44,0.8,0.854379883092615,0.7055949707731538,FULL_ANCHOR,1.0,OK,False,0.0,False,0,"[""eye"", ""nerve"", ""retina""]",114,11370
IGF1R,True,0.56,0.6666666666666666,0.9498600830472996,0.7054650207618249,FULL_ANCHOR,1.0,OK,False,0.0,True,1,"[""eye"", ""nerve"", ""retina""]",114,11370
TCF7,True,0.44,0.8,0.8533520021906094,0.7053380005476524,FULL_ANCHOR,1.0,OK,False,0.0,False,0,"[""eye"", ""nerve"", ""retina""]",114,11370
TIMM44,True,0.6799999999999999,0.8333333333333333,0.5052480354449634,0.7053120088612408,FULL_ANCHOR,1.0,OK,False,0.0,True,2,"[""eye"", ""nerve"", ""retina""]",114,11370
AXIN2,True,0.44,0.8,0.8478753225378839,0.703968830634471,FULL_ANCHOR,1.0,OK,False,0.0,False,0,"[""eye"", ""nerve"", ""retina""]",114,11370
MED15,True,0.44,0.8333333333333333,0.7850783648788902,0.7032695912197225,FULL_ANCHOR,1.0,OK,False,0.0,True,2,"[""eye"", ""nerve"", ""retina""]",114,11370
TCF7L2,True,0.44,0.8,0.8437113038847758,0.702927825971194,FULL_ANCHOR,1.0,OK,False,0.0,False,0,"[""eye"", ""nerve"", ""retina""]",114,11370
RBFOX3,True,0.6799999999999999,0.6666666666666666,0.7936326795287362,0.702408169882184,FULL_ANCHOR,1.0,OK,False,0.0,True,1,"[""eye"", ""nerve"", ""retina""]",114,11370
NRG1,True,0.8,0.6666666666666666,0.6496061344812629,0.7024015336203158,FULL_ANCHOR,1.0,OK,False,0.0,True,1,"[""eye"", ""nerve"", ""retina""]",114,11370
RB1,True,0.56,0.6666666666666666,0.9343803092198091,0.7015950773049522,FULL_ANCHOR,1.0,OK,False,0.0,True,1,"[""eye"", ""nerve"", ""retina""]",114,11370
WHRN,True,0.8,0.6666666666666666,0.645389866671586,0.7013474666678965,FULL_ANCHOR,1.0,OK,False,0.0,True,1,"[""eye"", ""nerve"", ""retina""]",114,11370
GLB1,True,0.56,0.8333333333333333,0.632487633702471,0.7011219084256177,FULL_ANCHOR,1.0,OK,False,0.0,True,2,"[""eye"", ""nerve"", ""retina""]",114,11370
SCFD1,True,0.44,0.8333333333333333,0.7747760842633431,0.7006940210658358,FULL_ANCHOR,1.0,OK,False,0.0,True,2,"[""eye"", ""nerve"", ""retina""]",114,11370
UBE2L3,True,0.13333333333333333,1.0,0.8410868433110565,0.7002717108277641,FULL_ANCHOR,1.0,OK,False,0.0,True,3,"[""eye"", ""nerve"", ""retina""]",114,11370
SOCS1,True,0.44,0.8,0.8326343216959151,0.7001585804239788,FULL_ANCHOR,1.0,OK,False,0.0,False,0,"[""eye"", ""nerve"", ""retina""]",114,11370
TLN2,True,0.6799999999999999,0.6666666666666666,0.7840996862087511,0.7000249215521878,FULL_ANCHOR,1.0,OK,False,0.0,True,1,"[""eye"", ""nerve"", ""retina""]",114,11370
LARS1,True,0.44,0.8333333333333333,0.7683939579440744,0.6990984894860186,FULL_ANCHOR,1.0,OK,False,0.0,True,2,"[""eye"", ""nerve"", ""retina""]",114,11370
SUCLA2,True,0.6799999999999999,0.6666666666666666,0.7802059793920023,0.6990514948480006,FULL_ANCHOR,1.0,OK,False,0.0,True,1,"[""eye"", ""nerve"", ""retina""]",114,11370
GLIS3,True,0.56,0.8,0.6822675406384906,0.6985668851596227,FULL_ANCHOR,1.0,OK,False,0.0,False,0,"[""eye"", ""nerve"", ""retina""]",114,11370
RUNX3,True,0.44,0.8,0.823791011049725,0.6979477527624313,FULL_ANCHOR,1.0,OK,False,0.0,False,0,"[""eye"", ""nerve"", ""retina""]",114,11370
IL2RA,True,0.44,0.8,0.8202950985471984,0.6970737746367996,FULL_ANCHOR,1.0,OK,False,0.0,False,0,"[""eye"", ""nerve"", ""retina""]",114,11370
PPP2R2B,True,0.6799999999999999,0.6666666666666666,0.7695993252778435,0.6963998313194608,FULL_ANCHOR,1.0,OK,False,0.0,True,1,"[""eye"", ""nerve"", ""retina""]",114,11370
DHODH,True,0.56,0.8,0.6723442263867351,0.6960860565966838,FULL_ANCHOR,1.0,OK,False,0.0,False,0,"[""eye"", ""nerve"", ""retina""]",114,11370
COL5A1,True,0.56,0.8,0.6719039079228363,0.6959759769807091,FULL_ANCHOR,1.0,OK,False,0.0,False,0,"[""eye"", ""nerve"", ""retina""]",114,11370
COMMD7,True,0.44,0.8333333333333333,0.7529354108211914,0.6952338527052979,FULL_ANCHOR,1.0,OK,False,0.0,True,2,"[""eye"", ""nerve"", ""retina""]",114,11370
XRN2,True,0.32,0.8333333333333333,0.8917483662346263,0.6939370915586566,FULL_ANCHOR,1.0,OK,False,0.0,True,2,"[""eye"", ""nerve"", ""retina""]",114,11370
RPTOR,True,0.56,0.6666666666666666,0.9017194536404747,0.6934298634101186,FULL_ANCHOR,1.0,OK,False,0.0,True,1,"[""eye"", ""nerve"", ""retina""]",114,11370
ASCC3,True,0.6799999999999999,0.6666666666666666,0.7567317786938021,0.6931829446734505,FULL_ANCHOR,1.0,OK,False,0.0,True,1,"[""eye"", ""nerve"", ""retina""]",114,11370
ITGA6,True,0.6799999999999999,0.6666666666666666,0.750190594975967,0.6915476487439918,FULL_ANCHOR,1.0,OK,False,0.0,True,1,"[""eye"", ""nerve"", ""retina""]",114,11370
CCNB2,True,0.56,0.6666666666666666,0.8938864020055076,0.6914716005013769,FULL_ANCHOR,1.0,OK,False,0.0,True,1,"[""eye"", ""nerve"", ""retina""]",114,11370
DAAM1,True,0.56,0.8333333333333333,0.5936349949270666,0.6914087487317667,FULL_ANCHOR,1.0,OK,False,0.0,True,2,"[""eye"", ""nerve"", ""retina""]",114,11370
CCNE1,True,0.32,0.8,0.9381103405796366,0.6905275851449092,FULL_ANCHOR,1.0,OK,False,0.0,False,0,"[""eye"", ""nerve"", ""retina""]",114,11370
FOXP1,True,0.56,0.8,0.6493571149658932,0.6903392787414733,FULL_ANCHOR,1.0,OK,False,0.0,False,0,"[""eye"", ""nerve"", ""retina""]",114,11370
COX10,True,0.6799999999999999,0.6666666666666666,0.7443100560780543,0.6900775140195136,FULL_ANCHOR,1.0,OK,False,0.0,True,1,"[""eye"", ""nerve"", ""retina""]",114,11370
P4HB,True,0.56,0.6666666666666666,0.8860657854141369,0.6895164463535342,FULL_ANCHOR,1.0,OK,False,0.0,True,1,"[""eye"", ""nerve"", ""retina""]",114,11370
GRM5,True,0.44,0.8,0.7895532251310982,0.6893883062827746,FULL_ANCHOR,1.0,OK,False,0.0,False,0,"[""eye"", ""nerve"", ""retina""]",114,11370
MYL2,True,0.44,0.8,0.7872678299239728,0.6888169574809933,FULL_ANCHOR,1.0,OK,False,0.0,False,0,"[""eye"", ""nerve"", ""retina""]",114,11370
TRAF2,True,0.32,0.8333333333333333,0.8701454869498118,0.6885363717374529,FULL_ANCHOR,1.0,OK,False,0.0,True,2,"[""eye"", ""nerve"", ""retina""]",114,11370
CEP55,True,0.44,0.8,0.7781487826870137,0.6865371956717534,FULL_ANCHOR,1.0,OK,False,0.0,False,0,"[""eye"", ""nerve"", ""retina""]",114,11370
CD80,True,0.32,0.8,0.9219616107572575,0.6864904026893144,FULL_ANCHOR,1.0,OK,False,0.0,False,0,"[""eye"", ""nerve"", ""retina""]",114,11370
TJP2,True,0.6799999999999999,0.6666666666666666,0.7245187587336787,0.6851296896834197,FULL_ANCHOR,1.0,OK,False,0.0,True,1,"[""eye"", ""nerve"", ""retina""]",114,11370
FERMT2,True,0.44,0.8333333333333333,0.7101675139975837,0.684541878499396,FULL_ANCHOR,1.0,OK,False,0.0,True,2,"[""eye"", ""nerve"", ""retina""]",114,11370
ANO5,True,0.56,0.8,0.6249247685998687,0.6842311921499672,FULL_ANCHOR,1.0,OK,False,0.0,False,0,"[""eye"", ""nerve"", ""retina""]",114,11370
FGF7,True,0.56,0.6666666666666666,0.864192933274942,0.6840482333187354,FULL_ANCHOR,1.0,OK,False,0.0,True,1,"[""eye"", ""nerve"", ""retina""]",114,11370
NOTCH3,True,0.44,0.8,0.7674759867519609,0.6838689966879903,FULL_ANCHOR,1.0,OK,False,0.0,False,0,"[""eye"", ""nerve"", ""retina""]",114,11370
AP2B1,True,0.32,0.8333333333333333,0.8510645187051292,0.6837661296762823,FULL_ANCHOR,1.0,OK,False,0.0,True,2,"[""eye"", ""nerve"", ""retina""]",114,11370
ABCC9,True,0.56,0.8,0.6228257924713108,0.6837064481178277,FULL_ANCHOR,1.0,OK,False,0.0,False,0,"[""eye"", ""nerve"", ""retina""]",114,11370
MMP14,True,0.6799999999999999,0.6666666666666666,0.7184504203196005,0.6836126050799001,FULL_ANCHOR,1.0,OK,False,0.0,True,1,"[""eye"", ""nerve"", ""retina""]",114,11370
AK9,True,0.56,0.6666666666666666,0.8591148784231761,0.682778719605794,FULL_ANCHOR,1.0,OK,False,0.0,True,1,"[""eye"", ""nerve"", ""retina""]",114,11370
OGDH,True,0.6799999999999999,0.6666666666666666,0.7150358109943526,0.6827589527485882,FULL_ANCHOR,1.0,OK,False,0.0,True,1,"[""eye"", ""nerve"", ""retina""]",114,11370
TTF2,True,0.6799999999999999,0.6666666666666666,0.7135869204119527,0.6823967301029882,FULL_ANCHOR,1.0,OK,False,0.0,True,1,"[""eye"", ""nerve"", ""retina""]",114,11370
XIRP2,True,0.44,0.8,0.7529382404250632,0.6802345601062658,FULL_ANCHOR,1.0,OK,False,0.0,False,0,"[""eye"", ""nerve"", ""retina""]",114,11370
OXT,True,0.44,0.8,0.752110568787078,0.6800276421967696,FULL_ANCHOR,1.0,OK,False,0.0,False,0,"[""eye"", ""nerve"", ""retina""]",114,11370
SYT1,True,0.56,0.6666666666666666,0.8443180221064291,0.6790795055266072,FULL_ANCHOR,1.0,OK,False,0.0,True,1,"[""eye"", ""nerve"", ""retina""]",114,11370
ETV6,True,0.44,0.8,0.7482865812303255,0.6790716453075815,FULL_ANCHOR,1.0,OK,False,0.0,False,0,"[""eye"", ""nerve"", ""retina""]",114,11370
GRWD1,True,0.32,0.8333333333333333,0.82984295335793,0.6784607383394825,FULL_ANCHOR,1.0,OK,False,0.0,True,2,"[""eye"", ""nerve"", ""retina""]",114,11370
KL,True,0.44,0.8,0.7458065988187399,0.6784516497046851,FULL_ANCHOR,1.0,OK,False,0.0,False,0,"[""eye"", ""nerve"", ""retina""]",114,11370
VPS41,True,0.56,0.8333333333333333,0.5404937955020397,0.6781234488755099,FULL_ANCHOR,1.0,OK,False,0.0,True,2,"[""eye"", ""nerve"", ""retina""]",114,11370
MLYCD,True,0.44,0.8,0.7436707676240277,0.677917691906007,FULL_ANCHOR,1.0,OK,False,0.0,False,0,"[""eye"", ""nerve"", ""retina""]",114,11370
TANGO2,True,1.0,0.6666666666666666,0.3079427090209693,0.6769856772552423,FULL_ANCHOR,1.0,OK,True,2.1,True,1,"[""eye"", ""nerve"", ""retina""]",114,11370
GOSR2,True,0.44,0.8333333333333333,0.6783427876205881,0.676585696905147,FULL_ANCHOR,1.0,OK,False,0.0,True,2,"[""eye"", ""nerve"", ""retina""]",114,11370
MGMT,True,0.6799999999999999,0.6666666666666666,0.6893501376329909,0.6763375344082477,FULL_ANCHOR,1.0,OK,False,0.0,True,1,"[""eye"", ""nerve"", ""retina""]",114,11370
HLCS,True,0.6799999999999999,0.6666666666666666,0.6889114398672708,0.6762278599668177,FULL_ANCHOR,1.0,OK,False,0.0,True,1,"[""eye"", ""nerve"", ""retina""]",114,11370
CLIP1,True,0.6799999999999999,0.6666666666666666,0.6864317041672503,0.6756079260418126,FULL_ANCHOR,1.0,OK,False,0.0,True,1,"[""eye"", ""nerve"", ""retina""]",114,11370
MGAT5B,True,0.56,0.8,0.5862845450658232,0.6745711362664558,FULL_ANCHOR,1.0,OK,False,0.0,False,0,"[""eye"", ""nerve"", ""retina""]",114,11370
WWOX,True,0.56,0.6666666666666666,0.8240946389676772,0.6740236597419192,FULL_ANCHOR,1.0,OK,False,0.0,True,1,"[""eye"", ""nerve"", ""retina""]",114,11370
PCDH7,True,0.56,0.8,0.5765430424158439,0.672135760603961,FULL_ANCHOR,1.0,OK,False,0.0,False,0,"[""eye"", ""nerve"", ""retina""]",114,11370
IARS1,True,0.32,0.8333333333333333,0.8043490231902257,0.6720872557975563,FULL_ANCHOR,1.0,OK,False,0.0,True,2,"[""eye"", ""nerve"", ""retina""]",114,11370
CALB1,True,0.56,0.6666666666666666,0.8130406788332489,0.6712601697083123,FULL_ANCHOR,1.0,OK,False,0.0,True,1,"[""eye"", ""nerve"", ""retina""]",114,11370
GRIK2,True,0.44,0.8,0.7142609538483882,0.670565238462097,FULL_ANCHOR,1.0,OK,False,0.0,False,0,"[""eye"", ""nerve"", ""retina""]",114,11370
OSBP,True,0.44,0.8333333333333333,0.6542548965635617,0.6705637241408904,FULL_ANCHOR,1.0,OK,False,0.0,True,2,"[""eye"", ""nerve"", ""retina""]",114,11370
FOXO1,True,0.44,0.6666666666666666,0.952535139682845,0.6701337849207112,FULL_ANCHOR,1.0,OK,False,0.0,True,1,"[""eye"", ""nerve"", ""retina""]",114,11370
GNAS,True,0.44,0.6666666666666666,0.9522682045647779,0.6700670511411945,FULL_ANCHOR,1.0,OK,False,0.0,True,1,"[""eye"", ""nerve"", ""retina""]",114,11370
RIPK1,True,0.32,0.8,0.8537793991435998,0.6694448497859,FULL_ANCHOR,1.0,OK,False,0.0,False,0,"[""eye"", ""nerve"", ""retina""]",114,11370
SGCA,True,0.56,0.8,0.5640882466789612,0.6690220616697403,FULL_ANCHOR,1.0,OK,False,0.0,False,0,"[""eye"", ""nerve"", ""retina""]",114,11370
NUP205,True,0.32,0.8333333333333333,0.7902727583214448,0.6685681895803612,FULL_ANCHOR,1.0,OK,False,0.0,True,2,"[""eye"", ""nerve"", ""retina""]",114,11370
NOS1,True,0.44,0.8,0.7049714575354642,0.668242864383866,FULL_ANCHOR,1.0,OK,False,0.0,False,0,"[""eye"", ""nerve"", ""retina""]",114,11370
SPTA1,True,0.44,0.8,0.7020798151172064,0.6675199537793016,FULL_ANCHOR,1.0,OK,False,0.0,False,0,"[""eye"", ""nerve"", ""retina""]",114,11370
RANGAP1,True,0.32,0.8333333333333333,0.7859867507246888,0.6674966876811722,FULL_ANCHOR,1.0,OK,False,0.0,True,2,"[""eye"", ""nerve"", ""retina""]",114,11370
LYN,True,0.44,0.6666666666666666,0.9413618651470044,0.667340466286751,FULL_ANCHOR,1.0,OK,False,0.0,True,1,"[""eye"", ""nerve"", ""retina""]",114,11370
PDGFB,True,0.56,0.6666666666666666,0.7973464161463908,0.6673366040365977,FULL_ANCHOR,1.0,OK,False,0.0,True,1,"[""eye"", ""nerve"", ""retina""]",114,11370
ANK1,True,0.44,0.6666666666666666,0.9404988788148586,0.6671247197037147,FULL_ANCHOR,1.0,OK,False,0.0,True,1,"[""eye"", ""nerve"", ""retina""]",114,11370
FOXP2,True,0.44,0.8,0.6998664455754942,0.6669666113938736,FULL_ANCHOR,1.0,OK,False,0.0,False,0,"[""eye"", ""nerve"", ""retina""]",114,11370
ALDH1A3,True,0.44,0.8,0.6981579442618959,0.6665394860654741,FULL_ANCHOR,1.0,OK,False,0.0,False,0,"[""eye"", ""nerve"", ""retina""]",114,11370
EP400,True,0.32,0.8333333333333333,0.7799789932063164,0.6659947483015791,FULL_ANCHOR,1.0,OK,False,0.0,True,2,"[""eye"", ""nerve"", ""retina""]",114,11370
GRIA1,True,0.44,0.6666666666666666,0.9358460981384799,0.66596152453462,FULL_ANCHOR,1.0,OK,False,0.0,True,1,"[""eye"", ""nerve"", ""retina""]",114,11370
FLT3,True,0.32,0.8,0.8396555405174041,0.6659138851293511,FULL_ANCHOR,1.0,OK,False,0.0,False,0,"[""eye"", ""nerve"", ""retina""]",114,11370
BMAL1,True,0.56,0.6666666666666666,0.7890179916082873,0.6652544979020718,FULL_ANCHOR,1.0,OK,False,0.0,True,1,"[""eye"", ""nerve"", ""retina""]",114,11370
CYP1A1,True,0.32,0.8,0.8357463557318202,0.6649365889329552,FULL_ANCHOR,1.0,OK,False,0.0,False,0,"[""eye"", ""nerve"", ""retina""]",114,11370
MPP7,True,0.56,0.8333333333333333,0.4859329639121257,0.6644832409780315,FULL_ANCHOR,1.0,OK,False,0.0,True,2,"[""eye"", ""nerve"", ""retina""]",114,11370
SYMPK,True,0.32,0.8333333333333333,0.7722850899941149,0.6640712724985287,FULL_ANCHOR,1.0,OK,False,0.0,True,2,"[""eye"", ""nerve"", ""retina""]",114,11370
FTO,True,0.56,0.6666666666666666,0.7836634761096946,0.6639158690274236,FULL_ANCHOR,1.0,OK,False,0.0,True,1,"[""eye"", ""nerve"", ""retina""]",114,11370
NDE1,True,0.32,0.8333333333333333,0.7709851063324643,0.663746276583116,FULL_ANCHOR,1.0,OK,False,0.0,True,2,"[""eye"", ""nerve"", ""retina""]",114,11370
LTBP2,True,0.56,0.8,0.5377776156298597,0.662444403907465,FULL_ANCHOR,1.0,OK,False,0.0,False,0,"[""eye"", ""nerve"", ""retina""]",114,11370
VCAM1,True,0.44,0.6666666666666666,0.9212329783848981,0.6623082445962245,FULL_ANCHOR,1.0,OK,False,0.0,True,1,"[""eye"", ""nerve"", ""retina""]",114,11370
GADL1,True,0.56,0.8,0.5364387703506178,0.6621096925876545,FULL_ANCHOR,1.0,OK,False,0.0,False,0,"[""eye"", ""nerve"", ""retina""]",114,11370
PICK1,True,0.56,0.6666666666666666,0.7758678991074195,0.6619669747768548,FULL_ANCHOR,1.0,OK,False,0.0,True,1,"[""eye"", ""nerve"", ""retina""]",114,11370
RPS6KB1,True,0.44,0.6666666666666666,0.9184095598200201,0.661602389955005,FULL_ANCHOR,1.0,OK,False,0.0,True,1,"[""eye"", ""nerve"", ""retina""]",114,11370
STEAP3,True,0.6799999999999999,0.6666666666666666,0.6275246868880959,0.660881171722024,FULL_ANCHOR,1.0,OK,False,0.0,True,1,"[""eye"", ""nerve"", ""retina""]",114,11370
JAK3,True,0.32,0.8,0.8193888505564955,0.6608472126391239,FULL_ANCHOR,1.0,OK,False,0.0,False,0,"[""eye"", ""nerve"", ""retina""]",114,11370
CALCR,True,0.56,0.8,0.5305804186703236,0.660645104667581,FULL_ANCHOR,1.0,OK,False,0.0,False,0,"[""eye"", ""nerve"", ""retina""]",114,11370
CPNE8,True,0.56,0.8333333333333333,0.47003362619433353,0.6605084065485834,FULL_ANCHOR,1.0,OK,False,0.0,True,2,"[""eye"", ""nerve"", ""retina""]",114,11370
CCP110,True,0.56,0.6666666666666666,0.7690015231299894,0.6602503807824973,FULL_ANCHOR,1.0,OK,False,0.0,True,1,"[""eye"", ""nerve"", ""retina""]",114,11370
CNTLN,True,0.44,0.8,0.672114192278666,0.6600285480696666,FULL_ANCHOR,1.0,OK,False,0.0,False,0,"[""eye"", ""nerve"", ""retina""]",114,11370
PLD1,True,0.56,0.6666666666666666,0.7677197859035936,0.6599299464758983,FULL_ANCHOR,1.0,OK,False,0.0,True,1,"[""eye"", ""nerve"", ""retina""]",114,11370
QKI,True,0.56,0.6666666666666666,0.767664153488274,0.6599160383720685,FULL_ANCHOR,1.0,OK,False,0.0,True,1,"[""eye"", ""nerve"", ""retina""]",114,11370
LOXHD1,True,0.56,0.8,0.5248637124546525,0.6592159281136631,FULL_ANCHOR,1.0,OK,False,0.0,False,0,"[""eye"", ""nerve"", ""retina""]",114,11370
KCND2,True,0.32,0.8,0.8122271469283175,0.6590567867320795,FULL_ANCHOR,1.0,OK,False,0.0,False,0,"[""eye"", ""nerve"", ""retina""]",114,11370
PLCB1,True,0.44,0.6666666666666666,0.9081871476670589,0.6590467869167647,FULL_ANCHOR,1.0,OK,False,0.0,True,1,"[""eye"", ""nerve"", ""retina""]",114,11370
HAO1,True,0.44,0.8,0.6647208950233179,0.6581802237558295,FULL_ANCHOR,1.0,OK,False,0.0,False,0,"[""eye"", ""nerve"", ""retina""]",114,11370
TALDO1,True,0.56,0.6666666666666666,0.7600841487684176,0.6580210371921044,FULL_ANCHOR,1.0,OK,False,0.0,True,1,"[""eye"", ""nerve"", ""retina""]",114,11370
ASH2L,True,0.44,0.6666666666666666,0.9038732120451338,0.6579683030112835,FULL_ANCHOR,1.0,OK,False,0.0,True,1,"[""eye"", ""nerve"", ""retina""]",114,11370
SNAP29,True,0.56,0.6666666666666666,0.7597029018659632,0.6579257254664908,FULL_ANCHOR,1.0,OK,False,0.0,True,1,"[""eye"", ""nerve"", ""retina""]",114,11370
NUP50,True,0.32,0.8333333333333333,0.7459990699818295,0.6574997674954574,FULL_ANCHOR,1.0,OK,False,0.0,True,2,"[""eye"", ""nerve"", ""retina""]",114,11370
INF2,True,0.8,0.6666666666666666,0.4691444754898968,0.6572861188724742,FULL_ANCHOR,1.0,OK,False,0.0,True,1,"[""eye"", ""nerve"", ""retina""]",114,11370
DCUN1D5,True,0.44,0.8333333333333333,0.5999452948950041,0.656986323723751,FULL_ANCHOR,1.0,OK,False,0.0,True,2,"[""eye"", ""nerve"", ""retina""]",114,11370
YAP1,True,0.44,0.6666666666666666,0.8984665921205852,0.6566166480301463,FULL_ANCHOR,1.0,OK,False,0.0,True,1,"[""eye"", ""nerve"", ""retina""]",114,11370
SH3GL3,True,0.44,0.8333333333333333,0.5982322512061318,0.656558062801533,FULL_ANCHOR,1.0,OK,False,0.0,True,2,"[""eye"", ""nerve"", ""retina""]",114,11370
DOCK1,True,0.32,0.8333333333333333,0.7407939140004023,0.6561984785001005,FULL_ANCHOR,1.0,OK,False,0.0,True,2,"[""eye"", ""nerve"", ""retina""]",114,11370
LOXL2,True,0.32,0.8,0.800719921493562,0.6561799803733905,FULL_ANCHOR,1.0,OK,False,0.0,False,0,"[""eye"", ""nerve"", ""retina""]",114,11370
SFRP4,True,0.44,0.8,0.6546111402907541,0.6556527850726885,FULL_ANCHOR,1.0,OK,False,0.0,False,0,"[""eye"", ""nerve"", ""retina""]",114,11370
TXNRD3,True,0.44,0.8,0.6541447322192924,0.6555361830548232,FULL_ANCHOR,1.0,OK,False,0.0,False,0,"[""eye"", ""nerve"", ""retina""]",114,11370
GCNT2,True,0.44,0.8,0.652930882427822,0.6552327206069556,FULL_ANCHOR,1.0,OK,False,0.0,False,0,"[""eye"", ""nerve"", ""retina""]",114,11370
CDH13,True,0.44,0.8,0.6522432763378165,0.6550608190844542,FULL_ANCHOR,1.0,OK,False,0.0,False,0,"[""eye"", ""nerve"", ""retina""]",114,11370
FAS,True,0.32,0.8,0.7957516469839669,0.6549379117459918,FULL_ANCHOR,1.0,OK,False,0.0,False,0,"[""eye"", ""nerve"", ""retina""]",114,11370
BCL2L11,True,0.44,0.6666666666666666,0.8876154165398592,0.6539038541349648,FULL_ANCHOR,1.0,OK,False,0.0,True,1,"[""eye"", ""nerve"", ""retina""]",114,11370
MED13,True,0.32,0.8333333333333333,0.7279656409187558,0.652991410229689,FULL_ANCHOR,1.0,OK,False,0.0,True,2,"[""eye"", ""nerve"", ""retina""]",114,11370
KATNAL2,True,0.32,0.8,0.7850612157525589,0.6522653039381399,FULL_ANCHOR,1.0,OK,False,0.0,False,0,"[""eye"", ""nerve"", ""retina""]",114,11370
GRM3,True,0.56,0.6666666666666666,0.7369477912418546,0.6522369478104636,FULL_ANCHOR,1.0,OK,False,0.0,True,1,"[""eye"", ""nerve"", ""retina""]",114,11370
IGF2BP2,True,0.56,0.6666666666666666,0.7366766177744641,0.652169154443616,FULL_ANCHOR,1.0,OK,False,0.0,True,1,"[""eye"", ""nerve"", ""retina""]",114,11370
GRK5,True,0.32,0.8,0.7805789437150332,0.6511447359287583,FULL_ANCHOR,1.0,OK,False,0.0,False,0,"[""eye"", ""nerve"", ""retina""]",114,11370
WTAP,True,0.32,0.8333333333333333,0.72026885190645,0.6510672129766124,FULL_ANCHOR,1.0,OK,False,0.0,True,2,"[""eye"", ""nerve"", ""retina""]",114,11370
NUSAP1,True,0.44,0.8,0.6351821771650346,0.6507955442912587,FULL_ANCHOR,1.0,OK,False,0.0,False,0,"[""eye"", ""nerve"", ""retina""]",114,11370
THOC5,True,0.32,0.8333333333333333,0.7186086576061037,0.650652164401526,FULL_ANCHOR,1.0,OK,False,0.0,True,2,"[""eye"", ""nerve"", ""retina""]",114,11370
FXR1,True,0.44,0.6666666666666666,0.8738581103930527,0.6504645275982632,FULL_ANCHOR,1.0,OK,False,0.0,True,1,"[""eye"", ""nerve"", ""retina""]",114,11370
VAV1,True,0.44,0.6666666666666666,0.8725172905902792,0.6501293226475697,FULL_ANCHOR,1.0,OK,False,0.0,True,1,"[""eye"", ""nerve"", ""retina""]",114,11370
ADGRV1,True,0.6799999999999999,0.6666666666666666,0.5844763225816263,0.6501190806454066,FULL_ANCHOR,1.0,OK,False,0.0,True,1,"[""eye"", ""nerve"", ""retina""]",114,11370
MYOM2,True,0.32,0.8,0.7719869957166681,0.648996748929167,FULL_ANCHOR,1.0,OK,False,0.0,False,0,"[""eye"", ""nerve"", ""retina""]",114,11370
ALDH1A1,True,0.44,0.6666666666666666,0.8673626468592915,0.6488406617148229,FULL_ANCHOR,1.0,OK,False,0.0,True,1,"[""eye"", ""nerve"", ""retina""]",114,11370
TAF1B,True,0.44,0.8333333333333333,0.5644007002328337,0.6481001750582085,FULL_ANCHOR,1.0,OK,False,0.0,True,2,"[""eye"", ""nerve"", ""retina""]",114,11370
ADK,True,0.56,0.6666666666666666,0.7192460040320361,0.647811501008009,FULL_ANCHOR,1.0,OK,False,0.0,True,1,"[""eye"", ""nerve"", ""retina""]",114,11370
INSR,True,0.44,0.6666666666666666,0.8632078501336281,0.647801962533407,FULL_ANCHOR,1.0,OK,False,0.0,True,1,"[""eye"", ""nerve"", ""retina""]",114,11370
PRDM1,True,0.32,0.8,0.7640831223187048,0.6470207805796763,FULL_ANCHOR,1.0,OK,False,0.0,False,0,"[""eye"", ""nerve"", ""retina""]",114,11370
NUP88,True,0.32,0.8333333333333333,0.7028783309033003,0.6467195827258251,FULL_ANCHOR,1.0,OK,False,0.0,True,2,"[""eye"", ""nerve"", ""retina""]",114,11370
UBASH3A,True,0.44,0.8,0.6181806567838082,0.6465451641959521,FULL_ANCHOR,1.0,OK,False,0.0,False,0,"[""eye"", ""nerve"", ""retina""]",114,11370
SNAP91,True,0.32,0.8333333333333333,0.7014198983978222,0.6463549745994555,FULL_ANCHOR,1.0,OK,False,0.0,True,2,"[""eye"", ""nerve"", ""retina""]",114,11370
MUC2,True,0.32,0.8,0.7609992330535795,0.646249808263395,FULL_ANCHOR,1.0,OK,False,0.0,False,0,"[""eye"", ""nerve"", ""retina""]",114,11370
NT5M,True,0.56,0.8,0.47297404774133367,0.6462435119353335,FULL_ANCHOR,1.0,OK,False,0.0,False,0,"[""eye"", ""nerve"", ""retina""]",114,11370
LRRK1,True,0.44,0.8,0.616420846609328,0.646105211652332,FULL_ANCHOR,1.0,OK,False,0.0,False,0,"[""eye"", ""nerve"", ""retina""]",114,11370
PTN,True,0.6799999999999999,0.6666666666666666,0.5678387349935566,0.6459596837483892,FULL_ANCHOR,1.0,OK,False,0.0,True,1,"[""eye"", ""nerve"", ""retina""]",114,11370
CACTIN,True,0.32,0.8333333333333333,0.6979653381581902,0.6454913345395475,FULL_ANCHOR,1.0,OK,False,0.0,True,2,"[""eye"", ""nerve"", ""retina""]",114,11370
NUBPL,True,0.6799999999999999,0.6666666666666666,0.5656826144119171,0.6454206536029793,FULL_ANCHOR,1.0,OK,False,0.0,True,1,"[""eye"", ""nerve"", ""retina""]",114,11370
SPINK5,True,0.44,0.8,0.6118083568917193,0.6449520892229299,FULL_ANCHOR,1.0,OK,False,0.0,False,0,"[""eye"", ""nerve"", ""retina""]",114,11370
COL8A1,True,0.44,0.8,0.6107424998714628,0.6446856249678657,FULL_ANCHOR,1.0,OK,False,0.0,False,0,"[""eye"", ""nerve"", ""retina""]",114,11370
EXOSC7,True,0.32,0.8333333333333333,0.6944994857538382,0.6446248714384595,FULL_ANCHOR,1.0,OK,False,0.0,True,2,"[""eye"", ""nerve"", ""retina""]",114,11370
GNG7,True,0.32,0.6666666666666666,0.9916129263343931,0.6439032315835983,FULL_ANCHOR,1.0,OK,False,0.0,True,1,"[""eye"", ""nerve"", ""retina""]",114,11370
TWIST1,True,0.32,0.8,0.7489033677610533,0.6432258419402634,FULL_ANCHOR,1.0,OK,False,0.0,False,0,"[""eye"", ""nerve"", ""retina""]",114,11370
PCDH15,True,0.56,0.6666666666666666,0.699696309809102,0.6429240774522755,FULL_ANCHOR,1.0,OK,False,0.0,True,1,"[""eye"", ""nerve"", ""retina""]",114,11370
RFC1,True,0.32,0.8333333333333333,0.687402507065912,0.642850626766478,FULL_ANCHOR,1.0,OK,False,0.0,True,2,"[""eye"", ""nerve"", ""retina""]",114,11370
DECR2,True,0.6799999999999999,0.6666666666666666,0.554948337419841,0.6427370843549602,FULL_ANCHOR,1.0,OK,False,0.0,True,1,"[""eye"", ""nerve"", ""retina""]",114,11370
PPP1R12A,True,0.32,0.8333333333333333,0.6868257752065071,0.6427064438016268,FULL_ANCHOR,1.0,OK,False,0.0,True,2,"[""eye"", ""nerve"", ""retina""]",114,11370
PIPOX,True,0.44,0.8,0.6023831585038996,0.642595789625975,FULL_ANCHOR,1.0,OK,False,0.0,False,0,"[""eye"", ""nerve"", ""retina""]",114,11370
NCOA2,True,0.44,0.6666666666666666,0.8418196414185203,0.6424549103546301,FULL_ANCHOR,1.0,OK,False,0.0,True,1,"[""eye"", ""nerve"", ""retina""]",114,11370
PRKG1,True,0.32,0.8,0.7455151787272335,0.6423787946818085,FULL_ANCHOR,1.0,OK,False,0.0,False,0,"[""eye"", ""nerve"", ""retina""]",114,11370
MTUS2,True,0.32,0.8,0.7446751145753918,0.642168778643848,FULL_ANCHOR,1.0,OK,False,0.0,False,0,"[""eye"", ""nerve"", ""retina""]",114,11370
ATP2B2,True,0.56,0.6666666666666666,0.6964530383277783,0.6421132595819445,FULL_ANCHOR,1.0,OK,False,0.0,True,1,"[""eye"", ""nerve"", ""retina""]",114,11370
SGCG,True,0.56,0.8,0.45587750593174947,0.6419693764829374,FULL_ANCHOR,1.0,OK,False,0.0,False,0,"[""eye"", ""nerve"", ""retina""]",114,11370
PPL,True,0.44,0.8,0.599704650597271,0.6419261626493178,FULL_ANCHOR,1.0,OK,False,0.0,False,0,"[""eye"", ""nerve"", ""retina""]",114,11370
DDX6,True,0.13333333333333333,0.8333333333333333,0.9070320498831603,0.64175801247079,FULL_ANCHOR,1.0,OK,False,0.0,True,2,"[""eye"", ""nerve"", ""retina""]",114,11370
TMPRSS4,True,0.44,0.8,0.597038351789698,0.6412595879474245,FULL_ANCHOR,1.0,OK,False,0.0,False,0,"[""eye"", ""nerve"", ""retina""]",114,11370
CLDN7,True,0.32,0.8,0.7404845386265899,0.6411211346566476,FULL_ANCHOR,1.0,OK,False,0.0,False,0,"[""eye"", ""nerve"", ""retina""]",114,11370
CD19,True,0.13333333333333333,0.8,0.9641948627315372,0.6410487156828844,FULL_ANCHOR,1.0,OK,False,0.0,False,0,"[""eye"", ""nerve"", ""retina""]",114,11370
GUF1,True,0.44,0.6666666666666666,0.8353966942601972,0.6408491735650493,FULL_ANCHOR,1.0,OK,False,0.0,True,1,"[""eye"", ""nerve"", ""retina""]",114,11370
LAMA3,True,0.44,0.8,0.594709906856431,0.6406774767141078,FULL_ANCHOR,1.0,OK,False,0.0,False,0,"[""eye"", ""nerve"", ""retina""]",114,11370
MLST8,True,0.32,0.8333333333333333,0.6786217754168238,0.6406554438542059,FULL_ANCHOR,1.0,OK,False,0.0,True,2,"[""eye"", ""nerve"", ""retina""]",114,11370
WASF3,True,0.56,0.6666666666666666,0.6891558830583137,0.6402889707645784,FULL_ANCHOR,1.0,OK,False,0.0,True,1,"[""eye"", ""nerve"", ""retina""]",114,11370
VTI1A,True,0.44,0.8,0.5930609316348556,0.640265232908714,FULL_ANCHOR,1.0,OK,False,0.0,False,0,"[""eye"", ""nerve"", ""retina""]",114,11370
HMGN4,True,0.44,0.6666666666666666,0.8321739776390452,0.6400434944097613,FULL_ANCHOR,1.0,OK,False,0.0,True,1,"[""eye"", ""nerve"", ""retina""]",114,11370
NINL,True,0.44,0.8,0.5912604571768337,0.6398151142942085,FULL_ANCHOR,1.0,OK,False,0.0,False,0,"[""eye"", ""nerve"", ""retina""]",114,11370
WDR4,True,0.32,0.8,0.7346858143212982,0.6396714535803246,FULL_ANCHOR,1.0,OK,False,0.0,False,0,"[""eye"", ""nerve"", ""retina""]",114,11370
ITGA8,True,0.44,0.8,0.58860170441315,0.6391504261032875,FULL_ANCHOR,1.0,OK,False,0.0,False,0,"[""eye"", ""nerve"", ""retina""]",114,11370
RYR2,True,0.44,0.6666666666666666,0.8279699467389037,0.6389924866847259,FULL_ANCHOR,1.0,OK,False,0.0,True,1,"[""eye"", ""nerve"", ""retina""]",114,11370
COMT,True,0.44,0.6666666666666666,0.8278659656339669,0.6389664914084917,FULL_ANCHOR,1.0,OK,False,0.0,True,1,"[""eye"", ""nerve"", ""retina""]",114,11370
TIAM1,True,0.56,0.6666666666666666,0.6831755832031601,0.6387938958007899,FULL_ANCHOR,1.0,OK,False,0.0,True,1,"[""eye"", ""nerve"", ""retina""]",114,11370
EXOC4,True,0.56,0.6666666666666666,0.6829428434885678,0.6387357108721419,FULL_ANCHOR,1.0,OK,False,0.0,True,1,"[""eye"", ""nerve"", ""retina""]",114,11370
SOX6,True,0.56,0.8,0.4418121308147192,0.6384530327036798,FULL_ANCHOR,1.0,OK,False,0.0,False,0,"[""eye"", ""nerve"", ""retina""]",114,11370
POLR1F,True,0.44,0.6666666666666666,0.8236661552741226,0.6379165388185306,FULL_ANCHOR,1.0,OK,False,0.0,True,1,"[""eye"", ""nerve"", ""retina""]",114,11370
GLOD4,True,0.56,0.6666666666666666,0.6793521407133245,0.637838035178331,FULL_ANCHOR,1.0,OK,False,0.0,True,1,"[""eye"", ""nerve"", ""retina""]",114,11370
ATL2,True,0.44,0.8333333333333333,0.5230458076843896,0.6377614519210975,FULL_ANCHOR,1.0,OK,False,0.0,True,2,"[""eye"", ""nerve"", ""retina""]",114,11370
RAB19,True,0.56,0.8,0.4360257372932095,0.6370064343233024,FULL_ANCHOR,1.0,OK,False,0.0,False,0,"[""eye"", ""nerve"", ""retina""]",114,11370
CDH4,True,0.44,0.8,0.5798578264110212,0.6369644566027554,FULL_ANCHOR,1.0,OK,False,0.0,False,0,"[""eye"", ""nerve"", ""retina""]",114,11370
MRPL52,True,0.32,0.8333333333333333,0.6633940163504146,0.6368485040876036,FULL_ANCHOR,1.0,OK,False,0.0,True,2,"[""eye"", ""nerve"", ""retina""]",114,11370
RPF2,True,0.13333333333333333,0.8333333333333333,0.8856256376645137,0.6364064094161284,FULL_ANCHOR,1.0,OK,False,0.0,True,2,"[""eye"", ""nerve"", ""retina""]",114,11370
SLIT2,True,0.6799999999999999,0.6666666666666666,0.5283917818485253,0.6360979454621314,FULL_ANCHOR,1.0,OK,False,0.0,True,1,"[""eye"", ""nerve"", ""retina""]",114,11370
MUC16,True,0.32,0.8,0.7188140822273834,0.635703520556846,FULL_ANCHOR,1.0,OK,False,0.0,False,0,"[""eye"", ""nerve"", ""retina""]",114,11370
WDR7,True,0.44,0.8333333333333333,0.5141379023062218,0.6355344755765555,FULL_ANCHOR,1.0,OK,False,0.0,True,2,"[""eye"", ""nerve"", ""retina""]",114,11370
ANO1,True,0.32,0.8,0.717011260273965,0.6352528150684913,FULL_ANCHOR,1.0,OK,False,0.0,False,0,"[""eye"", ""nerve"", ""retina""]",114,11370
CDC42BPA,True,0.44,0.8333333333333333,0.5128600447192062,0.6352150111798016,FULL_ANCHOR,1.0,OK,False,0.0,True,2,"[""eye"", ""nerve"", ""retina""]",114,11370
ZNF202,True,0.32,0.8333333333333333,0.6564800723466876,0.6351200180866718,FULL_ANCHOR,1.0,OK,False,0.0,True,2,"[""eye"", ""nerve"", ""retina""]",114,11370
MNS1,True,0.44,0.8,0.5721880331882505,0.6350470082970627,FULL_ANCHOR,1.0,OK,False,0.0,False,0,"[""eye"", ""nerve"", ""retina""]",114,11370
ENPEP,True,0.44,0.8,0.5718613853615306,0.6349653463403827,FULL_ANCHOR,1.0,OK,False,0.0,False,0,"[""eye"", ""nerve"", ""retina""]",114,11370
AMBP,True,0.32,0.8,0.7150014435512446,0.6347503608878112,FULL_ANCHOR,1.0,OK,False,0.0,False,0,"[""eye"", ""nerve"", ""retina""]",114,11370
SLIT3,True,0.44,0.8,0.5705978472523067,0.6346494618130767,FULL_ANCHOR,1.0,OK,False,0.0,False,0,"[""eye"", ""nerve"", ""retina""]",114,11370
RIPOR2,True,0.44,0.8,0.5701353868637409,0.6345338467159353,FULL_ANCHOR,1.0,OK,False,0.0,False,0,"[""eye"", ""nerve"", ""retina""]",114,11370
MLLT3,True,0.44,0.6666666666666666,0.8097471251585286,0.6344367812896321,FULL_ANCHOR,1.0,OK,False,0.0,True,1,"[""eye"", ""nerve"", ""retina""]",114,11370
TRAPPC10,True,0.6799999999999999,0.6666666666666666,0.5210705253969979,0.6342676313492495,FULL_ANCHOR,1.0,OK,False,0.0,True,1,"[""eye"", ""nerve"", ""retina""]",114,11370
GNAO1,True,0.44,0.6666666666666666,0.8075389020898773,0.6338847255224693,FULL_ANCHOR,1.0,OK,False,0.0,True,1,"[""eye"", ""nerve"", ""retina""]",114,11370
SP100,True,0.44,0.6666666666666666,0.8074078319148922,0.6338519579787231,FULL_ANCHOR,1.0,OK,False,0.0,True,1,"[""eye"", ""nerve"", ""retina""]",114,11370
PSMG1,True,0.13333333333333333,0.8333333333333333,0.8746949713967009,0.6336737428491752,FULL_ANCHOR,1.0,OK,False,0.0,True,2,"[""eye"", ""nerve"", ""retina""]",114,11370
TDP1,True,0.56,0.8,0.4224007349665919,0.6336001837416481,FULL_ANCHOR,1.0,OK,False,0.0,False,0,"[""eye"", ""nerve"", ""retina""]",114,11370
DPYD,True,0.56,0.6666666666666666,0.6611549010123818,0.6332887252530954,FULL_ANCHOR,1.0,OK,False,0.0,True,1,"[""eye"", ""nerve"", ""retina""]",114,11370
PAX8,True,0.32,0.8,0.7078777465698852,0.6329694366424714,FULL_ANCHOR,1.0,OK,False,0.0,False,0,"[""eye"", ""nerve"", ""retina""]",114,11370
PLK5,True,0.32,0.8,0.7072617733869309,0.6328154433467328,FULL_ANCHOR,1.0,OK,False,0.0,False,0,"[""eye"", ""nerve"", ""retina""]",114,11370
SLC25A41,True,0.44,0.8,0.5630617894042484,0.6327654473510622,FULL_ANCHOR,1.0,OK,False,0.0,False,0,"[""eye"", ""nerve"", ""retina""]",114,11370
HCN4,True,0.32,0.8,0.7051790418181796,0.632294760454545,FULL_ANCHOR,1.0,OK,False,0.0,False,0,"[""eye"", ""nerve"", ""retina""]",114,11370
SDAD1,True,0.13333333333333333,0.8333333333333333,0.8674230809317487,0.6318557702329372,FULL_ANCHOR,1.0,OK,False,0.0,True,2,"[""eye"", ""nerve"", ""retina""]",114,11370
AFDN,True,0.44,0.6666666666666666,0.7988647287798636,0.631716182194966,FULL_ANCHOR,1.0,OK,False,0.0,True,1,"[""eye"", ""nerve"", ""retina""]",114,11370
MAN2A1,True,0.56,0.6666666666666666,0.6548048703338846,0.6317012175834711,FULL_ANCHOR,1.0,OK,False,0.0,True,1,"[""eye"", ""nerve"", ""retina""]",114,11370
ADORA2A,True,0.32,0.8,0.7026780852915269,0.6316695213228818,FULL_ANCHOR,1.0,OK,False,0.0,False,0,"[""eye"", ""nerve"", ""retina""]",114,11370
PLEKHA7,True,0.56,0.6666666666666666,0.6541632524301786,0.6315408131075446,FULL_ANCHOR,1.0,OK,False,0.0,True,1,"[""eye"", ""nerve"", ""retina""]",114,11370
DDC,True,0.56,0.6666666666666666,0.6523484287678947,0.6310871071919737,FULL_ANCHOR,1.0,OK,False,0.0,True,1,"[""eye"", ""nerve"", ""retina""]",114,11370
ALDH1A2,True,0.44,0.6666666666666666,0.7959262437770964,0.6309815609442742,FULL_ANCHOR,1.0,OK,False,0.0,True,1,"[""eye"", ""nerve"", ""retina""]",114,11370
USP10,True,0.32,0.8333333333333333,0.6380629415121023,0.6305157353780255,FULL_ANCHOR,1.0,OK,False,0.0,True,2,"[""eye"", ""nerve"", ""retina""]",114,11370
CNTRL,True,0.32,0.8,0.6974801386092266,0.6303700346523067,FULL_ANCHOR,1.0,OK,False,0.0,False,0,"[""eye"", ""nerve"", ""retina""]",114,11370
MDN1,True,0.32,0.8333333333333333,0.6368583982017006,0.6302145995504251,FULL_ANCHOR,1.0,OK,False,0.0,True,2,"[""eye"", ""nerve"", ""retina""]",114,11370
CDC123,True,0.32,0.8333333333333333,0.6364179809833695,0.6301044952458423,FULL_ANCHOR,1.0,OK,False,0.0,True,2,"[""eye"", ""nerve"", ""retina""]",114,11370
FBXO7,True,0.56,0.6666666666666666,0.6467245301837079,0.629681132545927,FULL_ANCHOR,1.0,OK,False,0.0,True,1,"[""eye"", ""nerve"", ""retina""]",114,11370
DDX10,True,0.13333333333333333,0.8333333333333333,0.8579278681823568,0.6294819670455891,FULL_ANCHOR,1.0,OK,False,0.0,True,2,"[""eye"", ""nerve"", ""retina""]",114,11370
EAF1,True,0.44,0.8333333333333333,0.48985285764589803,0.6294632144114745,FULL_ANCHOR,1.0,OK,False,0.0,True,2,"[""eye"", ""nerve"", ""retina""]",114,11370
NT5C1A,True,0.44,0.8,0.549852070970617,0.6294630177426543,FULL_ANCHOR,1.0,OK,False,0.0,False,0,"[""eye"", ""nerve"", ""retina""]",114,11370
SARDH,True,0.32,0.8,0.6927801163401487,0.6291950290850372,FULL_ANCHOR,1.0,OK,False,0.0,False,0,"[""eye"", ""nerve"", ""retina""]",114,11370
PYGM,True,0.44,0.6666666666666666,0.7881734964321311,0.6290433741080328,FULL_ANCHOR,1.0,OK,False,0.0,True,1,"[""eye"", ""nerve"", ""retina""]",114,11370
NDUFAF6,True,0.32,0.8,0.6903675060349641,0.628591876508741,FULL_ANCHOR,1.0,OK,False,0.0,False,0,"[""eye"", ""nerve"", ""retina""]",114,11370
RPL39L,True,0.44,0.6666666666666666,0.7819091306813399,0.627477282670335,FULL_ANCHOR,1.0,OK,False,0.0,True,1,"[""eye"", ""nerve"", ""retina""]",114,11370
COG4,True,0.32,0.8333333333333333,0.6256412483297957,0.6274103120824489,FULL_ANCHOR,1.0,OK,False,0.0,True,2,"[""eye"", ""nerve"", ""retina""]",114,11370
DSC3,True,0.44,0.8,0.5414195784169529,0.6273548946042382,FULL_ANCHOR,1.0,OK,False,0.0,False,0,"[""eye"", ""nerve"", ""retina""]",114,11370
KIAA0586,True,0.56,0.6666666666666666,0.6373261092377291,0.6273315273094322,FULL_ANCHOR,1.0,OK,False,0.0,True,1,"[""eye"", ""nerve"", ""retina""]",114,11370
EXT1,True,0.44,0.8,0.5390460479169492,0.6267615119792374,FULL_ANCHOR,1.0,OK,False,0.0,False,0,"[""eye"", ""nerve"", ""retina""]",114,11370
TAMM41,True,0.44,0.8333333333333333,0.47899834245696027,0.6267495856142401,FULL_ANCHOR,1.0,OK,False,0.0,True,2,"[""eye"", ""nerve"", ""retina""]",114,11370
HLA-DPA1,True,0.44,0.6666666666666666,0.7779281017090709,0.6264820254272677,FULL_ANCHOR,1.0,OK,False,0.0,True,1,"[""eye"", ""nerve"", ""retina""]",114,11370
SYNJ1,True,0.44,0.6666666666666666,0.7761389478213878,0.626034736955347,FULL_ANCHOR,1.0,OK,False,0.0,True,1,"[""eye"", ""nerve"", ""retina""]",114,11370
UBE2K,True,0.13333333333333333,0.8333333333333333,0.8440662964116562,0.626016574102914,FULL_ANCHOR,1.0,OK,False,0.0,True,2,"[""eye"", ""nerve"", ""retina""]",114,11370
KIF3B,True,0.44,0.6666666666666666,0.7732595034437661,0.6253148758609415,FULL_ANCHOR,1.0,OK,False,0.0,True,1,"[""eye"", ""nerve"", ""retina""]",114,11370
DNAJC6,True,0.56,0.6666666666666666,0.6281131466322007,0.6250282866580501,FULL_ANCHOR,1.0,OK,False,0.0,True,1,"[""eye"", ""nerve"", ""retina""]",114,11370
NTN1,True,0.32,0.8,0.673992302979651,0.6244980757449128,FULL_ANCHOR,1.0,OK,False,0.0,False,0,"[""eye"", ""nerve"", ""retina""]",114,11370
PYGL,True,0.44,0.6666666666666666,0.768566174533432,0.6241415436333579,FULL_ANCHOR,1.0,OK,False,0.0,True,1,"[""eye"", ""nerve"", ""retina""]",114,11370
PIGH,True,0.6799999999999999,0.6666666666666666,0.4775726545938458,0.6233931636484614,FULL_ANCHOR,1.0,OK,False,0.0,True,1,"[""eye"", ""nerve"", ""retina""]",114,11370
EBF1,True,0.32,0.8,0.6693786087189686,0.6233446521797422,FULL_ANCHOR,1.0,OK,False,0.0,False,0,"[""eye"", ""nerve"", ""retina""]",114,11370
ATP5MC2,True,0.44,0.6666666666666666,0.7651677618745093,0.6232919404686273,FULL_ANCHOR,1.0,OK,False,0.0,True,1,"[""eye"", ""nerve"", ""retina""]",114,11370
PHF21A,True,0.56,0.6666666666666666,0.619124682186112,0.622781170546528,FULL_ANCHOR,1.0,OK,False,0.0,True,1,"[""eye"", ""nerve"", ""retina""]",114,11370
TOP3A,True,0.44,0.6666666666666666,0.763107026417537,0.6227767566043843,FULL_ANCHOR,1.0,OK,False,0.0,True,1,"[""eye"", ""nerve"", ""retina""]",114,11370
ICE1,True,0.44,0.8333333333333333,0.4613682167933575,0.6223420541983393,FULL_ANCHOR,1.0,OK,False,0.0,True,2,"[""eye"", ""nerve"", ""retina""]",114,11370
SHANK2,True,0.32,0.8,0.6645703022842189,0.6221425755710548,FULL_ANCHOR,1.0,OK,False,0.0,False,0,"[""eye"", ""nerve"", ""retina""]",114,11370
PDE4D,True,0.44,0.6666666666666666,0.7599912244434623,0.6219978061108655,FULL_ANCHOR,1.0,OK,False,0.0,True,1,"[""eye"", ""nerve"", ""retina""]",114,11370
STIM1,True,0.44,0.6666666666666666,0.7596770527788455,0.6219192631947114,FULL_ANCHOR,1.0,OK,False,0.0,True,1,"[""eye"", ""nerve"", ""retina""]",114,11370
TP63,True,0.32,0.8,0.6636755269674162,0.6219188817418542,FULL_ANCHOR,1.0,OK,False,0.0,False,0,"[""eye"", ""nerve"", ""retina""]",114,11370
FSHR,True,0.32,0.8,0.6634852777292598,0.621871319432315,FULL_ANCHOR,1.0,OK,False,0.0,False,0,"[""eye"", ""nerve"", ""retina""]",114,11370
RARB,True,0.56,0.6666666666666666,0.6128020849228197,0.6212005212307049,FULL_ANCHOR,1.0,OK,False,0.0,True,1,"[""eye"", ""nerve"", ""retina""]",114,11370
CUL5,True,0.13333333333333333,0.8333333333333333,0.8247271355642618,0.6211817838910654,FULL_ANCHOR,1.0,OK,False,0.0,True,2,"[""eye"", ""nerve"", ""retina""]",114,11370
SLC17A8,True,0.44,0.8,0.51664682130466,0.6211617053261651,FULL_ANCHOR,1.0,OK,False,0.0,False,0,"[""eye"", ""nerve"", ""retina""]",114,11370
MTRF1L,True,0.56,0.6666666666666666,0.6092718434997919,0.620317960874948,FULL_ANCHOR,1.0,OK,False,0.0,True,1,"[""eye"", ""nerve"", ""retina""]",114,11370
HLA-C,True,0.13333333333333333,0.8333333333333333,0.8212222493880935,0.6203055623470234,FULL_ANCHOR,1.0,OK,False,0.0,True,2,"[""eye"", ""nerve"", ""retina""]",114,11370
PTPRS,True,0.56,0.6666666666666666,0.6069063961074056,0.6197265990268513,FULL_ANCHOR,1.0,OK,False,0.0,True,1,"[""eye"", ""nerve"", ""retina""]",114,11370
ZNF263,True,0.32,0.8333333333333333,0.5933106255456011,0.6193276563864003,FULL_ANCHOR,1.0,OK,False,0.0,True,2,"[""eye"", ""nerve"", ""retina""]",114,11370
TIMP2,True,0.44,0.6666666666666666,0.7472444613303877,0.6188111153325969,FULL_ANCHOR,1.0,OK,False,0.0,True,1,"[""eye"", ""nerve"", ""retina""]",114,11370
RSRC1,True,0.32,0.6666666666666666,0.8900898014633996,0.61852245036585,FULL_ANCHOR,1.0,OK,False,0.0,True,1,"[""eye"", ""nerve"", ""retina""]",114,11370
GYS2,True,0.32,0.8,0.6487818335970044,0.6181954583992512,FULL_ANCHOR,1.0,OK,False,0.0,False,0,"[""eye"", ""nerve"", ""retina""]",114,11370
ADGRL2,True,0.32,0.6666666666666666,0.8884556145101236,0.6181139036275309,FULL_ANCHOR,1.0,OK,False,0.0,True,1,"[""eye"", ""nerve"", ""retina""]",114,11370
COL4A3,True,0.56,0.6666666666666666,0.6003231671217687,0.6180807917804422,FULL_ANCHOR,1.0,OK,False,0.0,True,1,"[""eye"", ""nerve"", ""retina""]",114,11370
CTNNA2,True,0.56,0.6666666666666666,0.5999675198541998,0.61799187996355,FULL_ANCHOR,1.0,OK,False,0.0,True,1,"[""eye"", ""nerve"", ""retina""]",114,11370
CSMD1,True,0.32,0.8,0.6479366092301039,0.617984152307526,FULL_ANCHOR,1.0,OK,False,0.0,False,0,"[""eye"", ""nerve"", ""retina""]",114,11370
UBQLN1,True,0.32,0.6666666666666666,0.8864432553548924,0.6176108138387231,FULL_ANCHOR,1.0,OK,False,0.0,True,1,"[""eye"", ""nerve"", ""retina""]",114,11370
ELOF1,True,0.56,0.6666666666666666,0.5977603778943045,0.6174400944735761,FULL_ANCHOR,1.0,OK,False,0.0,True,1,"[""eye"", ""nerve"", ""retina""]",114,11370
ACVR1,True,0.32,0.8,0.644717795345759,0.6171794488364398,FULL_ANCHOR,1.0,OK,False,0.0,False,0,"[""eye"", ""nerve"", ""retina""]",114,11370
SUDS3,True,0.44,0.6666666666666666,0.7401178690538432,0.6170294672634609,FULL_ANCHOR,1.0,OK,False,0.0,True,1,"[""eye"", ""nerve"", ""retina""]",114,11370
CA2,True,0.56,0.6666666666666666,0.5958357985248293,0.6169589496312073,FULL_ANCHOR,1.0,OK,False,0.0,True,1,"[""eye"", ""nerve"", ""retina""]",114,11370
DISC1,True,0.44,0.6666666666666666,0.7391030803952532,0.6167757700988132,FULL_ANCHOR,1.0,OK,False,0.0,True,1,"[""eye"", ""nerve"", ""retina""]",114,11370
BRIP1,True,0.44,0.6666666666666666,0.7385988386637325,0.6166497096659331,FULL_ANCHOR,1.0,OK,False,0.0,True,1,"[""eye"", ""nerve"", ""retina""]",114,11370
PIKFYVE,True,0.44,0.6666666666666666,0.7374833345511972,0.6163708336377993,FULL_ANCHOR,1.0,OK,False,0.0,True,1,"[""eye"", ""nerve"", ""retina""]",114,11370
FA2H,True,0.56,0.6666666666666666,0.5928551231707906,0.6162137807926976,FULL_ANCHOR,1.0,OK,False,0.0,True,1,"[""eye"", ""nerve"", ""retina""]",114,11370
CPS1,True,0.32,0.8,0.6405434597134196,0.616135864928355,FULL_ANCHOR,1.0,OK,False,0.0,False,0,"[""eye"", ""nerve"", ""retina""]",114,11370
CDH19,True,0.44,0.8,0.49641536227044963,0.6161038405676125,FULL_ANCHOR,1.0,OK,False,0.0,False,0,"[""eye"", ""nerve"", ""retina""]",114,11370
LTV1,True,0.13333333333333333,0.8333333333333333,0.8036563818621402,0.615914095465535,FULL_ANCHOR,1.0,OK,False,0.0,True,2,"[""eye"", ""nerve"", ""retina""]",114,11370
ABCC1,True,0.32,0.8,0.6392155308063399,0.615803882701585,FULL_ANCHOR,1.0,OK,False,0.0,False,0,"[""eye"", ""nerve"", ""retina""]",114,11370
GSK3A,True,0.44,0.6666666666666666,0.7340947047663768,0.6155236761915942,FULL_ANCHOR,1.0,OK,False,0.0,True,1,"[""eye"", ""nerve"", ""retina""]",114,11370
SNRPN,True,0.32,0.6666666666666666,0.8776229549493684,0.6154057387373422,FULL_ANCHOR,1.0,OK,False,0.0,True,1,"[""eye"", ""nerve"", ""retina""]",114,11370
ENTPD1,True,0.32,0.6666666666666666,0.8775980665546657,0.6153995166386664,FULL_ANCHOR,1.0,OK,False,0.0,True,1,"[""eye"", ""nerve"", ""retina""]",114,11370
ANTXR2,True,0.44,0.8,0.4933782726091966,0.6153445681522992,FULL_ANCHOR,1.0,OK,False,0.0,False,0,"[""eye"", ""nerve"", ""retina""]",114,11370
HLA-DRB1,True,0.32,0.6666666666666666,0.8766146102853731,0.6151536525713432,FULL_ANCHOR,1.0,OK,False,0.0,True,1,"[""eye"", ""nerve"", ""retina""]",114,11370
UGCG,True,0.44,0.6666666666666666,0.7306909080004775,0.6146727270001193,FULL_ANCHOR,1.0,OK,False,0.0,True,1,"[""eye"", ""nerve"", ""retina""]",114,11370
CELF1,True,0.44,0.6666666666666666,0.7303228787458385,0.6145807196864597,FULL_ANCHOR,1.0,OK,False,0.0,True,1,"[""eye"", ""nerve"", ""retina""]",114,11370
STRC,True,0.44,0.8,0.4901210471828844,0.6145302617957211,FULL_ANCHOR,1.0,OK,False,0.0,False,0,"[""eye"", ""nerve"", ""retina""]",114,11370
MYH10,True,0.56,0.6666666666666666,0.5857087451412308,0.6144271862853077,FULL_ANCHOR,1.0,OK,False,0.0,True,1,"[""eye"", ""nerve"", ""retina""]",114,11370
OASL,True,0.13333333333333333,0.8,0.8570644989781391,0.6142661247445348,FULL_ANCHOR,1.0,OK,False,0.0,False,0,"[""eye"", ""nerve"", ""retina""]",114,11370
GCNT1,True,0.32,0.8,0.6327744354966364,0.6141936088741592,FULL_ANCHOR,1.0,OK,False,0.0,False,0,"[""eye"", ""nerve"", ""retina""]",114,11370
PIK3CB,True,0.32,0.6666666666666666,0.8707202081487881,0.613680052037197,FULL_ANCHOR,1.0,OK,False,0.0,True,1,"[""eye"", ""nerve"", ""retina""]",114,11370
FAT1,True,0.32,0.8,0.6303066889304008,0.6135766722326003,FULL_ANCHOR,1.0,OK,False,0.0,False,0,"[""eye"", ""nerve"", ""retina""]",114,11370
ALDH5A1,True,0.44,0.6666666666666666,0.7262580027928727,0.6135645006982182,FULL_ANCHOR,1.0,OK,False,0.0,True,1,"[""eye"", ""nerve"", ""retina""]",114,11370
DTNA,True,0.44,0.6666666666666666,0.7261790714873269,0.6135447678718318,FULL_ANCHOR,1.0,OK,False,0.0,True,1,"[""eye"", ""nerve"", ""retina""]",114,11370
HADH,True,0.44,0.6666666666666666,0.7250735129471059,0.6132683782367765,FULL_ANCHOR,1.0,OK,False,0.0,True,1,"[""eye"", ""nerve"", ""retina""]",114,11370
CECR2,True,0.32,0.8333333333333333,0.5682747507428894,0.6130686876857223,FULL_ANCHOR,1.0,OK,False,0.0,True,2,"[""eye"", ""nerve"", ""retina""]",114,11370
ROBO1,True,0.44,0.6666666666666666,0.7240097848835414,0.6130024462208854,FULL_ANCHOR,1.0,OK,False,0.0,True,1,"[""eye"", ""nerve"", ""retina""]",114,11370
TUBGCP5,True,0.32,0.8333333333333333,0.566069262254126,0.6125173155635315,FULL_ANCHOR,1.0,OK,False,0.0,True,2,"[""eye"", ""nerve"", ""retina""]",114,11370
EIF3E,True,0.13333333333333333,0.8333333333333333,0.789899920650632,0.612474980162658,FULL_ANCHOR,1.0,OK,False,0.0,True,2,"[""eye"", ""nerve"", ""retina""]",114,11370
DNAJC3,True,0.56,0.6666666666666666,0.5773284606359848,0.6123321151589962,FULL_ANCHOR,1.0,OK,False,0.0,True,1,"[""eye"", ""nerve"", ""retina""]",114,11370
MAP2K3,True,0.44,0.6666666666666666,0.7197792707408466,0.6119448176852116,FULL_ANCHOR,1.0,OK,False,0.0,True,1,"[""eye"", ""nerve"", ""retina""]",114,11370
SYN3,True,0.44,0.8,0.4795319898644275,0.611882997466107,FULL_ANCHOR,1.0,OK,False,0.0,False,0,"[""eye"", ""nerve"", ""retina""]",114,11370
CYP2E1,True,0.32,0.6666666666666666,0.8624678978899438,0.611616974472486,FULL_ANCHOR,1.0,OK,False,0.0,True,1,"[""eye"", ""nerve"", ""retina""]",114,11370
MAPK6,True,0.44,0.6666666666666666,0.7181507581413744,0.6115376895353436,FULL_ANCHOR,1.0,OK,False,0.0,True,1,"[""eye"", ""nerve"", ""retina""]",114,11370
ITGB8,True,0.56,0.6666666666666666,0.5740550124511432,0.6115137531127858,FULL_ANCHOR,1.0,OK,False,0.0,True,1,"[""eye"", ""nerve"", ""retina""]",114,11370
TBX21,True,0.13333333333333333,0.8,0.8437810117535669,0.6109452529383917,FULL_ANCHOR,1.0,OK,False,0.0,False,0,"[""eye"", ""nerve"", ""retina""]",114,11370
CTNNA3,True,0.32,0.8,0.6189036237602229,0.6107259059400558,FULL_ANCHOR,1.0,OK,False,0.0,False,0,"[""eye"", ""nerve"", ""retina""]",114,11370
PRKCQ,True,0.32,0.8,0.6168561994068513,0.6102140498517129,FULL_ANCHOR,1.0,OK,False,0.0,False,0,"[""eye"", ""nerve"", ""retina""]",114,11370
PKN1,True,0.44,0.6666666666666666,0.7127138201586349,0.6101784550396587,FULL_ANCHOR,1.0,OK,False,0.0,True,1,"[""eye"", ""nerve"", ""retina""]",114,11370
UPP2,True,0.44,0.8,0.47269632384629745,0.6101740809615744,FULL_ANCHOR,1.0,OK,False,0.0,False,0,"[""eye"", ""nerve"", ""retina""]",114,11370
ARIH1,True,0.13333333333333333,0.8333333333333333,0.7804691706942647,0.6101172926735662,FULL_ANCHOR,1.0,OK,False,0.0,True,2,"[""eye"", ""nerve"", ""retina""]",114,11370
NDEL1,True,0.44,0.6666666666666666,0.7116645461287016,0.6099161365321754,FULL_ANCHOR,1.0,OK,False,0.0,True,1,"[""eye"", ""nerve"", ""retina""]",114,11370
GDF15,True,0.32,0.8,0.6149860706858203,0.6097465176714552,FULL_ANCHOR,1.0,OK,False,0.0,False,0,"[""eye"", ""nerve"", ""retina""]",114,11370
RMI2,True,0.32,0.8,0.6133103926758164,0.6093275981689542,FULL_ANCHOR,1.0,OK,False,0.0,False,0,"[""eye"", ""nerve"", ""retina""]",114,11370
VPS13A,True,0.56,0.6666666666666666,0.5641413110061022,0.6090353277515255,FULL_ANCHOR,1.0,OK,False,0.0,True,1,"[""eye"", ""nerve"", ""retina""]",114,11370
IQGAP2,True,0.44,0.8333333333333333,0.40726801947757685,0.6088170048693942,FULL_ANCHOR,1.0,OK,False,0.0,True,2,"[""eye"", ""nerve"", ""retina""]",114,11370
TRIM25,True,0.32,0.6666666666666666,0.8509544277698411,0.6087386069424603,FULL_ANCHOR,1.0,OK,False,0.0,True,1,"[""eye"", ""nerve"", ""retina""]",114,11370
CYP24A1,True,0.32,0.8,0.6103015889262987,0.6085753972315747,FULL_ANCHOR,1.0,OK,False,0.0,False,0,"[""eye"", ""nerve"", ""retina""]",114,11370
SCN3A,True,0.44,0.8,0.46546903380224025,0.6083672584505602,FULL_ANCHOR,1.0,OK,False,0.0,False,0,"[""eye"", ""nerve"", ""retina""]",114,11370
THOC3,True,0.32,0.8333333333333333,0.5489298023285327,0.6082324505821332,FULL_ANCHOR,1.0,OK,False,0.0,True,2,"[""eye"", ""nerve"", ""retina""]",114,11370
LDHC,True,0.32,0.8,0.6073836193972002,0.6078459048493001,FULL_ANCHOR,1.0,OK,False,0.0,False,0,"[""eye"", ""nerve"", ""retina""]",114,11370
KCNJ5,True,0.32,0.8,0.6071654908480534,0.6077913727120134,FULL_ANCHOR,1.0,OK,False,0.0,False,0,"[""eye"", ""nerve"", ""retina""]",114,11370
SPTLC1,True,0.13333333333333333,0.8333333333333333,0.768915566682592,0.607228891670648,FULL_ANCHOR,1.0,OK,False,0.0,True,2,"[""eye"", ""nerve"", ""retina""]",114,11370
KHDRBS1,True,0.32,0.6666666666666666,0.844646615441301,0.6071616538603253,FULL_ANCHOR,1.0,OK,False,0.0,True,1,"[""eye"", ""nerve"", ""retina""]",114,11370
CD226,True,0.13333333333333333,0.8,0.8279165244314844,0.6069791311078712,FULL_ANCHOR,1.0,OK,False,0.0,False,0,"[""eye"", ""nerve"", ""retina""]",114,11370
SNTG2,True,0.32,0.8,0.6033569972806121,0.6068392493201531,FULL_ANCHOR,1.0,OK,False,0.0,False,0,"[""eye"", ""nerve"", ""retina""]",114,11370
IL33,True,0.13333333333333333,0.8,0.8273362096833208,0.6068340524208302,FULL_ANCHOR,1.0,OK,False,0.0,False,0,"[""eye"", ""nerve"", ""retina""]",114,11370
PARD3,True,0.44,0.6666666666666666,0.6991985965686189,0.6067996491421548,FULL_ANCHOR,1.0,OK,False,0.0,True,1,"[""eye"", ""nerve"", ""retina""]",114,11370
NR4A1,True,0.44,0.6666666666666666,0.6961982370938788,0.6060495592734697,FULL_ANCHOR,1.0,OK,False,0.0,True,1,"[""eye"", ""nerve"", ""retina""]",114,11370
PEX11G,True,0.8,0.6666666666666666,0.264192282728371,0.6060480706820928,FULL_ANCHOR,1.0,OK,False,0.0,True,1,"[""eye"", ""nerve"", ""retina""]",114,11370
ARFGEF2,True,0.56,0.6666666666666666,0.5520806341105671,0.6060201585276417,FULL_ANCHOR,1.0,OK,False,0.0,True,1,"[""eye"", ""nerve"", ""retina""]",114,11370
MSX1,True,0.44,0.6666666666666666,0.6954639329759504,0.6058659832439877,FULL_ANCHOR,1.0,OK,False,0.0,True,1,"[""eye"", ""nerve"", ""retina""]",114,11370
DOCK8,True,0.32,0.8,0.5992848637991605,0.6058212159497902,FULL_ANCHOR,1.0,OK,False,0.0,False,0,"[""eye"", ""nerve"", ""retina""]",114,11370
LRGUK,True,0.13333333333333333,0.8,0.8230992288024435,0.6057748072006108,FULL_ANCHOR,1.0,OK,False,0.0,False,0,"[""eye"", ""nerve"", ""retina""]",114,11370
CAVIN1,True,0.44,0.6666666666666666,0.694534388569624,0.605633597142406,FULL_ANCHOR,1.0,OK,False,0.0,True,1,"[""eye"", ""nerve"", ""retina""]",114,11370
IER3IP1,True,0.56,0.6666666666666666,0.5500228297637906,0.6055057074409476,FULL_ANCHOR,1.0,OK,False,0.0,True,1,"[""eye"", ""nerve"", ""retina""]",114,11370
FBLN1,True,0.44,0.6666666666666666,0.6911060822283632,0.6047765205570907,FULL_ANCHOR,1.0,OK,False,0.0,True,1,"[""eye"", ""nerve"", ""retina""]",114,11370
SMURF1,True,0.44,0.6666666666666666,0.6894104957137932,0.6043526239284482,FULL_ANCHOR,1.0,OK,False,0.0,True,1,"[""eye"", ""nerve"", ""retina""]",114,11370
TENM4,True,0.44,0.8,0.44916822328885464,0.6042920558222137,FULL_ANCHOR,1.0,OK,False,0.0,False,0,"[""eye"", ""nerve"", ""retina""]",114,11370
MAP3K14,True,0.32,0.8,0.5927645905232097,0.6041911476308025,FULL_ANCHOR,1.0,OK,False,0.0,False,0,"[""eye"", ""nerve"", ""retina""]",114,11370
SLIRP,True,0.44,0.6666666666666666,0.6886664810320123,0.604166620258003,FULL_ANCHOR,1.0,OK,False,0.0,True,1,"[""eye"", ""nerve"", ""retina""]",114,11370
TBC1D19,True,0.56,0.6666666666666666,0.5439573763925367,0.6039893440981341,FULL_ANCHOR,1.0,OK,False,0.0,True,1,"[""eye"", ""nerve"", ""retina""]",114,11370
CDH10,True,0.32,0.8,0.5896927854451052,0.6034231963612764,FULL_ANCHOR,1.0,OK,False,0.0,False,0,"[""eye"", ""nerve"", ""retina""]",114,11370
MGAM,True,0.32,0.8,0.5889126871557906,0.6032281717889477,FULL_ANCHOR,1.0,OK,False,0.0,False,0,"[""eye"", ""nerve"", ""retina""]",114,11370
PTH1R,True,0.56,0.6666666666666666,0.5387441419082941,0.6026860354770736,FULL_ANCHOR,1.0,OK,False,0.0,True,1,"[""eye"", ""nerve"", ""retina""]",114,11370
BDP1,True,0.32,0.8333333333333333,0.5260091940570344,0.6025022985142585,FULL_ANCHOR,1.0,OK,False,0.0,True,2,"[""eye"", ""nerve"", ""retina""]",114,11370
HSPA12B,True,0.32,0.8,0.5857581230147404,0.6024395307536852,FULL_ANCHOR,1.0,OK,False,0.0,False,0,"[""eye"", ""nerve"", ""retina""]",114,11370
SEC24D,True,0.32,0.8,0.585696934251938,0.6024242335629846,FULL_ANCHOR,1.0,OK,False,0.0,False,0,"[""eye"", ""nerve"", ""retina""]",114,11370
RNGTT,True,0.32,0.8333333333333333,0.5251711288642007,0.6022927822160502,FULL_ANCHOR,1.0,OK,False,0.0,True,2,"[""eye"", ""nerve"", ""retina""]",114,11370
APOBEC3C,True,0.44,0.8,0.44107399187010266,0.6022684979675257,FULL_ANCHOR,1.0,OK,False,0.0,False,0,"[""eye"", ""nerve"", ""retina""]",114,11370
MAP2K6,True,0.44,0.6666666666666666,0.6804430802241082,0.6021107700560271,FULL_ANCHOR,1.0,OK,False,0.0,True,1,"[""eye"", ""nerve"", ""retina""]",114,11370
E2F3,True,0.32,0.8333333333333333,0.5244334806544634,0.6021083701636158,FULL_ANCHOR,1.0,OK,False,0.0,True,2,"[""eye"", ""nerve"", ""retina""]",114,11370
AKAP9,True,0.32,0.6666666666666666,0.8227622359812136,0.6016905589953034,FULL_ANCHOR,1.0,OK,False,0.0,True,1,"[""eye"", ""nerve"", ""retina""]",114,11370
SDC4,True,0.32,0.6666666666666666,0.8208165730773291,0.6012041432693322,FULL_ANCHOR,1.0,OK,False,0.0,True,1,"[""eye"", ""nerve"", ""retina""]",114,11370
PFDN5,True,0.13333333333333333,0.8333333333333333,0.7441822454075226,0.6010455613518806,FULL_ANCHOR,1.0,OK,False,0.0,True,2,"[""eye"", ""nerve"", ""retina""]",114,11370
RBBP6,True,0.32,0.8333333333333333,0.519324525105054,0.6008311312762635,FULL_ANCHOR,1.0,OK,False,0.0,True,2,"[""eye"", ""nerve"", ""retina""]",114,11370
PDE10A,True,0.32,0.8,0.5784478118091214,0.6006119529522804,FULL_ANCHOR,1.0,OK,False,0.0,False,0,"[""eye"", ""nerve"", ""retina""]",114,11370
AGFG1,True,0.13333333333333333,0.8333333333333333,0.7424345661875769,0.6006086415468942,FULL_ANCHOR,1.0,OK,False,0.0,True,2,"[""eye"", ""nerve"", ""retina""]",114,11370
ITGB3BP,True,0.32,0.8,0.576745428700137,0.6001863571750343,FULL_ANCHOR,1.0,OK,False,0.0,False,0,"[""eye"", ""nerve"", ""retina""]",114,11370
MYH11,True,0.32,0.6666666666666666,0.8167135392322035,0.6001783848080509,FULL_ANCHOR,1.0,OK,False,0.0,True,1,"[""eye"", ""nerve"", ""retina""]",114,11370
ITPR2,True,0.44,0.6666666666666666,0.6720229263192756,0.6000057315798188,FULL_ANCHOR,1.0,OK,False,0.0,True,1,"[""eye"", ""nerve"", ""retina""]",114,11370
RAD21L1,True,0.32,0.8,0.5753022991078727,0.5998255747769683,FULL_ANCHOR,1.0,OK,False,0.0,False,0,"[""eye"", ""nerve"", ""retina""]",114,11370
CARD11,True,0.32,0.8,0.574246808587772,0.599561702146943,FULL_ANCHOR,1.0,OK,False,0.0,False,0,"[""eye"", ""nerve"", ""retina""]",114,11370
BMPR1B,True,0.44,0.6666666666666666,0.6701198703298188,0.5995299675824547,FULL_ANCHOR,1.0,OK,False,0.0,True,1,"[""eye"", ""nerve"", ""retina""]",114,11370
NR5A2,True,0.32,0.8,0.5737992034471349,0.5994498008617838,FULL_ANCHOR,1.0,OK,False,0.0,False,0,"[""eye"", ""nerve"", ""retina""]",114,11370
ALDH9A1,True,0.44,0.6666666666666666,0.6694200619079895,0.5993550154769973,FULL_ANCHOR,1.0,OK,False,0.0,True,1,"[""eye"", ""nerve"", ""retina""]",114,11370
ACTR3,True,0.32,0.6666666666666666,0.8132796703817857,0.5993199175954464,FULL_ANCHOR,1.0,OK,False,0.0,True,1,"[""eye"", ""nerve"", ""retina""]",114,11370
CEP128,True,0.32,0.8,0.5731270591948918,0.599281764798723,FULL_ANCHOR,1.0,OK,False,0.0,False,0,"[""eye"", ""nerve"", ""retina""]",114,11370
CDH7,True,0.44,0.8,0.4280142363231929,0.5990035590807983,FULL_ANCHOR,1.0,OK,False,0.0,False,0,"[""eye"", ""nerve"", ""retina""]",114,11370
KALRN,True,0.32,0.6666666666666666,0.8115619755838002,0.5988904938959501,FULL_ANCHOR,1.0,OK,False,0.0,True,1,"[""eye"", ""nerve"", ""retina""]",114,11370
PRPSAP1,True,0.44,0.6666666666666666,0.6666054850828946,0.5986513712707237,FULL_ANCHOR,1.0,OK,False,0.0,True,1,"[""eye"", ""nerve"", ""retina""]",114,11370
ACADS,True,0.44,0.6666666666666666,0.6665647628000319,0.598641190700008,FULL_ANCHOR,1.0,OK,False,0.0,True,1,"[""eye"", ""nerve"", ""retina""]",114,11370
SGSH,True,0.44,0.8,0.42555806111988626,0.5983895152799716,FULL_ANCHOR,1.0,OK,False,0.0,False,0,"[""eye"", ""nerve"", ""retina""]",114,11370
ATXN10,True,0.56,0.6666666666666666,0.5194077107597209,0.5978519276899302,FULL_ANCHOR,1.0,OK,False,0.0,True,1,"[""eye"", ""nerve"", ""retina""]",114,11370
HFM1,True,0.13333333333333333,0.8,0.791379172292759,0.5978447930731898,FULL_ANCHOR,1.0,OK,False,0.0,False,0,"[""eye"", ""nerve"", ""retina""]",114,11370
CARD14,True,0.32,0.8,0.5669731698580251,0.5977432924645063,FULL_ANCHOR,1.0,OK,False,0.0,False,0,"[""eye"", ""nerve"", ""retina""]",114,11370
MRPL48,True,0.32,0.8333333333333333,0.5060435146583088,0.5975108786645772,FULL_ANCHOR,1.0,OK,False,0.0,True,2,"[""eye"", ""nerve"", ""retina""]",114,11370
SPHK1,True,0.32,0.6666666666666666,0.805730165345724,0.597432541336431,FULL_ANCHOR,1.0,OK,False,0.0,True,1,"[""eye"", ""nerve"", ""retina""]",114,11370
IAPP,True,0.32,0.8,0.5653173734786088,0.5973293433696523,FULL_ANCHOR,1.0,OK,False,0.0,False,0,"[""eye"", ""nerve"", ""retina""]",114,11370
AP1B1,True,0.44,0.6666666666666666,0.6610528387523416,0.5972632096880854,FULL_ANCHOR,1.0,OK,False,0.0,True,1,"[""eye"", ""nerve"", ""retina""]",114,11370
ACSL3,True,0.44,0.6666666666666666,0.6606174257098534,0.5971543564274633,FULL_ANCHOR,1.0,OK,False,0.0,True,1,"[""eye"", ""nerve"", ""retina""]",114,11370
KCNJ3,True,0.32,0.8,0.5612093418589807,0.5963023354647452,FULL_ANCHOR,1.0,OK,False,0.0,False,0,"[""eye"", ""nerve"", ""retina""]",114,11370
TLR1,True,0.13333333333333333,0.8,0.783741459295454,0.5959353648238636,FULL_ANCHOR,1.0,OK,False,0.0,False,0,"[""eye"", ""nerve"", ""retina""]",114,11370
RNF212,True,0.32,0.7999999999999998,0.5588258274026368,0.5957064568506591,FULL_ANCHOR,1.0,OK,False,0.0,False,0,"[""eye"", ""nerve"", ""retina""]",114,11370
TRIM27,True,0.44,0.6666666666666666,0.6547541664467765,0.5956885416116942,FULL_ANCHOR,1.0,OK,False,0.0,True,1,"[""eye"", ""nerve"", ""retina""]",114,11370
GP6,True,0.32,0.8,0.5579375707100489,0.5954843926775123,FULL_ANCHOR,1.0,OK,False,0.0,False,0,"[""eye"", ""nerve"", ""retina""]",114,11370
VAV2,True,0.44,0.6666666666666666,0.6536366407251581,0.5954091601812895,FULL_ANCHOR,1.0,OK,False,0.0,True,1,"[""eye"", ""nerve"", ""retina""]",114,11370
SLC25A23,True,0.6799999999999999,0.6666666666666666,0.3645692557856973,0.5951423139464244,FULL_ANCHOR,1.0,OK,False,0.0,True,1,"[""eye"", ""nerve"", ""retina""]",114,11370
XDH,True,0.13333333333333333,0.8,0.779777899510243,0.5949444748775607,FULL_ANCHOR,1.0,OK,False,0.0,False,0,"[""eye"", ""nerve"", ""retina""]",114,11370
HMGCL,True,0.44,0.6666666666666666,0.6515283060080859,0.5948820765020215,FULL_ANCHOR,1.0,OK,False,0.0,True,1,"[""eye"", ""nerve"", ""retina""]",114,11370
SUPT3H,True,0.32,0.8,0.555281978729768,0.594820494682442,FULL_ANCHOR,1.0,OK,False,0.0,False,0,"[""eye"", ""nerve"", ""retina""]",114,11370
KLHL25,True,0.32,0.8,0.5544890989622167,0.5946222747405543,FULL_ANCHOR,1.0,OK,False,0.0,False,0,"[""eye"", ""nerve"", ""retina""]",114,11370
DSCAM,True,0.32,0.8,0.5541467642012852,0.5945366910503214,FULL_ANCHOR,1.0,OK,False,0.0,False,0,"[""eye"", ""nerve"", ""retina""]",114,11370
AP1S3,True,0.32,0.8,0.554054096100747,0.5945135240251869,FULL_ANCHOR,1.0,OK,False,0.0,False,0,"[""eye"", ""nerve"", ""retina""]",114,11370
TRIB3,True,0.32,0.8,0.5538661672680475,0.594466541817012,FULL_ANCHOR,1.0,OK,False,0.0,False,0,"[""eye"", ""nerve"", ""retina""]",114,11370
PSTPIP2,True,0.44,0.8,0.40884511291576786,0.594211278228942,FULL_ANCHOR,1.0,OK,False,0.0,False,0,"[""eye"", ""nerve"", ""retina""]",114,11370
TBL1XR1,True,0.32,0.6666666666666666,0.792823190162123,0.5942057975405308,FULL_ANCHOR,1.0,OK,False,0.0,True,1,"[""eye"", ""nerve"", ""retina""]",114,11370
NIN,True,0.44,0.6666666666666666,0.6481252085907776,0.5940313021476944,FULL_ANCHOR,1.0,OK,False,0.0,True,1,"[""eye"", ""nerve"", ""retina""]",114,11370
FBXL7,True,0.13333333333333333,0.8333333333333333,0.7154587425212771,0.5938646856303192,FULL_ANCHOR,1.0,OK,False,0.0,True,2,"[""eye"", ""nerve"", ""retina""]",114,11370
GALNT1,True,0.56,0.6666666666666666,0.5029973742963525,0.5937493435740882,FULL_ANCHOR,1.0,OK,False,0.0,True,1,"[""eye"", ""nerve"", ""retina""]",114,11370
VWC2,True,0.32,0.8,0.5497274496529881,0.5934318624132471,FULL_ANCHOR,1.0,OK,False,0.0,False,0,"[""eye"", ""nerve"", ""retina""]",114,11370
SFRP2,True,0.44,0.6666666666666666,0.6442292505222516,0.5930573126305629,FULL_ANCHOR,1.0,OK,False,0.0,True,1,"[""eye"", ""nerve"", ""retina""]",114,11370
KHSRP,True,0.32,0.6666666666666666,0.7875643185251874,0.5928910796312968,FULL_ANCHOR,1.0,OK,False,0.0,True,1,"[""eye"", ""nerve"", ""retina""]",114,11370
TMTC1,True,0.44,0.8,0.4031915832721116,0.592797895818028,FULL_ANCHOR,1.0,OK,False,0.0,False,0,"[""eye"", ""nerve"", ""retina""]",114,11370
NME4,True,0.44,0.6666666666666666,0.6423288497357627,0.5925822124339406,FULL_ANCHOR,1.0,OK,False,0.0,True,1,"[""eye"", ""nerve"", ""retina""]",114,11370
VAV3,True,0.44,0.6666666666666666,0.6421247568752584,0.5925311892188145,FULL_ANCHOR,1.0,OK,False,0.0,True,1,"[""eye"", ""nerve"", ""retina""]",114,11370
TTBK2,True,0.56,0.6666666666666666,0.4970226863660977,0.5922556715915244,FULL_ANCHOR,1.0,OK,False,0.0,True,1,"[""eye"", ""nerve"", ""retina""]",114,11370
CSH1,True,0.13333333333333333,0.8,0.7679196293227786,0.5919799073306946,FULL_ANCHOR,1.0,OK,False,0.0,False,0,"[""eye"", ""nerve"", ""retina""]",114,11370
SLC35C1,True,0.44,0.6666666666666666,0.6398932066245164,0.591973301656129,FULL_ANCHOR,1.0,OK,False,0.0,True,1,"[""eye"", ""nerve"", ""retina""]",114,11370
CSGALNACT1,True,0.44,0.8,0.3990863961383275,0.591771599034582,FULL_ANCHOR,1.0,OK,False,0.0,False,0,"[""eye"", ""nerve"", ""retina""]",114,11370
UNC79,True,0.32,0.8,0.5427376832882298,0.5916844208220575,FULL_ANCHOR,1.0,OK,False,0.0,False,0,"[""eye"", ""nerve"", ""retina""]",114,11370
KIF13A,True,0.44,0.6666666666666666,0.6380317336589914,0.5915079334147478,FULL_ANCHOR,1.0,OK,False,0.0,True,1,"[""eye"", ""nerve"", ""retina""]",114,11370
ADAM10,True,0.32,0.6666666666666666,0.7820161678193346,0.5915040419548336,FULL_ANCHOR,1.0,OK,False,0.0,True,1,"[""eye"", ""nerve"", ""retina""]",114,11370
PPP3CA,True,0.32,0.6666666666666666,0.7816095162528803,0.5914023790632201,FULL_ANCHOR,1.0,OK,False,0.0,True,1,"[""eye"", ""nerve"", ""retina""]",114,11370
MUSK,True,0.32,0.8,0.5410567325004362,0.5912641831251091,FULL_ANCHOR,1.0,OK,False,0.0,False,0,"[""eye"", ""nerve"", ""retina""]",114,11370
TBC1D22A,True,0.44,0.6666666666666666,0.6367811977812363,0.5911952994453091,FULL_ANCHOR,1.0,OK,False,0.0,True,1,"[""eye"", ""nerve"", ""retina""]",114,11370
RAP1A,True,0.32,0.6666666666666666,0.7796231444979906,0.5909057861244977,FULL_ANCHOR,1.0,OK,False,0.0,True,1,"[""eye"", ""nerve"", ""retina""]",114,11370
HDAC9,True,0.32,0.6666666666666666,0.7790515461357177,0.5907628865339294,FULL_ANCHOR,1.0,OK,False,0.0,True,1,"[""eye"", ""nerve"", ""retina""]",114,11370
PDE11A,True,0.32,0.8,0.5388114197613972,0.5907028549403494,FULL_ANCHOR,1.0,OK,False,0.0,False,0,"[""eye"", ""nerve"", ""retina""]",114,11370
GNA11,True,0.32,0.6666666666666666,0.7775608057510468,0.5903902014377618,FULL_ANCHOR,1.0,OK,False,0.0,True,1,"[""eye"", ""nerve"", ""retina""]",114,11370
RCL1,True,0.13333333333333333,0.8333333333333333,0.7006688469816729,0.5901672117454182,FULL_ANCHOR,1.0,OK,False,0.0,True,2,"[""eye"", ""nerve"", ""retina""]",114,11370
P4HA2,True,0.44,0.6666666666666666,0.6303910159553157,0.5895977539888289,FULL_ANCHOR,1.0,OK,False,0.0,True,1,"[""eye"", ""nerve"", ""retina""]",114,11370
EFHB,True,0.13333333333333333,0.8,0.7559432917721209,0.5889858229430303,FULL_ANCHOR,1.0,OK,False,0.0,False,0,"[""eye"", ""nerve"", ""retina""]",114,11370
LGR5,True,0.32,0.6666666666666666,0.7719365254600661,0.5889841313650166,FULL_ANCHOR,1.0,OK,False,0.0,True,1,"[""eye"", ""nerve"", ""retina""]",114,11370
BCAT2,True,0.44,0.6666666666666666,0.627028801038515,0.5887572002596287,FULL_ANCHOR,1.0,OK,False,0.0,True,1,"[""eye"", ""nerve"", ""retina""]",114,11370
OGDHL,True,0.44,0.6666666666666666,0.6266654846098507,0.5886663711524627,FULL_ANCHOR,1.0,OK,False,0.0,True,1,"[""eye"", ""nerve"", ""retina""]",114,11370
KCNMA1,True,0.32,0.6666666666666666,0.770603650687226,0.5886509126718065,FULL_ANCHOR,1.0,OK,False,0.0,True,1,"[""eye"", ""nerve"", ""retina""]",114,11370
TUSC3,True,0.6799999999999999,0.6666666666666666,0.33754211615708696,0.5883855290392718,FULL_ANCHOR,1.0,OK,False,0.0,True,1,"[""eye"", ""nerve"", ""retina""]",114,11370
NCAPG2,True,0.44,0.6666666666666666,0.6255288923819937,0.5883822230954985,FULL_ANCHOR,1.0,OK,False,0.0,True,1,"[""eye"", ""nerve"", ""retina""]",114,11370
TAT,True,0.32,0.8,0.5284209511943903,0.5881052377985976,FULL_ANCHOR,1.0,OK,False,0.0,False,0,"[""eye"", ""nerve"", ""retina""]",114,11370
MX2,True,0.32,0.8,0.5264847718358985,0.5876211929589747,FULL_ANCHOR,1.0,OK,False,0.0,False,0,"[""eye"", ""nerve"", ""retina""]",114,11370
RGS6,True,0.32,0.8,0.5261771639308555,0.587544290982714,FULL_ANCHOR,1.0,OK,False,0.0,False,0,"[""eye"", ""nerve"", ""retina""]",114,11370
AFF1,True,0.44,0.6666666666666666,0.6221701971832062,0.5875425492958015,FULL_ANCHOR,1.0,OK,False,0.0,True,1,"[""eye"", ""nerve"", ""retina""]",114,11370
MAN1A1,True,0.44,0.6666666666666666,0.6218765758884525,0.5874691439721131,FULL_ANCHOR,1.0,OK,False,0.0,True,1,"[""eye"", ""nerve"", ""retina""]",114,11370
CNGB3,True,0.56,0.6666666666666666,0.47776899473679046,0.5874422486841976,FULL_ANCHOR,1.0,OK,False,0.0,True,1,"[""eye"", ""nerve"", ""retina""]",114,11370
ADCY8,True,0.13333333333333333,0.8,0.7476722268620482,0.5869180567155121,FULL_ANCHOR,1.0,OK,False,0.0,False,0,"[""eye"", ""nerve"", ""retina""]",114,11370
MEFV,True,0.13333333333333333,0.8,0.7471470783988261,0.5867867695997065,FULL_ANCHOR,1.0,OK,False,0.0,False,0,"[""eye"", ""nerve"", ""retina""]",114,11370
TRIM5,True,0.13333333333333333,0.8,0.7465484078409341,0.5866371019602336,FULL_ANCHOR,1.0,OK,False,0.0,False,0,"[""eye"", ""nerve"", ""retina""]",114,11370
FDFT1,True,0.32,0.6666666666666666,0.7600820953375387,0.5860205238343847,FULL_ANCHOR,1.0,OK,False,0.0,True,1,"[""eye"", ""nerve"", ""retina""]",114,11370
TNKS,True,0.32,0.6666666666666666,0.7597938691195304,0.5859484672798826,FULL_ANCHOR,1.0,OK,False,0.0,True,1,"[""eye"", ""nerve"", ""retina""]",114,11370
C7,True,0.32,0.8,0.5175657893716723,0.5853914473429181,FULL_ANCHOR,1.0,OK,False,0.0,False,0,"[""eye"", ""nerve"", ""retina""]",114,11370
DSG4,True,0.13333333333333333,0.8,0.7395095000406293,0.5848773750101574,FULL_ANCHOR,1.0,OK,False,0.0,False,0,"[""eye"", ""nerve"", ""retina""]",114,11370
TAF3,True,0.32,0.6666666666666666,0.7549712889103855,0.5847428222275963,FULL_ANCHOR,1.0,OK,False,0.0,True,1,"[""eye"", ""nerve"", ""retina""]",114,11370
CERS6,True,0.44,0.6666666666666666,0.6108541919328038,0.584713547983201,FULL_ANCHOR,1.0,OK,False,0.0,True,1,"[""eye"", ""nerve"", ""retina""]",114,11370
METTL17,True,0.32,0.6666666666666666,0.7544039673905027,0.5846009918476257,FULL_ANCHOR,1.0,OK,False,0.0,True,1,"[""eye"", ""nerve"", ""retina""]",114,11370
IGLL5,True,0.13333333333333333,0.8,0.7383488223164094,0.5845872055791024,FULL_ANCHOR,1.0,OK,False,0.0,False,0,"[""eye"", ""nerve"", ""retina""]",114,11370
RIN3,True,0.32,0.8,0.513698145086413,0.5844245362716033,FULL_ANCHOR,1.0,OK,False,0.0,False,0,"[""eye"", ""nerve"", ""retina""]",114,11370
PI4KA,True,0.13333333333333333,0.8333333333333333,0.6769733054218863,0.5842433263554716,FULL_ANCHOR,1.0,OK,False,0.0,True,2,"[""eye"", ""nerve"", ""retina""]",114,11370
UTP23,True,0.13333333333333333,0.8333333333333333,0.6762155802357405,0.5840538950589351,FULL_ANCHOR,1.0,OK,False,0.0,True,2,"[""eye"", ""nerve"", ""retina""]",114,11370
DLG2,True,0.32,0.6666666666666666,0.7521883296508857,0.5840470824127214,FULL_ANCHOR,1.0,OK,False,0.0,True,1,"[""eye"", ""nerve"", ""retina""]",114,11370
DAB1,True,0.44,0.8,0.367011364090917,0.5837528410227293,FULL_ANCHOR,1.0,OK,False,0.0,False,0,"[""eye"", ""nerve"", ""retina""]",114,11370
GPT2,True,0.32,0.6666666666666666,0.7497543269159128,0.5834385817289782,FULL_ANCHOR,1.0,OK,False,0.0,True,1,"[""eye"", ""nerve"", ""retina""]",114,11370
RBFOX1,True,0.44,0.6666666666666666,0.6055927845755648,0.5833981961438912,FULL_ANCHOR,1.0,OK,False,0.0,True,1,"[""eye"", ""nerve"", ""retina""]",114,11370
CAT,True,0.56,0.6666666666666666,0.46089044667574375,0.5832226116689359,FULL_ANCHOR,1.0,OK,False,0.0,True,1,"[""eye"", ""nerve"", ""retina""]",114,11370
SLCO1A2,True,0.13333333333333333,0.8,0.7315206540650774,0.5828801635162694,FULL_ANCHOR,1.0,OK,False,0.0,False,0,"[""eye"", ""nerve"", ""retina""]",114,11370
CEP164,True,0.32,0.6666666666666666,0.7474668429631215,0.5828667107407803,FULL_ANCHOR,1.0,OK,False,0.0,True,1,"[""eye"", ""nerve"", ""retina""]",114,11370
CACNG2,True,0.13333333333333333,0.8,0.7292404581301382,0.5823101145325346,FULL_ANCHOR,1.0,OK,False,0.0,False,0,"[""eye"", ""nerve"", ""retina""]",114,11370
PLA2G4D,True,0.13333333333333333,0.8,0.7278455630925695,0.5819613907731425,FULL_ANCHOR,1.0,OK,False,0.0,False,0,"[""eye"", ""nerve"", ""retina""]",114,11370
BNIP2,True,0.56,0.6666666666666666,0.45541410568111074,0.5818535264202777,FULL_ANCHOR,1.0,OK,False,0.0,True,1,"[""eye"", ""nerve"", ""retina""]",114,11370
SYNE2,True,0.44,0.6666666666666666,0.5988097045564551,0.5817024261391137,FULL_ANCHOR,1.0,OK,False,0.0,True,1,"[""eye"", ""nerve"", ""retina""]",114,11370
LDHAL6A,True,0.32,0.8,0.5026737832014437,0.581668445800361,FULL_ANCHOR,1.0,OK,False,0.0,False,0,"[""eye"", ""nerve"", ""retina""]",114,11370
PIMREG,True,0.32,0.8,0.5019241034029278,0.581481025850732,FULL_ANCHOR,1.0,OK,False,0.0,False,0,"[""eye"", ""nerve"", ""retina""]",114,11370
MTA3,True,0.44,0.6666666666666666,0.5978276846881647,0.5814569211720412,FULL_ANCHOR,1.0,OK,False,0.0,True,1,"[""eye"", ""nerve"", ""retina""]",114,11370
DCC,True,0.32,0.8,0.5016902586175325,0.5814225646543831,FULL_ANCHOR,1.0,OK,False,0.0,False,0,"[""eye"", ""nerve"", ""retina""]",114,11370
PRKD1,True,0.13333333333333333,0.8,0.7254908669597708,0.5813727167399427,FULL_ANCHOR,1.0,OK,False,0.0,False,0,"[""eye"", ""nerve"", ""retina""]",114,11370
LYZ,True,0.13333333333333333,0.8333333333333333,0.664506670676184,0.581126667669046,FULL_ANCHOR,1.0,OK,False,0.0,True,2,"[""eye"", ""nerve"", ""retina""]",114,11370
COL19A1,True,0.32,0.8,0.49934761185399423,0.5808369029634987,FULL_ANCHOR,1.0,OK,False,0.0,False,0,"[""eye"", ""nerve"", ""retina""]",114,11370
EGLN3,True,0.32,0.6666666666666666,0.7381570219603915,0.5805392554900979,FULL_ANCHOR,1.0,OK,False,0.0,True,1,"[""eye"", ""nerve"", ""retina""]",114,11370
CDH18,True,0.32,0.8,0.49798090995549227,0.5804952274888732,FULL_ANCHOR,1.0,OK,False,0.0,False,0,"[""eye"", ""nerve"", ""retina""]",114,11370
GFOD1,True,0.32,0.8,0.49749078098856614,0.5803726952471416,FULL_ANCHOR,1.0,OK,False,0.0,False,0,"[""eye"", ""nerve"", ""retina""]",114,11370
SH3TC2,True,0.44,0.8,0.3534839006287057,0.5803709751571765,FULL_ANCHOR,1.0,OK,False,0.0,False,0,"[""eye"", ""nerve"", ""retina""]",114,11370
RTTN,True,0.32,0.6666666666666666,0.736327810562416,0.580081952640604,FULL_ANCHOR,1.0,OK,False,0.0,True,1,"[""eye"", ""nerve"", ""retina""]",114,11370
WDR25,True,0.13333333333333333,0.8333333333333333,0.6580973251851003,0.579524331296275,FULL_ANCHOR,1.0,OK,False,0.0,True,2,"[""eye"", ""nerve"", ""retina""]",114,11370
JAZF1,True,0.32,0.6666666666666666,0.7337577087638251,0.5794394271909563,FULL_ANCHOR,1.0,OK,False,0.0,True,1,"[""eye"", ""nerve"", ""retina""]",114,11370
FGF14,True,0.44,0.8,0.34965668991680443,0.5794141724792011,FULL_ANCHOR,1.0,OK,False,0.0,False,0,"[""eye"", ""nerve"", ""retina""]",114,11370
MTRF1,True,0.32,0.8,0.4933053309541899,0.5793263327385475,FULL_ANCHOR,1.0,OK,False,0.0,False,0,"[""eye"", ""nerve"", ""retina""]",114,11370
LIM2,True,0.13333333333333333,0.8,0.7164960124096874,0.5791240031024218,FULL_ANCHOR,1.0,OK,False,0.0,False,0,"[""eye"", ""nerve"", ""retina""]",114,11370
FAT3,True,0.32,0.8,0.4901881586975926,0.5785470396743982,FULL_ANCHOR,1.0,OK,False,0.0,False,0,"[""eye"", ""nerve"", ""retina""]",114,11370
GRM7,True,0.13333333333333333,0.8,0.7130206181160477,0.578255154529012,FULL_ANCHOR,1.0,OK,False,0.0,False,0,"[""eye"", ""nerve"", ""retina""]",114,11370
MAML3,True,0.32,0.8,0.48894561160953637,0.5782364029023842,FULL_ANCHOR,1.0,OK,False,0.0,False,0,"[""eye"", ""nerve"", ""retina""]",114,11370
HLA-DQB1,True,0.32,0.6666666666666666,0.7284967104780576,0.5781241776195144,FULL_ANCHOR,1.0,OK,False,0.0,True,1,"[""eye"", ""nerve"", ""retina""]",114,11370
MSR1,True,0.32,0.6666666666666666,0.7280900484409416,0.5780225121102354,FULL_ANCHOR,1.0,OK,False,0.0,True,1,"[""eye"", ""nerve"", ""retina""]",114,11370
OBSL1,True,0.32,0.6666666666666666,0.7271865143771818,0.5777966285942955,FULL_ANCHOR,1.0,OK,False,0.0,True,1,"[""eye"", ""nerve"", ""retina""]",114,11370
NDUFAF1,True,0.44,0.6666666666666666,0.5829811315766855,0.5777452828941714,FULL_ANCHOR,1.0,OK,False,0.0,True,1,"[""eye"", ""nerve"", ""retina""]",114,11370
HLA-DRB5,True,0.32,0.6666666666666666,0.7254251053728722,0.5773562763432181,FULL_ANCHOR,1.0,OK,False,0.0,True,1,"[""eye"", ""nerve"", ""retina""]",114,11370
AKAP13,True,0.44,0.6666666666666666,0.580726391148007,0.5771815977870017,FULL_ANCHOR,1.0,OK,False,0.0,True,1,"[""eye"", ""nerve"", ""retina""]",114,11370
EME2,True,0.32,0.8,0.4846984316826578,0.5771746079206646,FULL_ANCHOR,1.0,OK,False,0.0,False,0,"[""eye"", ""nerve"", ""retina""]",114,11370
TMEM87A,True,0.56,0.6666666666666666,0.4357287801663964,0.5769321950415991,FULL_ANCHOR,1.0,OK,False,0.0,True,1,"[""eye"", ""nerve"", ""retina""]",114,11370
ABCC2,True,0.13333333333333333,0.8,0.7075697830532688,0.5768924457633172,FULL_ANCHOR,1.0,OK,False,0.0,False,0,"[""eye"", ""nerve"", ""retina""]",114,11370
OCA2,True,0.13333333333333333,0.8,0.7068467500900353,0.5767116875225089,FULL_ANCHOR,1.0,OK,False,0.0,False,0,"[""eye"", ""nerve"", ""retina""]",114,11370
PTPRF,True,0.44,0.6666666666666666,0.5779457648711412,0.5764864412177853,FULL_ANCHOR,1.0,OK,False,0.0,True,1,"[""eye"", ""nerve"", ""retina""]",114,11370
SMIM12,True,0.32,0.6666666666666666,0.7216565738967963,0.5764141434741991,FULL_ANCHOR,1.0,OK,False,0.0,True,1,"[""eye"", ""nerve"", ""retina""]",114,11370
PRMT7,True,0.32,0.8,0.481540255752669,0.5763850639381674,FULL_ANCHOR,1.0,OK,False,0.0,False,0,"[""eye"", ""nerve"", ""retina""]",114,11370
CYFIP2,True,0.32,0.6666666666666666,0.7212867383848824,0.5763216845962207,FULL_ANCHOR,1.0,OK,False,0.0,True,1,"[""eye"", ""nerve"", ""retina""]",114,11370
EPHA3,True,0.44,0.6666666666666666,0.5771618784793782,0.5762904696198445,FULL_ANCHOR,1.0,OK,False,0.0,True,1,"[""eye"", ""nerve"", ""retina""]",114,11370
ZFPM2,True,0.32,0.8,0.4808761738213103,0.5762190434553276,FULL_ANCHOR,1.0,OK,False,0.0,False,0,"[""eye"", ""nerve"", ""retina""]",114,11370
TRPM4,True,0.13333333333333333,0.8,0.7043964731165242,0.5760991182791311,FULL_ANCHOR,1.0,OK,False,0.0,False,0,"[""eye"", ""nerve"", ""retina""]",114,11370
ROPN1L,True,0.13333333333333333,0.8,0.7035674019079527,0.5758918504769882,FULL_ANCHOR,1.0,OK,False,0.0,False,0,"[""eye"", ""nerve"", ""retina""]",114,11370
FHIT,True,0.44,0.6666666666666666,0.5753450709113114,0.5758362677278278,FULL_ANCHOR,1.0,OK,False,0.0,True,1,"[""eye"", ""nerve"", ""retina""]",114,11370
TCF4,True,0.32,0.6666666666666666,0.7187009497420336,0.5756752374355084,FULL_ANCHOR,1.0,OK,False,0.0,True,1,"[""eye"", ""nerve"", ""retina""]",114,11370
SRPK2,True,0.44,0.6666666666666666,0.5738251061491562,0.575456276537289,FULL_ANCHOR,1.0,OK,False,0.0,True,1,"[""eye"", ""nerve"", ""retina""]",114,11370
KIF26B,True,0.32,0.8,0.47730702984612217,0.5753267574615306,FULL_ANCHOR,1.0,OK,False,0.0,False,0,"[""eye"", ""nerve"", ""retina""]",114,11370
SPATA18,True,0.32,0.8,0.4769358427139359,0.5752339606784841,FULL_ANCHOR,1.0,OK,False,0.0,False,0,"[""eye"", ""nerve"", ""retina""]",114,11370
PAOX,True,0.44,0.8,0.3327673350055519,0.575191833751388,FULL_ANCHOR,1.0,OK,False,0.0,False,0,"[""eye"", ""nerve"", ""retina""]",114,11370
EPYC,True,0.32,0.8,0.4764330199775041,0.5751082549943761,FULL_ANCHOR,1.0,OK,False,0.0,False,0,"[""eye"", ""nerve"", ""retina""]",114,11370
TNFSF14,True,0.32,0.8,0.4764018436504394,0.5751004609126099,FULL_ANCHOR,1.0,OK,False,0.0,False,0,"[""eye"", ""nerve"", ""retina""]",114,11370
TMIGD2,True,0.13333333333333333,0.8,0.6989841000520625,0.5747460250130156,FULL_ANCHOR,1.0,OK,False,0.0,False,0,"[""eye"", ""nerve"", ""retina""]",114,11370
NID2,True,0.44,0.8,0.3305410646248272,0.5746352661562069,FULL_ANCHOR,1.0,OK,False,0.0,False,0,"[""eye"", ""nerve"", ""retina""]",114,11370
DPPA4,True,0.32,0.8,0.47341141410362886,0.5743528535259073,FULL_ANCHOR,1.0,OK,False,0.0,False,0,"[""eye"", ""nerve"", ""retina""]",114,11370
APOBEC3F,True,0.32,0.8,0.4723657064969188,0.5740914266242297,FULL_ANCHOR,1.0,OK,False,0.0,False,0,"[""eye"", ""nerve"", ""retina""]",114,11370
PDS5A,True,0.13333333333333333,0.8333333333333333,0.6361014445250728,0.5740253611312682,FULL_ANCHOR,1.0,OK,False,0.0,True,2,"[""eye"", ""nerve"", ""retina""]",114,11370
ASXL1,True,0.32,0.6666666666666666,0.7106152454707074,0.5736538113676769,FULL_ANCHOR,1.0,OK,False,0.0,True,1,"[""eye"", ""nerve"", ""retina""]",114,11370
ARHGEF18,True,0.44,0.6666666666666666,0.5656158084724321,0.573403952118108,FULL_ANCHOR,1.0,OK,False,0.0,True,1,"[""eye"", ""nerve"", ""retina""]",114,11370
MRTFA,True,0.32,0.6666666666666666,0.7094016251199246,0.5733504062799811,FULL_ANCHOR,1.0,OK,False,0.0,True,1,"[""eye"", ""nerve"", ""retina""]",114,11370
GABRB1,True,0.32,0.8,0.4674021978434846,0.5728505494608712,FULL_ANCHOR,1.0,OK,False,0.0,False,0,"[""eye"", ""nerve"", ""retina""]",114,11370
CELSR1,True,0.32,0.8,0.4664964758167868,0.5726241189541967,FULL_ANCHOR,1.0,OK,False,0.0,False,0,"[""eye"", ""nerve"", ""retina""]",114,11370
NOL11,True,0.13333333333333333,0.8333333333333333,0.6302788459523806,0.5725697114880951,FULL_ANCHOR,1.0,OK,False,0.0,True,2,"[""eye"", ""nerve"", ""retina""]",114,11370
SIGLEC1,True,0.13333333333333333,0.8,0.6901229669776254,0.5725307417444063,FULL_ANCHOR,1.0,OK,False,0.0,False,0,"[""eye"", ""nerve"", ""retina""]",114,11370
RECQL,True,0.44,0.6666666666666666,0.5617006513323131,0.5724251628330783,FULL_ANCHOR,1.0,OK,False,0.0,True,1,"[""eye"", ""nerve"", ""retina""]",114,11370
HLA-DQA1,True,0.32,0.6666666666666666,0.7049335134416498,0.5722333783604124,FULL_ANCHOR,1.0,OK,False,0.0,True,1,"[""eye"", ""nerve"", ""retina""]",114,11370
COL22A1,True,0.32,0.8,0.4648603061207648,0.5722150765301912,FULL_ANCHOR,1.0,OK,False,0.0,False,0,"[""eye"", ""nerve"", ""retina""]",114,11370
CIB3,True,0.32,0.8,0.4633217643327078,0.571830441083177,FULL_ANCHOR,1.0,OK,False,0.0,False,0,"[""eye"", ""nerve"", ""retina""]",114,11370
PLPP3,True,0.32,0.6666666666666666,0.7030821272423793,0.5717705318105948,FULL_ANCHOR,1.0,OK,False,0.0,True,1,"[""eye"", ""nerve"", ""retina""]",114,11370
KCNK9,True,0.13333333333333333,0.8,0.687041340093431,0.5717603350233578,FULL_ANCHOR,1.0,OK,False,0.0,False,0,"[""eye"", ""nerve"", ""retina""]",114,11370
BEGAIN,True,0.13333333333333333,0.8,0.6866546335367182,0.5716636583841795,FULL_ANCHOR,1.0,OK,False,0.0,False,0,"[""eye"", ""nerve"", ""retina""]",114,11370
COQ8A,True,0.56,0.6666666666666666,0.41460864236538053,0.5716521605913452,FULL_ANCHOR,1.0,OK,False,0.0,True,1,"[""eye"", ""nerve"", ""retina""]",114,11370
GALM,True,0.13333333333333333,0.8,0.6865953397476889,0.5716488349369222,FULL_ANCHOR,1.0,OK,False,0.0,False,0,"[""eye"", ""nerve"", ""retina""]",114,11370
PNPO,True,0.44,0.6666666666666666,0.5578927862936812,0.5714731965734203,FULL_ANCHOR,1.0,OK,False,0.0,True,1,"[""eye"", ""nerve"", ""retina""]",114,11370
KCNC2,True,0.32,0.6666666666666666,0.701809284297943,0.5714523210744857,FULL_ANCHOR,1.0,OK,False,0.0,True,1,"[""eye"", ""nerve"", ""retina""]",114,11370
TG,True,0.13333333333333333,0.8,0.6841666085351664,0.5710416521337917,FULL_ANCHOR,1.0,OK,False,0.0,False,0,"[""eye"", ""nerve"", ""retina""]",114,11370
INTS9,True,0.13333333333333333,0.8333333333333333,0.623748725566891,0.5709371813917228,FULL_ANCHOR,1.0,OK,False,0.0,True,2,"[""eye"", ""nerve"", ""retina""]",114,11370
TENT4A,True,0.32,0.6666666666666666,0.6989928022195595,0.5707482005548898,FULL_ANCHOR,1.0,OK,False,0.0,True,1,"[""eye"", ""nerve"", ""retina""]",114,11370
SLC6A2,True,0.32,0.8,0.4582638104641285,0.5705659526160322,FULL_ANCHOR,1.0,OK,False,0.0,False,0,"[""eye"", ""nerve"", ""retina""]",114,11370
PPP2R5E,True,0.32,0.6666666666666666,0.697989686955415,0.5704974217388538,FULL_ANCHOR,1.0,OK,False,0.0,True,1,"[""eye"", ""nerve"", ""retina""]",114,11370
MYO18A,True,0.32,0.6666666666666666,0.6978527708724381,0.5704631927181095,FULL_ANCHOR,1.0,OK,False,0.0,True,1,"[""eye"", ""nerve"", ""retina""]",114,11370
GAN,True,0.32,0.8,0.457172194537161,0.5702930486342903,FULL_ANCHOR,1.0,OK,False,0.0,False,0,"[""eye"", ""nerve"", ""retina""]",114,11370
PLS1,True,0.44,0.6666666666666666,0.5531464660434673,0.5702866165108669,FULL_ANCHOR,1.0,OK,False,0.0,True,1,"[""eye"", ""nerve"", ""retina""]",114,11370
GDAP1L1,True,0.6799999999999999,0.6666666666666666,0.26510453496452385,0.570276133741131,FULL_ANCHOR,1.0,OK,False,0.0,True,1,"[""eye"", ""nerve"", ""retina""]",114,11370
ZC3H13,True,0.32,0.6666666666666666,0.6968950533143703,0.5702237633285926,FULL_ANCHOR,1.0,OK,False,0.0,True,1,"[""eye"", ""nerve"", ""retina""]",114,11370
ACSF3,True,0.44,0.6666666666666666,0.5520934161037039,0.570023354025926,FULL_ANCHOR,1.0,OK,False,0.0,True,1,"[""eye"", ""nerve"", ""retina""]",114,11370
ACSM2A,True,0.13333333333333333,0.8,0.6776907553215299,0.5694226888303825,FULL_ANCHOR,1.0,OK,False,0.0,False,0,"[""eye"", ""nerve"", ""retina""]",114,11370
CHKA,True,0.32,0.6666666666666666,0.6935958789519591,0.5693989697379898,FULL_ANCHOR,1.0,OK,False,0.0,True,1,"[""eye"", ""nerve"", ""retina""]",114,11370
NOS1AP,True,0.13333333333333333,0.8,0.6775713993910293,0.5693928498477574,FULL_ANCHOR,1.0,OK,False,0.0,False,0,"[""eye"", ""nerve"", ""retina""]",114,11370
CYP2C19,True,0.13333333333333333,0.8,0.6771940908272311,0.5692985227068078,FULL_ANCHOR,1.0,OK,False,0.0,False,0,"[""eye"", ""nerve"", ""retina""]",114,11370
RECK,True,0.32,0.8,0.45301309008422563,0.5692532725210565,FULL_ANCHOR,1.0,OK,False,0.0,False,0,"[""eye"", ""nerve"", ""retina""]",114,11370
CFAP77,True,0.32,0.8,0.452442173560583,0.5691105433901458,FULL_ANCHOR,1.0,OK,False,0.0,False,0,"[""eye"", ""nerve"", ""retina""]",114,11370
HLA-DQA2,True,0.32,0.6666666666666666,0.6921996646895654,0.5690499161723914,FULL_ANCHOR,1.0,OK,False,0.0,True,1,"[""eye"", ""nerve"", ""retina""]",114,11370
GRIP1,True,0.13333333333333333,0.8,0.6753628456068892,0.5688407114017223,FULL_ANCHOR,1.0,OK,False,0.0,False,0,"[""eye"", ""nerve"", ""retina""]",114,11370
NPEPPS,True,0.13333333333333333,0.8333333333333333,0.6148496647965762,0.568712416199144,FULL_ANCHOR,1.0,OK,False,0.0,True,2,"[""eye"", ""nerve"", ""retina""]",114,11370
SPTLC2,True,0.32,0.6666666666666666,0.6903494127999916,0.5685873531999979,FULL_ANCHOR,1.0,OK,False,0.0,True,1,"[""eye"", ""nerve"", ""retina""]",114,11370
JPH2,True,0.13333333333333333,0.8,0.6739559934385,0.5684889983596251,FULL_ANCHOR,1.0,OK,False,0.0,False,0,"[""eye"", ""nerve"", ""retina""]",114,11370
CFAP95,True,0.13333333333333333,0.8,0.6731401060374342,0.5682850265093586,FULL_ANCHOR,1.0,OK,False,0.0,False,0,"[""eye"", ""nerve"", ""retina""]",114,11370
SAA2,True,0.13333333333333333,0.8,0.6715454097677988,0.5678863524419497,FULL_ANCHOR,1.0,OK,False,0.0,False,0,"[""eye"", ""nerve"", ""retina""]",114,11370
KHDRBS2,True,0.32,0.8,0.44733830045468476,0.5678345751136713,FULL_ANCHOR,1.0,OK,False,0.0,False,0,"[""eye"", ""nerve"", ""retina""]",114,11370
PDE4B,True,0.32,0.6666666666666666,0.6870747687265438,0.567768692181636,FULL_ANCHOR,1.0,OK,False,0.0,True,1,"[""eye"", ""nerve"", ""retina""]",114,11370
ACACB,True,0.13333333333333333,0.8,0.6710630491595536,0.5677657622898884,FULL_ANCHOR,1.0,OK,False,0.0,False,0,"[""eye"", ""nerve"", ""retina""]",114,11370
PYROXD1,True,0.32,0.8333333333333333,0.3855576744035424,0.5673894186008855,FULL_ANCHOR,1.0,OK,False,0.0,True,2,"[""eye"", ""nerve"", ""retina""]",114,11370
CCL22,True,0.13333333333333333,0.8,0.6693631010241605,0.5673407752560402,FULL_ANCHOR,1.0,OK,False,0.0,False,0,"[""eye"", ""nerve"", ""retina""]",114,11370
ACER2,True,0.32,0.8,0.444538317779097,0.5671345794447743,FULL_ANCHOR,1.0,OK,False,0.0,False,0,"[""eye"", ""nerve"", ""retina""]",114,11370
SOS2,True,0.44,0.6666666666666666,0.5398047595168347,0.5669511898792087,FULL_ANCHOR,1.0,OK,False,0.0,True,1,"[""eye"", ""nerve"", ""retina""]",114,11370
IL12RB1,True,0.13333333333333333,0.8,0.6675493305354059,0.5668873326338515,FULL_ANCHOR,1.0,OK,False,0.0,False,0,"[""eye"", ""nerve"", ""retina""]",114,11370
TXNL4A,True,0.13333333333333333,0.8333333333333333,0.6066492019594072,0.5666623004898518,FULL_ANCHOR,1.0,OK,False,0.0,True,2,"[""eye"", ""nerve"", ""retina""]",114,11370
SLCO1B3,True,0.32,0.8,0.4423707892688248,0.5665926973172063,FULL_ANCHOR,1.0,OK,False,0.0,False,0,"[""eye"", ""nerve"", ""retina""]",114,11370
KLHL5,True,0.32,0.6666666666666666,0.6813864744468763,0.5663466186117191,FULL_ANCHOR,1.0,OK,False,0.0,True,1,"[""eye"", ""nerve"", ""retina""]",114,11370
LINGO2,True,0.32,0.8,0.440564282519682,0.5661410706299206,FULL_ANCHOR,1.0,OK,False,0.0,False,0,"[""eye"", ""nerve"", ""retina""]",114,11370
INTS4,True,0.13333333333333333,0.8333333333333333,0.6041839194445715,0.5660459798611428,FULL_ANCHOR,1.0,OK,False,0.0,True,2,"[""eye"", ""nerve"", ""retina""]",114,11370
TBC1D14,True,0.44,0.6666666666666666,0.5359384772583055,0.5659846193145763,FULL_ANCHOR,1.0,OK,False,0.0,True,1,"[""eye"", ""nerve"", ""retina""]",114,11370
SPTLC3,True,0.13333333333333333,0.8,0.6638977839021613,0.5659744459755404,FULL_ANCHOR,1.0,OK,False,0.0,False,0,"[""eye"", ""nerve"", ""retina""]",114,11370
TNNC2,True,0.13333333333333333,0.8,0.6637059988535727,0.5659264997133933,FULL_ANCHOR,1.0,OK,False,0.0,False,0,"[""eye"", ""nerve"", ""retina""]",114,11370
NAALADL2,True,0.32,0.8,0.43864632181440943,0.5656615804536025,FULL_ANCHOR,1.0,OK,False,0.0,False,0,"[""eye"", ""nerve"", ""retina""]",114,11370
APOC2,True,0.32,0.6666666666666666,0.6784918875420811,0.5656229718855204,FULL_ANCHOR,1.0,OK,False,0.0,True,1,"[""eye"", ""nerve"", ""retina""]",114,11370
ACSM3,True,0.13333333333333333,0.8,0.6618486250765869,0.5654621562691468,FULL_ANCHOR,1.0,OK,False,0.0,False,0,"[""eye"", ""nerve"", ""retina""]",114,11370
COX7B2,True,0.32,0.8,0.43760311736640795,0.565400779341602,FULL_ANCHOR,1.0,OK,False,0.0,False,0,"[""eye"", ""nerve"", ""retina""]",114,11370
PTPRD,True,0.32,0.6666666666666666,0.6773502928537618,0.5653375732134405,FULL_ANCHOR,1.0,OK,False,0.0,True,1,"[""eye"", ""nerve"", ""retina""]",114,11370
CEP170,True,0.32,0.6666666666666666,0.6765210711272418,0.5651302677818104,FULL_ANCHOR,1.0,OK,False,0.0,True,1,"[""eye"", ""nerve"", ""retina""]",114,11370
TGFBRAP1,True,0.44,0.6666666666666666,0.5323342689004761,0.565083567225119,FULL_ANCHOR,1.0,OK,False,0.0,True,1,"[""eye"", ""nerve"", ""retina""]",114,11370
THRB,True,0.32,0.6666666666666666,0.6746442335547385,0.5646610583886846,FULL_ANCHOR,1.0,OK,False,0.0,True,1,"[""eye"", ""nerve"", ""retina""]",114,11370
INHA,True,0.13333333333333333,0.8,0.6577236061581996,0.5644309015395499,FULL_ANCHOR,1.0,OK,False,0.0,False,0,"[""eye"", ""nerve"", ""retina""]",114,11370
FAM110B,True,0.32,0.8,0.4334237066081229,0.5643559266520308,FULL_ANCHOR,1.0,OK,False,0.0,False,0,"[""eye"", ""nerve"", ""retina""]",114,11370
CTSC,True,0.32,0.6666666666666666,0.6721122392121203,0.5640280598030301,FULL_ANCHOR,1.0,OK,False,0.0,True,1,"[""eye"", ""nerve"", ""retina""]",114,11370
MYO3B,True,0.44,0.6666666666666666,0.5278039974175377,0.5639509993543844,FULL_ANCHOR,1.0,OK,False,0.0,True,1,"[""eye"", ""nerve"", ""retina""]",114,11370
NEURL2,True,0.32,0.8,0.4309184587797099,0.5637296146949275,FULL_ANCHOR,1.0,OK,False,0.0,False,0,"[""eye"", ""nerve"", ""retina""]",114,11370
KCNAB1,True,0.32,0.6666666666666666,0.6696891454949369,0.5634222863737343,FULL_ANCHOR,1.0,OK,False,0.0,True,1,"[""eye"", ""nerve"", ""retina""]",114,11370
TWIST2,True,0.44,0.8,0.2847100988983484,0.5631775247245872,FULL_ANCHOR,1.0,OK,False,0.0,False,0,"[""eye"", ""nerve"", ""retina""]",114,11370
TLE1,True,0.32,0.6666666666666666,0.6665332267061153,0.5626333066765288,FULL_ANCHOR,1.0,OK,False,0.0,True,1,"[""eye"", ""nerve"", ""retina""]",114,11370
SLC45A2,True,0.13333333333333333,0.8,0.6502551737590619,0.5625637934397655,FULL_ANCHOR,1.0,OK,False,0.0,False,0,"[""eye"", ""nerve"", ""retina""]",114,11370
NECTIN1,True,0.44,0.6666666666666666,0.5211797597675567,0.5622949399418892,FULL_ANCHOR,1.0,OK,False,0.0,True,1,"[""eye"", ""nerve"", ""retina""]",114,11370
RGS7,True,0.13333333333333333,0.8,0.6489984195824074,0.5622496048956018,FULL_ANCHOR,1.0,OK,False,0.0,False,0,"[""eye"", ""nerve"", ""retina""]",114,11370
NCOA6,True,0.13333333333333333,0.6666666666666666,0.8882126163818531,0.5620531540954632,FULL_ANCHOR,1.0,OK,False,0.0,True,1,"[""eye"", ""nerve"", ""retina""]",114,11370
LRRC37A3,True,0.13333333333333333,0.8333333333333333,0.5866501640023855,0.5616625410005963,FULL_ANCHOR,1.0,OK,False,0.0,True,2,"[""eye"", ""nerve"", ""retina""]",114,11370
TRPC6,True,0.13333333333333333,0.8,0.6465339961895868,0.5616334990473968,FULL_ANCHOR,1.0,OK,False,0.0,False,0,"[""eye"", ""nerve"", ""retina""]",114,11370
MYO5B,True,0.32,0.6666666666666666,0.6623710795943633,0.5615927698985909,FULL_ANCHOR,1.0,OK,False,0.0,True,1,"[""eye"", ""nerve"", ""retina""]",114,11370
GABRB3,True,0.32,0.6666666666666666,0.6623596470757893,0.5615899117689473,FULL_ANCHOR,1.0,OK,False,0.0,True,1,"[""eye"", ""nerve"", ""retina""]",114,11370
SV2B,True,0.32,0.6666666666666666,0.6623257169893628,0.5615814292473407,FULL_ANCHOR,1.0,OK,False,0.0,True,1,"[""eye"", ""nerve"", ""retina""]",114,11370
PAK5,True,0.44,0.6666666666666666,0.516949571519632,0.5612373928799079,FULL_ANCHOR,1.0,OK,False,0.0,True,1,"[""eye"", ""nerve"", ""retina""]",114,11370
CDYL2,True,0.13333333333333333,0.8,0.6447637414179479,0.561190935354487,FULL_ANCHOR,1.0,OK,False,0.0,False,0,"[""eye"", ""nerve"", ""retina""]",114,11370
BICC1,True,0.32,0.8,0.41848550522173356,0.5606213763054335,FULL_ANCHOR,1.0,OK,False,0.0,False,0,"[""eye"", ""nerve"", ""retina""]",114,11370
PKN2,True,0.44,0.6666666666666666,0.514418873003015,0.5606047182507538,FULL_ANCHOR,1.0,OK,False,0.0,True,1,"[""eye"", ""nerve"", ""retina""]",114,11370
ROR2,True,0.32,0.8,0.4176356435109023,0.5604089108777257,FULL_ANCHOR,1.0,OK,False,0.0,False,0,"[""eye"", ""nerve"", ""retina""]",114,11370
ABL2,True,0.44,0.6666666666666666,0.5130411262601129,0.5602602815650282,FULL_ANCHOR,1.0,OK,False,0.0,True,1,"[""eye"", ""nerve"", ""retina""]",114,11370
NAA38,True,0.32,0.6666666666666666,0.6566364153747319,0.5601591038436831,FULL_ANCHOR,1.0,OK,False,0.0,True,1,"[""eye"", ""nerve"", ""retina""]",114,11370
UGT2B7,True,0.13333333333333333,0.8,0.6391021094876808,0.5597755273719203,FULL_ANCHOR,1.0,OK,False,0.0,False,0,"[""eye"", ""nerve"", ""retina""]",114,11370
PDGFC,True,0.32,0.8,0.41494031734798775,0.5597350793369971,FULL_ANCHOR,1.0,OK,False,0.0,False,0,"[""eye"", ""nerve"", ""retina""]",114,11370
RORA,True,0.32,0.6666666666666666,0.6538229017986581,0.5594557254496646,FULL_ANCHOR,1.0,OK,False,0.0,True,1,"[""eye"", ""nerve"", ""retina""]",114,11370
SACS,True,0.56,0.6666666666666666,0.3650655806174071,0.5592663951543517,FULL_ANCHOR,1.0,OK,False,0.0,True,1,"[""eye"", ""nerve"", ""retina""]",114,11370
HABP2,True,0.13333333333333333,0.8,0.634310384649526,0.5585775961623816,FULL_ANCHOR,1.0,OK,False,0.0,False,0,"[""eye"", ""nerve"", ""retina""]",114,11370
KIF12,True,0.32,0.8,0.4101698808329107,0.5585424702082278,FULL_ANCHOR,1.0,OK,False,0.0,False,0,"[""eye"", ""nerve"", ""retina""]",114,11370
ARMC3,True,0.13333333333333333,0.8,0.6329623586641089,0.5582405896660272,FULL_ANCHOR,1.0,OK,False,0.0,False,0,"[""eye"", ""nerve"", ""retina""]",114,11370
MTARC2,True,0.32,0.7999999999999998,0.40811631057880243,0.5580290776447006,FULL_ANCHOR,1.0,OK,False,0.0,False,0,"[""eye"", ""nerve"", ""retina""]",114,11370
PDSS1,True,0.32,0.8,0.4080287808509865,0.5580071952127467,FULL_ANCHOR,1.0,OK,False,0.0,False,0,"[""eye"", ""nerve"", ""retina""]",114,11370
DNAH5,True,0.13333333333333333,0.8,0.6318465370672657,0.5579616342668164,FULL_ANCHOR,1.0,OK,False,0.0,False,0,"[""eye"", ""nerve"", ""retina""]",114,11370
SPATA25,True,0.13333333333333333,0.8,0.6315657575070783,0.5578914393767695,FULL_ANCHOR,1.0,OK,False,0.0,False,0,"[""eye"", ""nerve"", ""retina""]",114,11370
CEP63,True,0.32,0.6666666666666666,0.6470174466097582,0.5577543616524396,FULL_ANCHOR,1.0,OK,False,0.0,True,1,"[""eye"", ""nerve"", ""retina""]",114,11370
AUTS2,True,0.32,0.6666666666666666,0.6457648174797,0.5574412043699251,FULL_ANCHOR,1.0,OK,False,0.0,True,1,"[""eye"", ""nerve"", ""retina""]",114,11370
ARHGEF28,True,0.32,0.6666666666666666,0.6457097170998316,0.5574274292749579,FULL_ANCHOR,1.0,OK,False,0.0,True,1,"[""eye"", ""nerve"", ""retina""]",114,11370
GATAD2A,True,0.32,0.6666666666666666,0.6444731295830806,0.5571182823957701,FULL_ANCHOR,1.0,OK,False,0.0,True,1,"[""eye"", ""nerve"", ""retina""]",114,11370
CCL4,True,0.13333333333333333,0.6666666666666666,0.8684248888170549,0.5571062222042638,FULL_ANCHOR,1.0,OK,False,0.0,True,1,"[""eye"", ""nerve"", ""retina""]",114,11370
ODF1,True,0.13333333333333333,0.8,0.6275813259018364,0.5568953314754591,FULL_ANCHOR,1.0,OK,False,0.0,False,0,"[""eye"", ""nerve"", ""retina""]",114,11370
CGNL1,True,0.44,0.6666666666666666,0.49954322046098365,0.5568858051152459,FULL_ANCHOR,1.0,OK,False,0.0,True,1,"[""eye"", ""nerve"", ""retina""]",114,11370
STX8,True,0.44,0.6666666666666666,0.49922598658844575,0.5568064966471115,FULL_ANCHOR,1.0,OK,False,0.0,True,1,"[""eye"", ""nerve"", ""retina""]",114,11370
ANGPT2,True,0.44,0.6666666666666666,0.49809867623502446,0.5565246690587561,FULL_ANCHOR,1.0,OK,False,0.0,True,1,"[""eye"", ""nerve"", ""retina""]",114,11370
GSTT4,True,0.13333333333333333,0.8,0.6252826028525181,0.5563206507131295,FULL_ANCHOR,1.0,OK,False,0.0,False,0,"[""eye"", ""nerve"", ""retina""]",114,11370
MAP2K5,True,0.32,0.6666666666666666,0.6410277953810359,0.556256948845259,FULL_ANCHOR,1.0,OK,False,0.0,True,1,"[""eye"", ""nerve"", ""retina""]",114,11370
GRID2,True,0.13333333333333333,0.8,0.6249608508900009,0.5562402127225002,FULL_ANCHOR,1.0,OK,False,0.0,False,0,"[""eye"", ""nerve"", ""retina""]",114,11370
CTSA,True,0.32,0.6666666666666666,0.6406041684100439,0.556151042102511,FULL_ANCHOR,1.0,OK,False,0.0,True,1,"[""eye"", ""nerve"", ""retina""]",114,11370
CREB3L1,True,0.13333333333333333,0.8,0.6239607591424567,0.5559901897856142,FULL_ANCHOR,1.0,OK,False,0.0,False,0,"[""eye"", ""nerve"", ""retina""]",114,11370
ATF7IP2,True,0.32,0.8,0.3990795478596726,0.5557698869649182,FULL_ANCHOR,1.0,OK,False,0.0,False,0,"[""eye"", ""nerve"", ""retina""]",114,11370
ITGAE,True,0.13333333333333333,0.8,0.6223900461638429,0.5555975115409607,FULL_ANCHOR,1.0,OK,False,0.0,False,0,"[""eye"", ""nerve"", ""retina""]",114,11370
ALCAM,True,0.32,0.6666666666666666,0.6381684679551266,0.5555421169887816,FULL_ANCHOR,1.0,OK,False,0.0,True,1,"[""eye"", ""nerve"", ""retina""]",114,11370
KCNG2,True,0.13333333333333333,0.8,0.6220066660241306,0.5555016665060326,FULL_ANCHOR,1.0,OK,False,0.0,False,0,"[""eye"", ""nerve"", ""retina""]",114,11370
NDUFV3,True,0.32,0.6666666666666666,0.6371231838354436,0.5552807959588609,FULL_ANCHOR,1.0,OK,False,0.0,True,1,"[""eye"", ""nerve"", ""retina""]",114,11370
OPCML,True,0.32,0.6666666666666666,0.6370891743750151,0.5552722935937537,FULL_ANCHOR,1.0,OK,False,0.0,True,1,"[""eye"", ""nerve"", ""retina""]",114,11370
KIAA0319,True,0.13333333333333333,0.8,0.6210849814972559,0.555271245374314,FULL_ANCHOR,1.0,OK,False,0.0,False,0,"[""eye"", ""nerve"", ""retina""]",114,11370
PYCR1,True,0.32,0.6666666666666666,0.637078699404554,0.5552696748511385,FULL_ANCHOR,1.0,OK,False,0.0,True,1,"[""eye"", ""nerve"", ""retina""]",114,11370
P3H2,True,0.44,0.6666666666666666,0.49304175072888934,0.5552604376822223,FULL_ANCHOR,1.0,OK,False,0.0,True,1,"[""eye"", ""nerve"", ""retina""]",114,11370
CCDC38,True,0.13333333333333333,0.8,0.6206522466693809,0.5551630616673453,FULL_ANCHOR,1.0,OK,False,0.0,False,0,"[""eye"", ""nerve"", ""retina""]",114,11370
MIPOL1,True,0.13333333333333333,0.8,0.620553094919374,0.5551382737298436,FULL_ANCHOR,1.0,OK,False,0.0,False,0,"[""eye"", ""nerve"", ""retina""]",114,11370
R3HDM4,True,0.32,0.6666666666666666,0.6354468388135475,0.5548617097033869,FULL_ANCHOR,1.0,OK,False,0.0,True,1,"[""eye"", ""nerve"", ""retina""]",114,11370
ASB16,True,0.13333333333333333,0.8,0.6193688927963334,0.5548422231990834,FULL_ANCHOR,1.0,OK,False,0.0,False,0,"[""eye"", ""nerve"", ""retina""]",114,11370
SMG6,True,0.13333333333333333,0.8333333333333333,0.5590095513700617,0.5547523878425153,FULL_ANCHOR,1.0,OK,False,0.0,True,2,"[""eye"", ""nerve"", ""retina""]",114,11370
SERPINB2,True,0.13333333333333333,0.8,0.6186819303580168,0.5546704825895042,FULL_ANCHOR,1.0,OK,False,0.0,False,0,"[""eye"", ""nerve"", ""retina""]",114,11370
CATSPERE,True,0.13333333333333333,0.8,0.6175044731925687,0.5543761182981422,FULL_ANCHOR,1.0,OK,False,0.0,False,0,"[""eye"", ""nerve"", ""retina""]",114,11370
HECW1,True,0.13333333333333333,0.8,0.6172897747263923,0.5543224436815981,FULL_ANCHOR,1.0,OK,False,0.0,False,0,"[""eye"", ""nerve"", ""retina""]",114,11370
SP3,True,0.44,0.6666666666666666,0.48926745117774045,0.5543168627944352,FULL_ANCHOR,1.0,OK,False,0.0,True,1,"[""eye"", ""nerve"", ""retina""]",114,11370
ST3GAL1,True,0.32,0.6666666666666666,0.6328020947009791,0.5542005236752447,FULL_ANCHOR,1.0,OK,False,0.0,True,1,"[""eye"", ""nerve"", ""retina""]",114,11370
LRP1B,True,0.13333333333333333,0.8,0.6159087831712384,0.5539771957928097,FULL_ANCHOR,1.0,OK,False,0.0,False,0,"[""eye"", ""nerve"", ""retina""]",114,11370
IRF8,True,0.13333333333333333,0.6666666666666666,0.8552531539405712,0.5538132884851428,FULL_ANCHOR,1.0,OK,False,0.0,True,1,"[""eye"", ""nerve"", ""retina""]",114,11370
DGKB,True,0.13333333333333333,0.8,0.6149579577888785,0.5537394894472196,FULL_ANCHOR,1.0,OK,False,0.0,False,0,"[""eye"", ""nerve"", ""retina""]",114,11370
DOCK3,True,0.44,0.6666666666666666,0.48691618011604987,0.5537290450290124,FULL_ANCHOR,1.0,OK,False,0.0,True,1,"[""eye"", ""nerve"", ""retina""]",114,11370
FZD3,True,0.32,0.6666666666666666,0.6305921861805314,0.5536480465451329,FULL_ANCHOR,1.0,OK,False,0.0,True,1,"[""eye"", ""nerve"", ""retina""]",114,11370
SORBS1,True,0.44,0.6666666666666666,0.48613777983364515,0.5535344449584113,FULL_ANCHOR,1.0,OK,False,0.0,True,1,"[""eye"", ""nerve"", ""retina""]",114,11370
FGD4,True,0.56,0.6666666666666666,0.3421349563996593,0.5535337390999148,FULL_ANCHOR,1.0,OK,False,0.0,True,1,"[""eye"", ""nerve"", ""retina""]",114,11370
CYP2C8,True,0.13333333333333333,0.8,0.6130393133597319,0.553259828339933,FULL_ANCHOR,1.0,OK,False,0.0,False,0,"[""eye"", ""nerve"", ""retina""]",114,11370
MAPK8IP3,True,0.32,0.6666666666666666,0.6273503434565022,0.5528375858641256,FULL_ANCHOR,1.0,OK,False,0.0,True,1,"[""eye"", ""nerve"", ""retina""]",114,11370
A4GALT,True,0.13333333333333333,0.8,0.6111527782212954,0.5527881945553239,FULL_ANCHOR,1.0,OK,False,0.0,False,0,"[""eye"", ""nerve"", ""retina""]",114,11370
ADCY7,True,0.13333333333333333,0.8,0.6109353365434133,0.5527338341358533,FULL_ANCHOR,1.0,OK,False,0.0,False,0,"[""eye"", ""nerve"", ""retina""]",114,11370
RFX2,True,0.32,0.8,0.3848718484780025,0.5522179621195007,FULL_ANCHOR,1.0,OK,False,0.0,False,0,"[""eye"", ""nerve"", ""retina""]",114,11370
MCPH1,True,0.13333333333333333,0.8,0.6085109672604896,0.5521277418151225,FULL_ANCHOR,1.0,OK,False,0.0,False,0,"[""eye"", ""nerve"", ""retina""]",114,11370
KCNRG,True,0.13333333333333333,0.8,0.6083083082120095,0.5520770770530024,FULL_ANCHOR,1.0,OK,False,0.0,False,0,"[""eye"", ""nerve"", ""retina""]",114,11370
NFIC,True,0.44,0.6666666666666666,0.4799179027901542,0.5519794756975386,FULL_ANCHOR,1.0,OK,False,0.0,True,1,"[""eye"", ""nerve"", ""retina""]",114,11370
RYK,True,0.44,0.6666666666666666,0.47968438140946223,0.5519210953523656,FULL_ANCHOR,1.0,OK,False,0.0,True,1,"[""eye"", ""nerve"", ""retina""]",114,11370
INPP5A,True,0.32,0.6666666666666666,0.6235179964520788,0.5518794991130197,FULL_ANCHOR,1.0,OK,False,0.0,True,1,"[""eye"", ""nerve"", ""retina""]",114,11370
PROKR2,True,0.13333333333333333,0.8,0.6074226496450545,0.5518556624112636,FULL_ANCHOR,1.0,OK,False,0.0,False,0,"[""eye"", ""nerve"", ""retina""]",114,11370
TRMT10C,True,0.32,0.6666666666666666,0.6223691582931064,0.5515922895732766,FULL_ANCHOR,1.0,OK,False,0.0,True,1,"[""eye"", ""nerve"", ""retina""]",114,11370
KCNJ6,True,0.13333333333333333,0.8,0.6056575644551946,0.5514143911137986,FULL_ANCHOR,1.0,OK,False,0.0,False,0,"[""eye"", ""nerve"", ""retina""]",114,11370
PDRG1,True,0.13333333333333333,0.8333333333333333,0.5451406230565017,0.5512851557641254,FULL_ANCHOR,1.0,OK,False,0.0,True,2,"[""eye"", ""nerve"", ""retina""]",114,11370
IGDCC4,True,0.13333333333333333,0.7999999999999998,0.6040693248003524,0.551017331200088,FULL_ANCHOR,1.0,OK,False,0.0,False,0,"[""eye"", ""nerve"", ""retina""]",114,11370
TRIM29,True,0.13333333333333333,0.8,0.6023713916157905,0.5505928479039477,FULL_ANCHOR,1.0,OK,False,0.0,False,0,"[""eye"", ""nerve"", ""retina""]",114,11370
GTF2I,True,0.32,0.6666666666666666,0.6171916997214337,0.5502979249303585,FULL_ANCHOR,1.0,OK,False,0.0,True,1,"[""eye"", ""nerve"", ""retina""]",114,11370
URI1,True,0.13333333333333333,0.8333333333333333,0.5407106087563669,0.5501776521890918,FULL_ANCHOR,1.0,OK,False,0.0,True,2,"[""eye"", ""nerve"", ""retina""]",114,11370
CLASP1,True,0.13333333333333333,0.8333333333333333,0.5405602040268611,0.5501400510067153,FULL_ANCHOR,1.0,OK,False,0.0,True,2,"[""eye"", ""nerve"", ""retina""]",114,11370
SUGCT,True,0.13333333333333333,0.8,0.6002523121764343,0.5500630780441086,FULL_ANCHOR,1.0,OK,False,0.0,False,0,"[""eye"", ""nerve"", ""retina""]",114,11370
GRIN2D,True,0.13333333333333333,0.8,0.5995063083992789,0.5498765770998197,FULL_ANCHOR,1.0,OK,False,0.0,False,0,"[""eye"", ""nerve"", ""retina""]",114,11370
RASGRF2,True,0.32,0.6666666666666666,0.6151131421386136,0.5497782855346534,FULL_ANCHOR,1.0,OK,False,0.0,True,1,"[""eye"", ""nerve"", ""retina""]",114,11370
KCTD9,True,0.44,0.6666666666666666,0.47082709239022213,0.5497067730975556,FULL_ANCHOR,1.0,OK,False,0.0,True,1,"[""eye"", ""nerve"", ""retina""]",114,11370
PRKCB,True,0.13333333333333333,0.6666666666666666,0.8385634063179461,0.5496408515794865,FULL_ANCHOR,1.0,OK,False,0.0,True,1,"[""eye"", ""nerve"", ""retina""]",114,11370
TMC2,True,0.32,0.8,0.374269152702966,0.5495672881757416,FULL_ANCHOR,1.0,OK,False,0.0,False,0,"[""eye"", ""nerve"", ""retina""]",114,11370
SLC22A1,True,0.13333333333333333,0.8,0.5979114394912667,0.5494778598728167,FULL_ANCHOR,1.0,OK,False,0.0,False,0,"[""eye"", ""nerve"", ""retina""]",114,11370
LRFN5,True,0.32,0.8,0.37326652424326445,0.5493166310608162,FULL_ANCHOR,1.0,OK,False,0.0,False,0,"[""eye"", ""nerve"", ""retina""]",114,11370
HIBADH,True,0.32,0.6666666666666666,0.6111272147673064,0.5487818036918266,FULL_ANCHOR,1.0,OK,False,0.0,True,1,"[""eye"", ""nerve"", ""retina""]",114,11370
ESRP2,True,0.32,0.8,0.3711049821667949,0.5487762455416988,FULL_ANCHOR,1.0,OK,False,0.0,False,0,"[""eye"", ""nerve"", ""retina""]",114,11370
H1-8,True,0.13333333333333333,0.8,0.5941071166226023,0.5485267791556506,FULL_ANCHOR,1.0,OK,False,0.0,False,0,"[""eye"", ""nerve"", ""retina""]",114,11370
CCDC57,True,0.13333333333333333,0.76,0.6659302645491381,0.5484825661372845,FULL_ANCHOR,1.0,OK,False,0.0,False,0,"[""eye"", ""nerve"", ""retina""]",114,11370
YTHDF1,True,0.32,0.6666666666666666,0.6096544097271563,0.5484136024317892,FULL_ANCHOR,1.0,OK,False,0.0,True,1,"[""eye"", ""nerve"", ""retina""]",114,11370
FIG4,True,0.32,0.6666666666666666,0.6085138703315636,0.5481284675828909,FULL_ANCHOR,1.0,OK,False,0.0,True,1,"[""eye"", ""nerve"", ""retina""]",114,11370
IL1R1,True,0.13333333333333333,0.6666666666666666,0.8313568161553462,0.5478392040388365,FULL_ANCHOR,1.0,OK,False,0.0,True,1,"[""eye"", ""nerve"", ""retina""]",114,11370
RAB17,True,0.44,0.8,0.22288551836427256,0.5477213795910681,FULL_ANCHOR,1.0,OK,False,0.0,False,0,"[""eye"", ""nerve"", ""retina""]",114,11370
HDDC2,True,0.32,0.6666666666666666,0.6058776122363374,0.5474694030590843,FULL_ANCHOR,1.0,OK,False,0.0,True,1,"[""eye"", ""nerve"", ""retina""]",114,11370
C1S,True,0.32,0.6666666666666666,0.6056507140080309,0.5474126785020077,FULL_ANCHOR,1.0,OK,False,0.0,True,1,"[""eye"", ""nerve"", ""retina""]",114,11370
DLGAP1,True,0.13333333333333333,0.8,0.5894873261947478,0.547371831548687,FULL_ANCHOR,1.0,OK,False,0.0,False,0,"[""eye"", ""nerve"", ""retina""]",114,11370
SULT2A1,True,0.13333333333333333,0.8,0.5891037346326566,0.5472759336581642,FULL_ANCHOR,1.0,OK,False,0.0,False,0,"[""eye"", ""nerve"", ""retina""]",114,11370
TXN2,True,0.32,0.6666666666666666,0.6046763247195714,0.5471690811798928,FULL_ANCHOR,1.0,OK,False,0.0,True,1,"[""eye"", ""nerve"", ""retina""]",114,11370
SLC12A3,True,0.13333333333333333,0.8,0.5875743804430521,0.5468935951107631,FULL_ANCHOR,1.0,OK,False,0.0,False,0,"[""eye"", ""nerve"", ""retina""]",114,11370
DMXL1,True,0.44,0.6666666666666666,0.4593789390116513,0.5468447347529128,FULL_ANCHOR,1.0,OK,False,0.0,True,1,"[""eye"", ""nerve"", ""retina""]",114,11370
RBL1,True,0.32,0.8,0.3632090258298406,0.5468022564574602,FULL_ANCHOR,1.0,OK,False,0.0,False,0,"[""eye"", ""nerve"", ""retina""]",114,11370
CPT1C,True,0.44,0.6666666666666666,0.4583402080141854,0.5465850520035463,FULL_ANCHOR,1.0,OK,False,0.0,True,1,"[""eye"", ""nerve"", ""retina""]",114,11370
LIN52,True,0.13333333333333333,0.8333333333333333,0.526280729369002,0.5465701823422505,FULL_ANCHOR,1.0,OK,False,0.0,True,2,"[""eye"", ""nerve"", ""retina""]",114,11370
DMBT1,True,0.13333333333333333,0.8,0.5855456842737339,0.5463864210684335,FULL_ANCHOR,1.0,OK,False,0.0,False,0,"[""eye"", ""nerve"", ""retina""]",114,11370
ZNF616,True,0.13333333333333333,0.8333333333333333,0.5252757397955153,0.5463189349488788,FULL_ANCHOR,1.0,OK,False,0.0,True,2,"[""eye"", ""nerve"", ""retina""]",114,11370
LPIN3,True,0.13333333333333333,0.8,0.5844367095670011,0.5461091773917504,FULL_ANCHOR,1.0,OK,False,0.0,False,0,"[""eye"", ""nerve"", ""retina""]",114,11370
CTNND2,True,0.32,0.6666666666666666,0.5995476470675207,0.5458869117668802,FULL_ANCHOR,1.0,OK,False,0.0,True,1,"[""eye"", ""nerve"", ""retina""]",114,11370
SLCO1B1,True,0.13333333333333333,0.8,0.5833177790354744,0.5458294447588686,FULL_ANCHOR,1.0,OK,False,0.0,False,0,"[""eye"", ""nerve"", ""retina""]",114,11370
ARHGEF11,True,0.32,0.6666666666666666,0.5988031994934996,0.5457007998733749,FULL_ANCHOR,1.0,OK,False,0.0,True,1,"[""eye"", ""nerve"", ""retina""]",114,11370
CRYL1,True,0.32,0.6666666666666666,0.5985518579734626,0.5456379644933657,FULL_ANCHOR,1.0,OK,False,0.0,True,1,"[""eye"", ""nerve"", ""retina""]",114,11370
PAPPA,True,0.13333333333333333,0.8,0.5820871649079984,0.5455217912269996,FULL_ANCHOR,1.0,OK,False,0.0,False,0,"[""eye"", ""nerve"", ""retina""]",114,11370
TSPEAR,True,0.13333333333333333,0.8,0.5818359090781193,0.5454589772695299,FULL_ANCHOR,1.0,OK,False,0.0,False,0,"[""eye"", ""nerve"", ""retina""]",114,11370
NXN,True,0.32,0.6666666666666666,0.5977490597069318,0.545437264926733,FULL_ANCHOR,1.0,OK,False,0.0,True,1,"[""eye"", ""nerve"", ""retina""]",114,11370
NRP1,True,0.13333333333333333,0.6666666666666666,0.8201139044303829,0.5450284761075956,FULL_ANCHOR,1.0,OK,False,0.0,True,1,"[""eye"", ""nerve"", ""retina""]",114,11370
ZMAT4,True,0.13333333333333333,0.8,0.579759149543278,0.5449397873858195,FULL_ANCHOR,1.0,OK,False,0.0,False,0,"[""eye"", ""nerve"", ""retina""]",114,11370
RGS17,True,0.13333333333333333,0.8,0.579704031220059,0.5449260078050148,FULL_ANCHOR,1.0,OK,False,0.0,False,0,"[""eye"", ""nerve"", ""retina""]",114,11370
MYO18B,True,0.13333333333333333,0.8,0.5786179506078466,0.5446544876519617,FULL_ANCHOR,1.0,OK,False,0.0,False,0,"[""eye"", ""nerve"", ""retina""]",114,11370
SLC25A19,True,0.32,0.6666666666666666,0.5945441168178185,0.5446360292044546,FULL_ANCHOR,1.0,OK,False,0.0,True,1,"[""eye"", ""nerve"", ""retina""]",114,11370
KCNN3,True,0.13333333333333333,0.8,0.5778412642240704,0.5444603160560176,FULL_ANCHOR,1.0,OK,False,0.0,False,0,"[""eye"", ""nerve"", ""retina""]",114,11370
OAS3,True,0.13333333333333333,0.8,0.5755562723046399,0.54388906807616,FULL_ANCHOR,1.0,OK,False,0.0,False,0,"[""eye"", ""nerve"", ""retina""]",114,11370
ABAT,True,0.44,0.6666666666666666,0.4471194533160028,0.5437798633290007,FULL_ANCHOR,1.0,OK,False,0.0,True,1,"[""eye"", ""nerve"", ""retina""]",114,11370
DHX35,True,0.13333333333333333,0.6666666666666666,0.8146177075883132,0.5436544268970782,FULL_ANCHOR,1.0,OK,False,0.0,True,1,"[""eye"", ""nerve"", ""retina""]",114,11370
RALGDS,True,0.44,0.6666666666666666,0.446361290635913,0.5435903226589782,FULL_ANCHOR,1.0,OK,False,0.0,True,1,"[""eye"", ""nerve"", ""retina""]",114,11370
B3GALT5,True,0.32,0.8,0.35000652811107286,0.5435016320277682,FULL_ANCHOR,1.0,OK,False,0.0,False,0,"[""eye"", ""nerve"", ""retina""]",114,11370
MSRA,True,0.32,0.6666666666666666,0.5898849402205619,0.5434712350551405,FULL_ANCHOR,1.0,OK,False,0.0,True,1,"[""eye"", ""nerve"", ""retina""]",114,11370
PYGO1,True,0.32,0.8,0.3478816147411337,0.5429704036852835,FULL_ANCHOR,1.0,OK,False,0.0,False,0,"[""eye"", ""nerve"", ""retina""]",114,11370
CACNA2D3,True,0.13333333333333333,0.8,0.5717135858634401,0.54292839646586,FULL_ANCHOR,1.0,OK,False,0.0,False,0,"[""eye"", ""nerve"", ""retina""]",114,11370
LTN1,True,0.32,0.6666666666666666,0.5862550390471256,0.5425637597617814,FULL_ANCHOR,1.0,OK,False,0.0,True,1,"[""eye"", ""nerve"", ""retina""]",114,11370
PDE3A,True,0.32,0.6666666666666666,0.5848123073943838,0.5422030768485959,FULL_ANCHOR,1.0,OK,False,0.0,True,1,"[""eye"", ""nerve"", ""retina""]",114,11370
ACSS3,True,0.13333333333333333,0.8,0.5678127858522211,0.5419531964630553,FULL_ANCHOR,1.0,OK,False,0.0,False,0,"[""eye"", ""nerve"", ""retina""]",114,11370
MIA2,True,0.32,0.6666666666666666,0.5837498919627988,0.5419374729906997,FULL_ANCHOR,1.0,OK,False,0.0,True,1,"[""eye"", ""nerve"", ""retina""]",114,11370
PRKCI,True,0.32,0.6666666666666666,0.5834247607793022,0.5418561901948256,FULL_ANCHOR,1.0,OK,False,0.0,True,1,"[""eye"", ""nerve"", ""retina""]",114,11370
HAPLN1,True,0.32,0.8,0.34321801416940995,0.5418045035423525,FULL_ANCHOR,1.0,OK,False,0.0,False,0,"[""eye"", ""nerve"", ""retina""]",114,11370
SVOPL,True,0.13333333333333333,0.8,0.5658927290184592,0.5414731822546148,FULL_ANCHOR,1.0,OK,False,0.0,False,0,"[""eye"", ""nerve"", ""retina""]",114,11370
HORMAD2,True,0.13333333333333333,0.8,0.5656603585626735,0.5414150896406684,FULL_ANCHOR,1.0,OK,False,0.0,False,0,"[""eye"", ""nerve"", ""retina""]",114,11370
NRG3,True,0.32,0.8,0.34165118623930313,0.5414127965598259,FULL_ANCHOR,1.0,OK,False,0.0,False,0,"[""eye"", ""nerve"", ""retina""]",114,11370
DGKG,True,0.13333333333333333,0.8,0.5644952251198191,0.5411238062799548,FULL_ANCHOR,1.0,OK,False,0.0,False,0,"[""eye"", ""nerve"", ""retina""]",114,11370
RBP4,True,0.13333333333333333,0.8,0.5641301679772281,0.5410325419943071,FULL_ANCHOR,1.0,OK,False,0.0,False,0,"[""eye"", ""nerve"", ""retina""]",114,11370
ZIC2,True,0.32,0.6666666666666666,0.5797985275506656,0.5409496318876664,FULL_ANCHOR,1.0,OK,False,0.0,True,1,"[""eye"", ""nerve"", ""retina""]",114,11370
CYB5RL,True,0.32,0.8,0.3393824666764806,0.5408456166691202,FULL_ANCHOR,1.0,OK,False,0.0,False,0,"[""eye"", ""nerve"", ""retina""]",114,11370
ZFYVE1,True,0.44,0.6666666666666666,0.4352844447359342,0.5408211111839836,FULL_ANCHOR,1.0,OK,False,0.0,True,1,"[""eye"", ""nerve"", ""retina""]",114,11370
FBXL5,True,0.32,0.6666666666666666,0.5777542377776899,0.5404385594444225,FULL_ANCHOR,1.0,OK,False,0.0,True,1,"[""eye"", ""nerve"", ""retina""]",114,11370
DPY19L4,True,0.44,0.6666666666666666,0.43199211871457255,0.5399980296786431,FULL_ANCHOR,1.0,OK,False,0.0,True,1,"[""eye"", ""nerve"", ""retina""]",114,11370
DMP1,True,0.32,0.8,0.33439077204706313,0.5395976930117659,FULL_ANCHOR,1.0,OK,False,0.0,False,0,"[""eye"", ""nerve"", ""retina""]",114,11370
SPART,True,0.32,0.6666666666666666,0.573344397672834,0.5393360994182085,FULL_ANCHOR,1.0,OK,False,0.0,True,1,"[""eye"", ""nerve"", ""retina""]",114,11370
BMP8B,True,0.13333333333333333,0.8,0.5572360821295783,0.5393090205323946,FULL_ANCHOR,1.0,OK,False,0.0,False,0,"[""eye"", ""nerve"", ""retina""]",114,11370
SSR1,True,0.44,0.6666666666666666,0.42782612071885534,0.5389565301797138,FULL_ANCHOR,1.0,OK,False,0.0,True,1,"[""eye"", ""nerve"", ""retina""]",114,11370
ACVR1B,True,0.32,0.6666666666666666,0.5716755945248105,0.5389188986312027,FULL_ANCHOR,1.0,OK,False,0.0,True,1,"[""eye"", ""nerve"", ""retina""]",114,11370
ATP2C2,True,0.13333333333333333,0.8,0.553612217461152,0.538403054365288,FULL_ANCHOR,1.0,OK,False,0.0,False,0,"[""eye"", ""nerve"", ""retina""]",114,11370
TMEM186,True,0.32,0.6666666666666666,0.5691031576088309,0.5382757894022078,FULL_ANCHOR,1.0,OK,False,0.0,True,1,"[""eye"", ""nerve"", ""retina""]",114,11370
INTS12,True,0.13333333333333333,0.8333333333333333,0.4928968045283489,0.5382242011320872,FULL_ANCHOR,1.0,OK,False,0.0,True,2,"[""eye"", ""nerve"", ""retina""]",114,11370
SUN5,True,0.13333333333333333,0.8,0.5528871358798093,0.5382217839699523,FULL_ANCHOR,1.0,OK,False,0.0,False,0,"[""eye"", ""nerve"", ""retina""]",114,11370
CBFA2T3,True,0.13333333333333333,0.8,0.5524037377264535,0.5381009344316134,FULL_ANCHOR,1.0,OK,False,0.0,False,0,"[""eye"", ""nerve"", ""retina""]",114,11370
KANK1,True,0.44,0.6666666666666666,0.42405026081564756,0.5380125652039118,FULL_ANCHOR,1.0,OK,False,0.0,True,1,"[""eye"", ""nerve"", ""retina""]",114,11370
HS6ST1,True,0.32,0.6666666666666666,0.5676510424766215,0.5379127606191554,FULL_ANCHOR,1.0,OK,False,0.0,True,1,"[""eye"", ""nerve"", ""retina""]",114,11370
PRH1,True,0.13333333333333333,0.8,0.5507942383763702,0.5376985595940926,FULL_ANCHOR,1.0,OK,False,0.0,False,0,"[""eye"", ""nerve"", ""retina""]",114,11370
HIPK2,True,0.32,0.6666666666666666,0.5657363133451349,0.5374340783362838,FULL_ANCHOR,1.0,OK,False,0.0,True,1,"[""eye"", ""nerve"", ""retina""]",114,11370
MAML1,True,0.32,0.6666666666666666,0.5656205193570175,0.5374051298392544,FULL_ANCHOR,1.0,OK,False,0.0,True,1,"[""eye"", ""nerve"", ""retina""]",114,11370
ATP2A3,True,0.13333333333333333,0.8,0.5495763874966864,0.5373940968741716,FULL_ANCHOR,1.0,OK,False,0.0,False,0,"[""eye"", ""nerve"", ""retina""]",114,11370
FGD6,True,0.32,0.8,0.32488762201721844,0.5372219055043047,FULL_ANCHOR,1.0,OK,False,0.0,False,0,"[""eye"", ""nerve"", ""retina""]",114,11370
TDRD3,True,0.32,0.6666666666666666,0.5646523265569194,0.5371630816392299,FULL_ANCHOR,1.0,OK,False,0.0,True,1,"[""eye"", ""nerve"", ""retina""]",114,11370
KCNIP4,True,0.44,0.6666666666666666,0.41926472616873245,0.5368161815421831,FULL_ANCHOR,1.0,OK,False,0.0,True,1,"[""eye"", ""nerve"", ""retina""]",114,11370
RRP36,True,0.13333333333333333,0.6666666666666666,0.7872199004778695,0.5368049751194673,FULL_ANCHOR,1.0,OK,False,0.0,True,1,"[""eye"", ""nerve"", ""retina""]",114,11370
DNAH8,True,0.13333333333333333,0.8,0.5468415574273442,0.5367103893568361,FULL_ANCHOR,1.0,OK,False,0.0,False,0,"[""eye"", ""nerve"", ""retina""]",114,11370
SNPH,True,0.56,0.6666666666666666,0.2745974561948632,0.5366493640487158,FULL_ANCHOR,1.0,OK,False,0.0,True,1,"[""eye"", ""nerve"", ""retina""]",114,11370
TBX1,True,0.13333333333333333,0.8,0.545463071160326,0.5363657677900815,FULL_ANCHOR,1.0,OK,False,0.0,False,0,"[""eye"", ""nerve"", ""retina""]",114,11370
CNTN4,True,0.32,0.6666666666666666,0.560665602102938,0.5361664005257345,FULL_ANCHOR,1.0,OK,False,0.0,True,1,"[""eye"", ""nerve"", ""retina""]",114,11370
PIEZO2,True,0.13333333333333333,0.8,0.5444569825296648,0.5361142456324162,FULL_ANCHOR,1.0,OK,False,0.0,False,0,"[""eye"", ""nerve"", ""retina""]",114,11370
FAM133B,True,0.32,0.8333333333333333,0.25966680353982086,0.5359167008849552,FULL_ANCHOR,1.0,OK,False,0.0,True,2,"[""eye"", ""nerve"", ""retina""]",114,11370
KIF16B,True,0.32,0.6666666666666666,0.5592889447592404,0.5358222361898102,FULL_ANCHOR,1.0,OK,False,0.0,True,1,"[""eye"", ""nerve"", ""retina""]",114,11370
PTPRJ,True,0.44,0.6666666666666666,0.4152608014394277,0.5358152003598569,FULL_ANCHOR,1.0,OK,False,0.0,True,1,"[""eye"", ""nerve"", ""retina""]",114,11370
SLC30A10,True,0.13333333333333333,0.8,0.542547252364354,0.5356368130910885,FULL_ANCHOR,1.0,OK,False,0.0,False,0,"[""eye"", ""nerve"", ""retina""]",114,11370
EEF2KMT,True,0.32,0.6666666666666666,0.5575382739010086,0.5353845684752522,FULL_ANCHOR,1.0,OK,False,0.0,True,1,"[""eye"", ""nerve"", ""retina""]",114,11370
PIBF1,True,0.32,0.6666666666666666,0.5570036325561117,0.535250908139028,FULL_ANCHOR,1.0,OK,False,0.0,True,1,"[""eye"", ""nerve"", ""retina""]",114,11370
TRANK1,True,0.32,0.7999999999999998,0.31640070296142453,0.5351001757403561,FULL_ANCHOR,1.0,OK,False,0.0,False,0,"[""eye"", ""nerve"", ""retina""]",114,11370
CATSPERB,True,0.13333333333333333,0.8,0.5395698657207031,0.5348924664301757,FULL_ANCHOR,1.0,OK,False,0.0,False,0,"[""eye"", ""nerve"", ""retina""]",114,11370
HTR7,True,0.13333333333333333,0.8,0.5392729466082176,0.5348182366520544,FULL_ANCHOR,1.0,OK,False,0.0,False,0,"[""eye"", ""nerve"", ""retina""]",114,11370
DSE,True,0.32,0.8,0.3151255524254178,0.5347813881063546,FULL_ANCHOR,1.0,OK,False,0.0,False,0,"[""eye"", ""nerve"", ""retina""]",114,11370
NRDE2,True,0.32,0.6666666666666666,0.5550701984847244,0.5347675496211811,FULL_ANCHOR,1.0,OK,False,0.0,True,1,"[""eye"", ""nerve"", ""retina""]",114,11370
HAAO,True,0.32,0.8,0.3149579936843847,0.5347394984210962,FULL_ANCHOR,1.0,OK,False,0.0,False,0,"[""eye"", ""nerve"", ""retina""]",114,11370
STK32B,True,0.13333333333333333,0.8,0.5386656576256361,0.534666414406409,FULL_ANCHOR,1.0,OK,False,0.0,False,0,"[""eye"", ""nerve"", ""retina""]",114,11370
TAS2R14,True,0.13333333333333333,0.8,0.5379276034576709,0.5344819008644177,FULL_ANCHOR,1.0,OK,False,0.0,False,0,"[""eye"", ""nerve"", ""retina""]",114,11370
PRIM2,True,0.32,0.6666666666666666,0.5527807772216584,0.5341951943054146,FULL_ANCHOR,1.0,OK,False,0.0,True,1,"[""eye"", ""nerve"", ""retina""]",114,11370
REC114,True,0.13333333333333333,0.8,0.5367028420828543,0.5341757105207137,FULL_ANCHOR,1.0,OK,False,0.0,False,0,"[""eye"", ""nerve"", ""retina""]",114,11370
PTPRT,True,0.32,0.8,0.31230571076617,0.5340764276915426,FULL_ANCHOR,1.0,OK,False,0.0,False,0,"[""eye"", ""nerve"", ""retina""]",114,11370
TNN,True,0.32,0.8,0.31149128531866144,0.5338728213296654,FULL_ANCHOR,1.0,OK,False,0.0,False,0,"[""eye"", ""nerve"", ""retina""]",114,11370
COL25A1,True,0.32,0.6666666666666666,0.5505343734816167,0.5336335933704042,FULL_ANCHOR,1.0,OK,False,0.0,True,1,"[""eye"", ""nerve"", ""retina""]",114,11370
TMED9,True,0.32,0.6666666666666666,0.5504573793331721,0.5336143448332931,FULL_ANCHOR,1.0,OK,False,0.0,True,1,"[""eye"", ""nerve"", ""retina""]",114,11370
SNX1,True,0.13333333333333333,0.6666666666666666,0.774189307132588,0.533547326783147,FULL_ANCHOR,1.0,OK,False,0.0,True,1,"[""eye"", ""nerve"", ""retina""]",114,11370
CFAP221,True,0.13333333333333333,0.8,0.5328560220213984,0.5332140055053496,FULL_ANCHOR,1.0,OK,False,0.0,False,0,"[""eye"", ""nerve"", ""retina""]",114,11370
SYNM,True,0.32,0.6666666666666666,0.5486911518848621,0.5331727879712156,FULL_ANCHOR,1.0,OK,False,0.0,True,1,"[""eye"", ""nerve"", ""retina""]",114,11370
TMEM63C,True,0.13333333333333333,0.8,0.5317890269598406,0.5329472567399602,FULL_ANCHOR,1.0,OK,False,0.0,False,0,"[""eye"", ""nerve"", ""retina""]",114,11370
C16orf87,True,0.13333333333333333,0.8,0.531786041924482,0.5329465104811205,FULL_ANCHOR,1.0,OK,False,0.0,False,0,"[""eye"", ""nerve"", ""retina""]",114,11370
PLB1,True,0.13333333333333333,0.8,0.5312986645189295,0.5328246661297324,FULL_ANCHOR,1.0,OK,False,0.0,False,0,"[""eye"", ""nerve"", ""retina""]",114,11370
BEST3,True,0.13333333333333333,0.8,0.5311080520281736,0.5327770130070434,FULL_ANCHOR,1.0,OK,False,0.0,False,0,"[""eye"", ""nerve"", ""retina""]",114,11370
ZNF217,True,0.13333333333333333,0.8,0.5306170002102794,0.5326542500525698,FULL_ANCHOR,1.0,OK,False,0.0,False,0,"[""eye"", ""nerve"", ""retina""]",114,11370
WBP4,True,0.32,0.6666666666666666,0.5466117772472296,0.5326529443118074,FULL_ANCHOR,1.0,OK,False,0.0,True,1,"[""eye"", ""nerve"", ""retina""]",114,11370
SEZ6L,True,0.32,0.6666666666666666,0.5464118327745336,0.5326029581936335,FULL_ANCHOR,1.0,OK,False,0.0,True,1,"[""eye"", ""nerve"", ""retina""]",114,11370
MAGI2,True,0.32,0.6666666666666666,0.5463533839432249,0.5325883459858063,FULL_ANCHOR,1.0,OK,False,0.0,True,1,"[""eye"", ""nerve"", ""retina""]",114,11370
MCC,True,0.13333333333333333,0.6666666666666666,0.7701920839357108,0.5325480209839277,FULL_ANCHOR,1.0,OK,False,0.0,True,1,"[""eye"", ""nerve"", ""retina""]",114,11370
TNRC6A,True,0.13333333333333333,0.6666666666666666,0.7698529956595994,0.5324632489148998,FULL_ANCHOR,1.0,OK,False,0.0,True,1,"[""eye"", ""nerve"", ""retina""]",114,11370
PRB2,True,0.13333333333333333,0.8,0.5290304104710658,0.5322576026177664,FULL_ANCHOR,1.0,OK,False,0.0,False,0,"[""eye"", ""nerve"", ""retina""]",114,11370
GPC5,True,0.13333333333333333,0.8,0.5290119658463783,0.5322529914615945,FULL_ANCHOR,1.0,OK,False,0.0,False,0,"[""eye"", ""nerve"", ""retina""]",114,11370
KCNJ15,True,0.32,0.8,0.3044751227729515,0.5321187806932379,FULL_ANCHOR,1.0,OK,False,0.0,False,0,"[""eye"", ""nerve"", ""retina""]",114,11370
ATXN7L1,True,0.32,0.8,0.30390108926295467,0.5319752723157387,FULL_ANCHOR,1.0,OK,False,0.0,False,0,"[""eye"", ""nerve"", ""retina""]",114,11370
EXOC6,True,0.32,0.6666666666666666,0.5436879526728761,0.531921988168219,FULL_ANCHOR,1.0,OK,False,0.0,True,1,"[""eye"", ""nerve"", ""retina""]",114,11370
WDR76,True,0.13333333333333333,0.6666666666666666,0.7676669578902808,0.5319167394725701,FULL_ANCHOR,1.0,OK,False,0.0,True,1,"[""eye"", ""nerve"", ""retina""]",114,11370
INPP4B,True,0.13333333333333333,0.8,0.5275465233156186,0.5318866308289046,FULL_ANCHOR,1.0,OK,False,0.0,False,0,"[""eye"", ""nerve"", ""retina""]",114,11370
CLPTM1L,True,0.44,0.6666666666666666,0.3990099390698688,0.5317524847674672,FULL_ANCHOR,1.0,OK,False,0.0,True,1,"[""eye"", ""nerve"", ""retina""]",114,11370
ASXL3,True,0.13333333333333333,0.8,0.5253136930107218,0.5313284232526805,FULL_ANCHOR,1.0,OK,False,0.0,False,0,"[""eye"", ""nerve"", ""retina""]",114,11370
PLXDC1,True,0.32,0.6666666666666666,0.5408285577813484,0.5312071394453372,FULL_ANCHOR,1.0,OK,False,0.0,True,1,"[""eye"", ""nerve"", ""retina""]",114,11370
SAA4,True,0.13333333333333333,0.8,0.5246273572600101,0.5311568393150026,FULL_ANCHOR,1.0,OK,False,0.0,False,0,"[""eye"", ""nerve"", ""retina""]",114,11370
SYNPO,True,0.32,0.6666666666666666,0.5404091165673173,0.5311022791418294,FULL_ANCHOR,1.0,OK,False,0.0,True,1,"[""eye"", ""nerve"", ""retina""]",114,11370
SLC8A1,True,0.32,0.6666666666666666,0.5396781985509115,0.5309195496377279,FULL_ANCHOR,1.0,OK,False,0.0,True,1,"[""eye"", ""nerve"", ""retina""]",114,11370
PDSS2,True,0.32,0.6666666666666666,0.5396041074735407,0.5309010268683851,FULL_ANCHOR,1.0,OK,False,0.0,True,1,"[""eye"", ""nerve"", ""retina""]",114,11370
ACOXL,True,0.13333333333333333,0.8,0.5233774452161084,0.5308443613040271,FULL_ANCHOR,1.0,OK,False,0.0,False,0,"[""eye"", ""nerve"", ""retina""]",114,11370
LMO1,True,0.13333333333333333,0.8,0.5231227599594261,0.5307806899898566,FULL_ANCHOR,1.0,OK,False,0.0,False,0,"[""eye"", ""nerve"", ""retina""]",114,11370
COL21A1,True,0.32,0.8,0.29850320232523475,0.5306258005813087,FULL_ANCHOR,1.0,OK,False,0.0,False,0,"[""eye"", ""nerve"", ""retina""]",114,11370
RGPD4,True,0.13333333333333333,0.8,0.5220496076787446,0.5305124019196862,FULL_ANCHOR,1.0,OK,False,0.0,False,0,"[""eye"", ""nerve"", ""retina""]",114,11370
PCCA,True,0.32,0.6666666666666666,0.5378499173044902,0.5304624793261226,FULL_ANCHOR,1.0,OK,False,0.0,True,1,"[""eye"", ""nerve"", ""retina""]",114,11370
CNTNAP2,True,0.13333333333333333,0.6666666666666666,0.7605301656749494,0.5301325414187373,FULL_ANCHOR,1.0,OK,False,0.0,True,1,"[""eye"", ""nerve"", ""retina""]",114,11370
ZNF804B,True,0.13333333333333333,0.8,0.519658073388793,0.5299145183471983,FULL_ANCHOR,1.0,OK,False,0.0,False,0,"[""eye"", ""nerve"", ""retina""]",114,11370
SERPINB5,True,0.13333333333333333,0.8,0.5189681881335055,0.5297420470333765,FULL_ANCHOR,1.0,OK,False,0.0,False,0,"[""eye"", ""nerve"", ""retina""]",114,11370
GNB1L,True,0.32,0.6666666666666666,0.5349348640294058,0.5297337160073514,FULL_ANCHOR,1.0,OK,False,0.0,True,1,"[""eye"", ""nerve"", ""retina""]",114,11370
EYA2,True,0.13333333333333333,0.8,0.5185615206765883,0.5296403801691472,FULL_ANCHOR,1.0,OK,False,0.0,False,0,"[""eye"", ""nerve"", ""retina""]",114,11370
REEP3,True,0.32,0.6666666666666666,0.5343546318173233,0.5295886579543309,FULL_ANCHOR,1.0,OK,False,0.0,True,1,"[""eye"", ""nerve"", ""retina""]",114,11370
CYP2A7,True,0.32,0.76,0.3649545616188363,0.5292386404047091,FULL_ANCHOR,1.0,OK,False,0.0,False,0,"[""eye"", ""nerve"", ""retina""]",114,11370
PDE1A,True,0.32,0.6666666666666666,0.5321616377610473,0.5290404094402619,FULL_ANCHOR,1.0,OK,False,0.0,True,1,"[""eye"", ""nerve"", ""retina""]",114,11370
KLHL22,True,0.32,0.6666666666666666,0.5314686904250449,0.5288671726062613,FULL_ANCHOR,1.0,OK,False,0.0,True,1,"[""eye"", ""nerve"", ""retina""]",114,11370
POTEI,True,0.13333333333333333,0.8,0.514951082732555,0.5287377706831388,FULL_ANCHOR,1.0,OK,False,0.0,False,0,"[""eye"", ""nerve"", ""retina""]",114,11370
CACNA1I,True,0.13333333333333333,0.8,0.5144909851482079,0.528622746287052,FULL_ANCHOR,1.0,OK,False,0.0,False,0,"[""eye"", ""nerve"", ""retina""]",114,11370
PPFIBP1,True,0.32,0.6666666666666666,0.5286416166607286,0.5281604041651822,FULL_ANCHOR,1.0,OK,False,0.0,True,1,"[""eye"", ""nerve"", ""retina""]",114,11370
ADGRB3,True,0.32,0.6666666666666666,0.52831336726316,0.52807834181579,FULL_ANCHOR,1.0,OK,False,0.0,True,1,"[""eye"", ""nerve"", ""retina""]",114,11370
CNTFR,True,0.32,0.6666666666666666,0.5276221247892655,0.5279055311973164,FULL_ANCHOR,1.0,OK,False,0.0,True,1,"[""eye"", ""nerve"", ""retina""]",114,11370
ULK4,True,0.44,0.6666666666666666,0.38232525675697826,0.5275813141892446,FULL_ANCHOR,1.0,OK,False,0.0,True,1,"[""eye"", ""nerve"", ""retina""]",114,11370
DRC7,True,0.13333333333333333,0.8,0.5102143504662927,0.5275535876165732,FULL_ANCHOR,1.0,OK,False,0.0,False,0,"[""eye"", ""nerve"", ""retina""]",114,11370
ZBTB20,True,0.44,0.6666666666666666,0.3818508504699914,0.5274627126174979,FULL_ANCHOR,1.0,OK,False,0.0,True,1,"[""eye"", ""nerve"", ""retina""]",114,11370
DCAF6,True,0.32,0.6666666666666666,0.5252226291022194,0.5273056572755549,FULL_ANCHOR,1.0,OK,False,0.0,True,1,"[""eye"", ""nerve"", ""retina""]",114,11370
TRARG1,True,0.13333333333333333,0.8,0.5088475564727304,0.5272118891181826,FULL_ANCHOR,1.0,OK,False,0.0,False,0,"[""eye"", ""nerve"", ""retina""]",114,11370
RGS9,True,0.13333333333333333,0.8,0.5085668540939755,0.5271417135234939,FULL_ANCHOR,1.0,OK,False,0.0,False,0,"[""eye"", ""nerve"", ""retina""]",114,11370
SLC2A3,True,0.13333333333333333,0.6666666666666666,0.7471636792917093,0.5267909198229273,FULL_ANCHOR,1.0,OK,False,0.0,True,1,"[""eye"", ""nerve"", ""retina""]",114,11370
CACNA1B,True,0.13333333333333333,0.6666666666666666,0.7457054745438326,0.5264263686359582,FULL_ANCHOR,1.0,OK,False,0.0,True,1,"[""eye"", ""nerve"", ""retina""]",114,11370
RYR3,True,0.13333333333333333,0.8,0.5055198768718281,0.526379969217957,FULL_ANCHOR,1.0,OK,False,0.0,False,0,"[""eye"", ""nerve"", ""retina""]",114,11370
RAB31,True,0.32,0.6666666666666666,0.5206330572106643,0.5261582643026661,FULL_ANCHOR,1.0,OK,False,0.0,True,1,"[""eye"", ""nerve"", ""retina""]",114,11370
ENTREP1,True,0.13333333333333333,0.8,0.5042938822475264,0.5260734705618816,FULL_ANCHOR,1.0,OK,False,0.0,False,0,"[""eye"", ""nerve"", ""retina""]",114,11370
PIK3C2G,True,0.13333333333333333,0.8,0.5031705018240039,0.525792625456001,FULL_ANCHOR,1.0,OK,False,0.0,False,0,"[""eye"", ""nerve"", ""retina""]",114,11370
SPTB,True,0.13333333333333333,0.8,0.5012778383144204,0.5253194595786052,FULL_ANCHOR,1.0,OK,False,0.0,False,0,"[""eye"", ""nerve"", ""retina""]",114,11370
SULF2,True,0.32,0.6666666666666666,0.5165742800518804,0.5251435700129701,FULL_ANCHOR,1.0,OK,False,0.0,True,1,"[""eye"", ""nerve"", ""retina""]",114,11370
LRMDA,True,0.13333333333333333,0.6666666666666666,0.7404908236597257,0.5251227059149314,FULL_ANCHOR,1.0,OK,False,0.0,True,1,"[""eye"", ""nerve"", ""retina""]",114,11370
DNAH6,True,0.13333333333333333,0.8,0.500420650113849,0.5251051625284623,FULL_ANCHOR,1.0,OK,False,0.0,False,0,"[""eye"", ""nerve"", ""retina""]",114,11370
MCTP1,True,0.13333333333333333,0.7999999999999998,0.5002473392417666,0.5250618348104416,FULL_ANCHOR,1.0,OK,False,0.0,False,0,"[""eye"", ""nerve"", ""retina""]",114,11370
RIT2,True,0.13333333333333333,0.8,0.4999216312790351,0.5249804078197589,FULL_ANCHOR,1.0,OK,False,0.0,False,0,"[""eye"", ""nerve"", ""retina""]",114,11370
ATP8B1,True,0.13333333333333333,0.8,0.49964587932557664,0.5249114698313941,FULL_ANCHOR,1.0,OK,False,0.0,False,0,"[""eye"", ""nerve"", ""retina""]",114,11370
GABRA6,True,0.13333333333333333,0.8,0.49917219338333685,0.5247930483458343,FULL_ANCHOR,1.0,OK,False,0.0,False,0,"[""eye"", ""nerve"", ""retina""]",114,11370
LRRC7,True,0.13333333333333333,0.8,0.49865351178191375,0.5246633779454785,FULL_ANCHOR,1.0,OK,False,0.0,False,0,"[""eye"", ""nerve"", ""retina""]",114,11370
GRIK1,True,0.32,0.6666666666666666,0.514366454171514,0.5245916135428785,FULL_ANCHOR,1.0,OK,False,0.0,True,1,"[""eye"", ""nerve"", ""retina""]",114,11370
MAPK8IP2,True,0.32,0.6666666666666666,0.5138472074311695,0.5244618018577925,FULL_ANCHOR,1.0,OK,False,0.0,True,1,"[""eye"", ""nerve"", ""retina""]",114,11370
CYP51A1,True,0.32,0.6666666666666666,0.5133962315211908,0.5243490578802977,FULL_ANCHOR,1.0,OK,False,0.0,True,1,"[""eye"", ""nerve"", ""retina""]",114,11370
AGL,True,0.32,0.6666666666666666,0.5127331496663341,0.5241832874165835,FULL_ANCHOR,1.0,OK,False,0.0,True,1,"[""eye"", ""nerve"", ""retina""]",114,11370
ARHGAP42,True,0.32,0.6666666666666666,0.5126763500738861,0.5241690875184716,FULL_ANCHOR,1.0,OK,False,0.0,True,1,"[""eye"", ""nerve"", ""retina""]",114,11370
MARCHF10,True,0.13333333333333333,0.8,0.49593675480682287,0.5239841887017057,FULL_ANCHOR,1.0,OK,False,0.0,False,0,"[""eye"", ""nerve"", ""retina""]",114,11370
CHST13,True,0.32,0.8,0.27125007966913683,0.5238125199172843,FULL_ANCHOR,1.0,OK,False,0.0,False,0,"[""eye"", ""nerve"", ""retina""]",114,11370
RHPN2,True,0.32,0.6666666666666666,0.5099240251076134,0.5234810062769033,FULL_ANCHOR,1.0,OK,False,0.0,True,1,"[""eye"", ""nerve"", ""retina""]",114,11370
TRPM2,True,0.13333333333333333,0.8,0.49390954253908737,0.5234773856347719,FULL_ANCHOR,1.0,OK,False,0.0,False,0,"[""eye"", ""nerve"", ""retina""]",114,11370
PDE1C,True,0.32,0.6666666666666666,0.5098762182447767,0.5234690545611942,FULL_ANCHOR,1.0,OK,False,0.0,True,1,"[""eye"", ""nerve"", ""retina""]",114,11370
SLC22A9,True,0.13333333333333333,0.76,0.5657496464803312,0.5234374116200828,FULL_ANCHOR,1.0,OK,False,0.0,False,0,"[""eye"", ""nerve"", ""retina""]",114,11370
PCGF2,True,0.13333333333333333,0.6666666666666666,0.7320165810777044,0.5230041452694261,FULL_ANCHOR,1.0,OK,False,0.0,True,1,"[""eye"", ""nerve"", ""retina""]",114,11370
FNDC3B,True,0.32,0.8,0.26726413392600984,0.5228160334815025,FULL_ANCHOR,1.0,OK,False,0.0,False,0,"[""eye"", ""nerve"", ""retina""]",114,11370
KSR2,True,0.13333333333333333,0.8,0.4911827403109344,0.5227956850777337,FULL_ANCHOR,1.0,OK,False,0.0,False,0,"[""eye"", ""nerve"", ""retina""]",114,11370
PUM3,True,0.13333333333333333,0.6666666666666666,0.7293561339045238,0.5223390334761309,FULL_ANCHOR,1.0,OK,False,0.0,True,1,"[""eye"", ""nerve"", ""retina""]",114,11370
LPAR1,True,0.13333333333333333,0.6666666666666666,0.7287312209265708,0.5221828052316426,FULL_ANCHOR,1.0,OK,False,0.0,True,1,"[""eye"", ""nerve"", ""retina""]",114,11370
CACNA2D1,True,0.13333333333333333,0.6666666666666666,0.7284651683816213,0.5221162920954053,FULL_ANCHOR,1.0,OK,False,0.0,True,1,"[""eye"", ""nerve"", ""retina""]",114,11370
SCARF2,True,0.32,0.8,0.26415812886576273,0.5220395322164407,FULL_ANCHOR,1.0,OK,False,0.0,False,0,"[""eye"", ""nerve"", ""retina""]",114,11370
SLC25A26,True,0.13333333333333333,0.8333333333333333,0.4277498184322056,0.5219374546080514,FULL_ANCHOR,1.0,OK,False,0.0,True,2,"[""eye"", ""nerve"", ""retina""]",114,11370
LY75,True,0.13333333333333333,0.8,0.485612204659127,0.5214030511647818,FULL_ANCHOR,1.0,OK,False,0.0,False,0,"[""eye"", ""nerve"", ""retina""]",114,11370
KCNH5,True,0.32,0.8,0.26153133220132985,0.5213828330503325,FULL_ANCHOR,1.0,OK,False,0.0,False,0,"[""eye"", ""nerve"", ""retina""]",114,11370
CYB5R3,True,0.32,0.6666666666666666,0.501105545694331,0.5212763864235828,FULL_ANCHOR,1.0,OK,False,0.0,True,1,"[""eye"", ""nerve"", ""retina""]",114,11370
NECTIN2,True,0.32,0.6666666666666666,0.500361979738021,0.5210904949345052,FULL_ANCHOR,1.0,OK,False,0.0,True,1,"[""eye"", ""nerve"", ""retina""]",114,11370
CNR2,True,0.13333333333333333,0.8,0.4832398329384703,0.5208099582346176,FULL_ANCHOR,1.0,OK,False,0.0,False,0,"[""eye"", ""nerve"", ""retina""]",114,11370
CADM1,True,0.13333333333333333,0.6666666666666666,0.7226791438900213,0.5206697859725054,FULL_ANCHOR,1.0,OK,False,0.0,True,1,"[""eye"", ""nerve"", ""retina""]",114,11370
SCTR,True,0.13333333333333333,0.8,0.4826076053400514,0.5206519013350128,FULL_ANCHOR,1.0,OK,False,0.0,False,0,"[""eye"", ""nerve"", ""retina""]",114,11370
PIP4K2A,True,0.32,0.6666666666666666,0.4982113972865244,0.5205528493216312,FULL_ANCHOR,1.0,OK,False,0.0,True,1,"[""eye"", ""nerve"", ""retina""]",114,11370
ZMYM4,True,0.32,0.6666666666666666,0.49754460978097215,0.5203861524452431,FULL_ANCHOR,1.0,OK,False,0.0,True,1,"[""eye"", ""nerve"", ""retina""]",114,11370
OTOGL,True,0.32,0.8,0.2574534258078393,0.5203633564519599,FULL_ANCHOR,1.0,OK,False,0.0,False,0,"[""eye"", ""nerve"", ""retina""]",114,11370
BMPER,True,0.13333333333333333,0.8,0.4811844067718824,0.5202961016929706,FULL_ANCHOR,1.0,OK,False,0.0,False,0,"[""eye"", ""nerve"", ""retina""]",114,11370
DLGAP2,True,0.13333333333333333,0.8,0.4806424186206853,0.5201606046551713,FULL_ANCHOR,1.0,OK,False,0.0,False,0,"[""eye"", ""nerve"", ""retina""]",114,11370
SZT2,True,0.32,0.8,0.2564726938210083,0.5201181734552521,FULL_ANCHOR,1.0,OK,False,0.0,False,0,"[""eye"", ""nerve"", ""retina""]",114,11370
SLC4A4,True,0.32,0.6666666666666666,0.4961315529074051,0.5200328882268513,FULL_ANCHOR,1.0,OK,False,0.0,True,1,"[""eye"", ""nerve"", ""retina""]",114,11370
FARP1,True,0.44,0.6666666666666666,0.35127159534843255,0.5198178988371082,FULL_ANCHOR,1.0,OK,False,0.0,True,1,"[""eye"", ""nerve"", ""retina""]",114,11370
ACSM1,True,0.13333333333333333,0.8,0.47906871514931315,0.5197671787873284,FULL_ANCHOR,1.0,OK,False,0.0,False,0,"[""eye"", ""nerve"", ""retina""]",114,11370
PLXNA4,True,0.13333333333333333,0.8,0.47822978500637353,0.5195574462515934,FULL_ANCHOR,1.0,OK,False,0.0,False,0,"[""eye"", ""nerve"", ""retina""]",114,11370
ACSBG2,True,0.13333333333333333,0.8,0.4777199151883905,0.5194299787970976,FULL_ANCHOR,1.0,OK,False,0.0,False,0,"[""eye"", ""nerve"", ""retina""]",114,11370
CDK15,True,0.13333333333333333,0.8,0.4775288321804188,0.5193822080451047,FULL_ANCHOR,1.0,OK,False,0.0,False,0,"[""eye"", ""nerve"", ""retina""]",114,11370
MUC3A,True,0.13333333333333333,0.8,0.47713966295770793,0.519284915739427,FULL_ANCHOR,1.0,OK,False,0.0,False,0,"[""eye"", ""nerve"", ""retina""]",114,11370
TRPC1,True,0.13333333333333333,0.6666666666666666,0.7170846319659727,0.5192711579914931,FULL_ANCHOR,1.0,OK,False,0.0,True,1,"[""eye"", ""nerve"", ""retina""]",114,11370
VIL1,True,0.13333333333333333,0.8,0.47623808935413725,0.5190595223385344,FULL_ANCHOR,1.0,OK,False,0.0,False,0,"[""eye"", ""nerve"", ""retina""]",114,11370
ENTPD4,True,0.32,0.6666666666666666,0.49182297020418875,0.5189557425510472,FULL_ANCHOR,1.0,OK,False,0.0,True,1,"[""eye"", ""nerve"", ""retina""]",114,11370
CHMP1A,True,0.32,0.6666666666666666,0.49175801346816383,0.518939503367041,FULL_ANCHOR,1.0,OK,False,0.0,True,1,"[""eye"", ""nerve"", ""retina""]",114,11370
GYPC,True,0.13333333333333333,0.6666666666666666,0.7154616610097291,0.5188654152524322,FULL_ANCHOR,1.0,OK,False,0.0,True,1,"[""eye"", ""nerve"", ""retina""]",114,11370
SRGAP3,True,0.32,0.6666666666666666,0.489446404170082,0.5183616010425205,FULL_ANCHOR,1.0,OK,False,0.0,True,1,"[""eye"", ""nerve"", ""retina""]",114,11370
DGKE,True,0.13333333333333333,0.6666666666666666,0.7132672554919499,0.5183168138729874,FULL_ANCHOR,1.0,OK,False,0.0,True,1,"[""eye"", ""nerve"", ""retina""]",114,11370
VPS13B,True,0.13333333333333333,0.8,0.47312227159438114,0.5182805678985953,FULL_ANCHOR,1.0,OK,False,0.0,False,0,"[""eye"", ""nerve"", ""retina""]",114,11370
PPCS,True,0.32,0.6666666666666666,0.48910561896995985,0.5182764047424899,FULL_ANCHOR,1.0,OK,False,0.0,True,1,"[""eye"", ""nerve"", ""retina""]",114,11370
MAML2,True,0.32,0.6666666666666666,0.4887993216945934,0.5181998304236484,FULL_ANCHOR,1.0,OK,False,0.0,True,1,"[""eye"", ""nerve"", ""retina""]",114,11370
DKK3,True,0.32,0.6666666666666666,0.4887791579643851,0.5181947894910963,FULL_ANCHOR,1.0,OK,False,0.0,True,1,"[""eye"", ""nerve"", ""retina""]",114,11370
CHST11,True,0.44,0.6666666666666666,0.34472906441634243,0.5181822661040856,FULL_ANCHOR,1.0,OK,False,0.0,True,1,"[""eye"", ""nerve"", ""retina""]",114,11370
OR8U1,True,0.13333333333333333,0.8,0.4727208227909289,0.5181802056977323,FULL_ANCHOR,1.0,OK,False,0.0,False,0,"[""eye"", ""nerve"", ""retina""]",114,11370
USP43,True,0.13333333333333333,0.8,0.4722367080290162,0.518059177007254,FULL_ANCHOR,1.0,OK,False,0.0,False,0,"[""eye"", ""nerve"", ""retina""]",114,11370
CRY1,True,0.13333333333333333,0.6666666666666666,0.7119780351892557,0.5179945087973139,FULL_ANCHOR,1.0,OK,False,0.0,True,1,"[""eye"", ""nerve"", ""retina""]",114,11370
PARD6G,True,0.32,0.8,0.2478553674600335,0.5179638418650084,FULL_ANCHOR,1.0,OK,False,0.0,False,0,"[""eye"", ""nerve"", ""retina""]",114,11370
ZNF133,True,0.13333333333333333,0.8333333333333333,0.4114447464417849,0.5178611866104462,FULL_ANCHOR,1.0,OK,False,0.0,True,2,"[""eye"", ""nerve"", ""retina""]",114,11370
NFATC2IP,True,0.32,0.6666666666666666,0.4873214236620632,0.5178303559155158,FULL_ANCHOR,1.0,OK,False,0.0,True,1,"[""eye"", ""nerve"", ""retina""]",114,11370
UBE2U,True,0.13333333333333333,0.8,0.47123215118869566,0.5178080377971739,FULL_ANCHOR,1.0,OK,False,0.0,False,0,"[""eye"", ""nerve"", ""retina""]",114,11370
TNIP1,True,0.13333333333333333,0.6666666666666666,0.7106783814145916,0.5176695953536479,FULL_ANCHOR,1.0,OK,False,0.0,True,1,"[""eye"", ""nerve"", ""retina""]",114,11370
CDCP1,True,0.13333333333333333,0.8,0.470426026955473,0.5176065067388682,FULL_ANCHOR,1.0,OK,False,0.0,False,0,"[""eye"", ""nerve"", ""retina""]",114,11370
MUC21,True,0.13333333333333333,0.8,0.4701764505456083,0.5175441126364021,FULL_ANCHOR,1.0,OK,False,0.0,False,0,"[""eye"", ""nerve"", ""retina""]",114,11370
TAS2R19,True,0.13333333333333333,0.8,0.46984372790126105,0.5174609319753153,FULL_ANCHOR,1.0,OK,False,0.0,False,0,"[""eye"", ""nerve"", ""retina""]",114,11370
CYP4F8,True,0.13333333333333333,0.8,0.4697615668843824,0.5174403917210957,FULL_ANCHOR,1.0,OK,False,0.0,False,0,"[""eye"", ""nerve"", ""retina""]",114,11370
ZNF74,True,0.13333333333333333,0.8,0.46908467516622143,0.5172711687915554,FULL_ANCHOR,1.0,OK,False,0.0,False,0,"[""eye"", ""nerve"", ""retina""]",114,11370
TCF12,True,0.13333333333333333,0.6666666666666666,0.7087269765996005,0.5171817441499,FULL_ANCHOR,1.0,OK,False,0.0,True,1,"[""eye"", ""nerve"", ""retina""]",114,11370
FABP2,True,0.13333333333333333,0.8,0.46861259953643664,0.5171531498841092,FULL_ANCHOR,1.0,OK,False,0.0,False,0,"[""eye"", ""nerve"", ""retina""]",114,11370
OR8J1,True,0.32,0.76,0.3165483783478271,0.5171370945869569,FULL_ANCHOR,1.0,OK,False,0.0,False,0,"[""eye"", ""nerve"", ""retina""]",114,11370
PIP5K1C,True,0.32,0.6666666666666666,0.48371575859585647,0.5169289396489641,FULL_ANCHOR,1.0,OK,False,0.0,True,1,"[""eye"", ""nerve"", ""retina""]",114,11370
RNF111,True,0.32,0.6666666666666666,0.4828980735892262,0.5167245183973066,FULL_ANCHOR,1.0,OK,False,0.0,True,1,"[""eye"", ""nerve"", ""retina""]",114,11370
HS6ST3,True,0.13333333333333333,0.8,0.46688915987731305,0.5167222899693282,FULL_ANCHOR,1.0,OK,False,0.0,False,0,"[""eye"", ""nerve"", ""retina""]",114,11370
SLC1A1,True,0.13333333333333333,0.6666666666666666,0.7063923738178357,0.516598093454459,FULL_ANCHOR,1.0,OK,False,0.0,True,1,"[""eye"", ""nerve"", ""retina""]",114,11370
VPS8,True,0.44,0.6666666666666666,0.3371399942118305,0.5162849985529576,FULL_ANCHOR,1.0,OK,False,0.0,True,1,"[""eye"", ""nerve"", ""retina""]",114,11370
TEAD1,True,0.32,0.6666666666666666,0.48055275094820715,0.5161381877370518,FULL_ANCHOR,1.0,OK,False,0.0,True,1,"[""eye"", ""nerve"", ""retina""]",114,11370
TARS3,True,0.32,0.6666666666666666,0.480186088825369,0.5160465222063423,FULL_ANCHOR,1.0,OK,False,0.0,True,1,"[""eye"", ""nerve"", ""retina""]",114,11370
CDCA4,True,0.13333333333333333,0.8,0.4639552413690581,0.5159888103422645,FULL_ANCHOR,1.0,OK,False,0.0,False,0,"[""eye"", ""nerve"", ""retina""]",114,11370
ATP10A,True,0.13333333333333333,0.8,0.4637278363487578,0.5159319590871895,FULL_ANCHOR,1.0,OK,False,0.0,False,0,"[""eye"", ""nerve"", ""retina""]",114,11370
CEACAM8,True,0.32,0.6666666666666666,0.4792266674997018,0.5158066668749255,FULL_ANCHOR,1.0,OK,False,0.0,True,1,"[""eye"", ""nerve"", ""retina""]",114,11370
NME3,True,0.13333333333333333,0.6666666666666666,0.7025748180521174,0.5156437045130293,FULL_ANCHOR,1.0,OK,False,0.0,True,1,"[""eye"", ""nerve"", ""retina""]",114,11370
PDXK,True,0.32,0.6666666666666666,0.4779540688618672,0.5154885172154668,FULL_ANCHOR,1.0,OK,False,0.0,True,1,"[""eye"", ""nerve"", ""retina""]",114,11370
CENATAC,True,0.13333333333333333,0.8333333333333333,0.40130415981872114,0.5153260399546803,FULL_ANCHOR,1.0,OK,False,0.0,True,2,"[""eye"", ""nerve"", ""retina""]",114,11370
BNC2,True,0.13333333333333333,0.8,0.4607326789915883,0.5151831697478971,FULL_ANCHOR,1.0,OK,False,0.0,False,0,"[""eye"", ""nerve"", ""retina""]",114,11370
TAB2,True,0.13333333333333333,0.6666666666666666,0.700524544478452,0.5151311361196129,FULL_ANCHOR,1.0,OK,False,0.0,True,1,"[""eye"", ""nerve"", ""retina""]",114,11370
NALCN,True,0.32,0.6666666666666666,0.4759349187841546,0.5149837296960387,FULL_ANCHOR,1.0,OK,False,0.0,True,1,"[""eye"", ""nerve"", ""retina""]",114,11370
MYO1F,True,0.13333333333333333,0.6666666666666666,0.6996034727743515,0.5149008681935878,FULL_ANCHOR,1.0,OK,False,0.0,True,1,"[""eye"", ""nerve"", ""retina""]",114,11370
RNF215,True,0.32,0.6666666666666666,0.4733153181583874,0.5143288295395969,FULL_ANCHOR,1.0,OK,False,0.0,True,1,"[""eye"", ""nerve"", ""retina""]",114,11370
KCNN1,True,0.13333333333333333,0.8,0.4565322537334402,0.5141330634333601,FULL_ANCHOR,1.0,OK,False,0.0,False,0,"[""eye"", ""nerve"", ""retina""]",114,11370
SEC11C,True,0.32,0.6666666666666666,0.47212166403215805,0.5140304160080396,FULL_ANCHOR,1.0,OK,False,0.0,True,1,"[""eye"", ""nerve"", ""retina""]",114,11370
NTNG2,True,0.32,0.6666666666666666,0.47066771431650256,0.5136669285791257,FULL_ANCHOR,1.0,OK,False,0.0,True,1,"[""eye"", ""nerve"", ""retina""]",114,11370
ARID3A,True,0.13333333333333333,0.8,0.4541890787885835,0.5135472696971459,FULL_ANCHOR,1.0,OK,False,0.0,False,0,"[""eye"", ""nerve"", ""retina""]",114,11370
XPO4,True,0.13333333333333333,0.6666666666666666,0.6937747915935217,0.5134436978983804,FULL_ANCHOR,1.0,OK,False,0.0,True,1,"[""eye"", ""nerve"", ""retina""]",114,11370
INPP5D,True,0.13333333333333333,0.6666666666666666,0.6932539877027151,0.5133134969256787,FULL_ANCHOR,1.0,OK,False,0.0,True,1,"[""eye"", ""nerve"", ""retina""]",114,11370
EDEM2,True,0.32,0.6666666666666666,0.46851532418752145,0.5131288310468803,FULL_ANCHOR,1.0,OK,False,0.0,True,1,"[""eye"", ""nerve"", ""retina""]",114,11370
FMN1,True,0.32,0.6666666666666666,0.467661350236489,0.5129153375591222,FULL_ANCHOR,1.0,OK,False,0.0,True,1,"[""eye"", ""nerve"", ""retina""]",114,11370
KCNE4,True,0.13333333333333333,0.8,0.451649972767589,0.5129124931918972,FULL_ANCHOR,1.0,OK,False,0.0,False,0,"[""eye"", ""nerve"", ""retina""]",114,11370
CPE,True,0.32,0.6666666666666666,0.46707810008322004,0.5127695250208051,FULL_ANCHOR,1.0,OK,False,0.0,True,1,"[""eye"", ""nerve"", ""retina""]",114,11370
PACSIN2,True,0.32,0.6666666666666666,0.46683437339972783,0.512708593349932,FULL_ANCHOR,1.0,OK,False,0.0,True,1,"[""eye"", ""nerve"", ""retina""]",114,11370
SGCZ,True,0.13333333333333333,0.8,0.4507296681664739,0.5126824170416185,FULL_ANCHOR,1.0,OK,False,0.0,False,0,"[""eye"", ""nerve"", ""retina""]",114,11370
PIGN,True,0.44,0.6666666666666666,0.3219995547743284,0.5124998886935821,FULL_ANCHOR,1.0,OK,False,0.0,True,1,"[""eye"", ""nerve"", ""retina""]",114,11370
MMEL1,True,0.13333333333333333,0.8,0.44967203901903596,0.512418009754759,FULL_ANCHOR,1.0,OK,False,0.0,False,0,"[""eye"", ""nerve"", ""retina""]",114,11370
PRICKLE2,True,0.44,0.6666666666666666,0.32085890671276884,0.5122147266781922,FULL_ANCHOR,1.0,OK,False,0.0,True,1,"[""eye"", ""nerve"", ""retina""]",114,11370
TNK2,True,0.32,0.6666666666666666,0.46443698630709795,0.5121092465767745,FULL_ANCHOR,1.0,OK,False,0.0,True,1,"[""eye"", ""nerve"", ""retina""]",114,11370
PAPSS1,True,0.13333333333333333,0.6666666666666666,0.6880223842139475,0.5120055960534868,FULL_ANCHOR,1.0,OK,False,0.0,True,1,"[""eye"", ""nerve"", ""retina""]",114,11370
ZCWPW2,True,0.13333333333333333,0.8,0.44791455164634253,0.5119786379115856,FULL_ANCHOR,1.0,OK,False,0.0,False,0,"[""eye"", ""nerve"", ""retina""]",114,11370
FOXR1,True,0.13333333333333333,0.8,0.4474154126687649,0.5118538531671912,FULL_ANCHOR,1.0,OK,False,0.0,False,0,"[""eye"", ""nerve"", ""retina""]",114,11370
RABL2B,True,0.32,0.6666666666666666,0.4631118831612,0.5117779707903001,FULL_ANCHOR,1.0,OK,False,0.0,True,1,"[""eye"", ""nerve"", ""retina""]",114,11370
PIK3R6,True,0.13333333333333333,0.8,0.4468939154177928,0.5117234788544482,FULL_ANCHOR,1.0,OK,False,0.0,False,0,"[""eye"", ""nerve"", ""retina""]",114,11370
KHDRBS3,True,0.32,0.6666666666666666,0.462728549783359,0.5116821374458398,FULL_ANCHOR,1.0,OK,False,0.0,True,1,"[""eye"", ""nerve"", ""retina""]",114,11370
DPYSL5,True,0.32,0.6666666666666666,0.4623247440801179,0.5115811860200294,FULL_ANCHOR,1.0,OK,False,0.0,True,1,"[""eye"", ""nerve"", ""retina""]",114,11370
MACROD2,True,0.13333333333333333,0.8,0.44547388085092,0.51136847021273,FULL_ANCHOR,1.0,OK,False,0.0,False,0,"[""eye"", ""nerve"", ""retina""]",114,11370
TTLL9,True,0.13333333333333333,0.72,0.5886996750648228,0.5111749187662057,FULL_ANCHOR,1.0,OK,False,0.0,False,0,"[""eye"", ""nerve"", ""retina""]",114,11370
ZNF777,True,0.13333333333333333,0.8333333333333333,0.3842510309906819,0.5110627577476705,FULL_ANCHOR,1.0,OK,False,0.0,True,2,"[""eye"", ""nerve"", ""retina""]",114,11370
IL17F,True,0.13333333333333333,0.8,0.4440107211258501,0.5110026802814626,FULL_ANCHOR,1.0,OK,False,0.0,False,0,"[""eye"", ""nerve"", ""retina""]",114,11370
ADCY2,True,0.13333333333333333,0.6666666666666666,0.6838743328494596,0.5109685832123649,FULL_ANCHOR,1.0,OK,False,0.0,True,1,"[""eye"", ""nerve"", ""retina""]",114,11370
ENAH,True,0.32,0.6666666666666666,0.4591109805959725,0.5107777451489931,FULL_ANCHOR,1.0,OK,False,0.0,True,1,"[""eye"", ""nerve"", ""retina""]",114,11370
DCTD,True,0.32,0.6666666666666666,0.4589350795902968,0.5107337698975742,FULL_ANCHOR,1.0,OK,False,0.0,True,1,"[""eye"", ""nerve"", ""retina""]",114,11370
NARS2,True,0.32,0.6666666666666666,0.45875101427827936,0.5106877535695699,FULL_ANCHOR,1.0,OK,False,0.0,True,1,"[""eye"", ""nerve"", ""retina""]",114,11370
PLPP7,True,0.32,0.6666666666666666,0.4578908237532955,0.5104727059383238,FULL_ANCHOR,1.0,OK,False,0.0,True,1,"[""eye"", ""nerve"", ""retina""]",114,11370
TPTE,True,0.13333333333333333,0.8,0.44186011000452186,0.5104650275011304,FULL_ANCHOR,1.0,OK,False,0.0,False,0,"[""eye"", ""nerve"", ""retina""]",114,11370
SCNN1G,True,0.13333333333333333,0.8,0.44137639082442964,0.5103440977061074,FULL_ANCHOR,1.0,OK,False,0.0,False,0,"[""eye"", ""nerve"", ""retina""]",114,11370
ASAP1,True,0.13333333333333333,0.6666666666666666,0.6813217669730448,0.5103304417432611,FULL_ANCHOR,1.0,OK,False,0.0,True,1,"[""eye"", ""nerve"", ""retina""]",114,11370
CD300LF,True,0.13333333333333333,0.8,0.44006710092236107,0.5100167752305903,FULL_ANCHOR,1.0,OK,False,0.0,False,0,"[""eye"", ""nerve"", ""retina""]",114,11370
KCNE2,True,0.13333333333333333,0.8,0.4391238406821095,0.5097809601705274,FULL_ANCHOR,1.0,OK,False,0.0,False,0,"[""eye"", ""nerve"", ""retina""]",114,11370
SNX6,True,0.13333333333333333,0.6666666666666666,0.6776311946228791,0.5094077986557197,FULL_ANCHOR,1.0,OK,False,0.0,True,1,"[""eye"", ""nerve"", ""retina""]",114,11370
BPI,True,0.13333333333333333,0.8,0.43761284016263446,0.5094032100406587,FULL_ANCHOR,1.0,OK,False,0.0,False,0,"[""eye"", ""nerve"", ""retina""]",114,11370
PCSK5,True,0.13333333333333333,0.8,0.4360574527858559,0.509014363196464,FULL_ANCHOR,1.0,OK,False,0.0,False,0,"[""eye"", ""nerve"", ""retina""]",114,11370
ZFHX3,True,0.13333333333333333,0.8,0.43588642786676024,0.5089716069666901,FULL_ANCHOR,1.0,OK,False,0.0,False,0,"[""eye"", ""nerve"", ""retina""]",114,11370
CABP1,True,0.13333333333333333,0.6666666666666666,0.6753089054102112,0.5088272263525527,FULL_ANCHOR,1.0,OK,False,0.0,True,1,"[""eye"", ""nerve"", ""retina""]",114,11370
SLC7A5,True,0.13333333333333333,0.6666666666666666,0.674952298055441,0.5087380745138602,FULL_ANCHOR,1.0,OK,False,0.0,True,1,"[""eye"", ""nerve"", ""retina""]",114,11370
PTPRM,True,0.32,0.6666666666666666,0.45085815086205083,0.5087145377155127,FULL_ANCHOR,1.0,OK,False,0.0,True,1,"[""eye"", ""nerve"", ""retina""]",114,11370
MYH13,True,0.13333333333333333,0.8,0.4347627764251156,0.508690694106279,FULL_ANCHOR,1.0,OK,False,0.0,False,0,"[""eye"", ""nerve"", ""retina""]",114,11370
ABCA13,True,0.13333333333333333,0.8,0.4347180719478733,0.5086795179869683,FULL_ANCHOR,1.0,OK,False,0.0,False,0,"[""eye"", ""nerve"", ""retina""]",114,11370
STXBP4,True,0.13333333333333333,0.8,0.43393871533282635,0.5084846788332066,FULL_ANCHOR,1.0,OK,False,0.0,False,0,"[""eye"", ""nerve"", ""retina""]",114,11370
TST,True,0.32,0.6666666666666666,0.44954953699782063,0.5083873842494552,FULL_ANCHOR,1.0,OK,False,0.0,True,1,"[""eye"", ""nerve"", ""retina""]",114,11370
PLA2G2C,True,0.13333333333333333,0.8,0.4331403032388986,0.5082850758097247,FULL_ANCHOR,1.0,OK,False,0.0,False,0,"[""eye"", ""nerve"", ""retina""]",114,11370
LIN7B,True,0.32,0.6666666666666666,0.4486637543667743,0.5081659385916936,FULL_ANCHOR,1.0,OK,False,0.0,True,1,"[""eye"", ""nerve"", ""retina""]",114,11370
BCO1,True,0.13333333333333333,0.8,0.4319614629184972,0.5079903657296243,FULL_ANCHOR,1.0,OK,False,0.0,False,0,"[""eye"", ""nerve"", ""retina""]",114,11370
ATP8A2,True,0.32,0.6666666666666666,0.44739094840351623,0.507847737100879,FULL_ANCHOR,1.0,OK,False,0.0,True,1,"[""eye"", ""nerve"", ""retina""]",114,11370
GBP2,True,0.13333333333333333,0.8,0.431292783232524,0.5078231958081311,FULL_ANCHOR,1.0,OK,False,0.0,False,0,"[""eye"", ""nerve"", ""retina""]",114,11370
KCNS3,True,0.13333333333333333,0.6666666666666666,0.6708661604752052,0.5077165401188013,FULL_ANCHOR,1.0,OK,False,0.0,True,1,"[""eye"", ""nerve"", ""retina""]",114,11370
DIP2A,True,0.13333333333333333,0.6666666666666666,0.6708248980684148,0.5077062245171037,FULL_ANCHOR,1.0,OK,False,0.0,True,1,"[""eye"", ""nerve"", ""retina""]",114,11370
PEBP4,True,0.13333333333333333,0.6666666666666666,0.6701430354367726,0.5075357588591931,FULL_ANCHOR,1.0,OK,False,0.0,True,1,"[""eye"", ""nerve"", ""retina""]",114,11370
TEX2,True,0.32,0.6666666666666666,0.4454032290189148,0.5073508072547287,FULL_ANCHOR,1.0,OK,False,0.0,True,1,"[""eye"", ""nerve"", ""retina""]",114,11370
PLAC8L1,True,0.13333333333333333,0.8,0.42939526669543504,0.5073488166738588,FULL_ANCHOR,1.0,OK,False,0.0,False,0,"[""eye"", ""nerve"", ""retina""]",114,11370
MICAL2,True,0.32,0.8,0.20536026417014627,0.5073400660425367,FULL_ANCHOR,1.0,OK,False,0.0,False,0,"[""eye"", ""nerve"", ""retina""]",114,11370
EPDR1,True,0.32,0.6666666666666666,0.44535303107494817,0.5073382577687371,FULL_ANCHOR,1.0,OK,False,0.0,True,1,"[""eye"", ""nerve"", ""retina""]",114,11370
ARHGAP10,True,0.44,0.6666666666666666,0.3011564022359975,0.5072891005589993,FULL_ANCHOR,1.0,OK,False,0.0,True,1,"[""eye"", ""nerve"", ""retina""]",114,11370
TMED3,True,0.13333333333333333,0.6666666666666666,0.6690213663214508,0.5072553415803627,FULL_ANCHOR,1.0,OK,False,0.0,True,1,"[""eye"", ""nerve"", ""retina""]",114,11370
CCDC30,True,0.13333333333333333,0.8,0.4289019480239268,0.5072254870059817,FULL_ANCHOR,1.0,OK,False,0.0,False,0,"[""eye"", ""nerve"", ""retina""]",114,11370
PDK4,True,0.13333333333333333,0.6666666666666666,0.6687574121175597,0.5071893530293898,FULL_ANCHOR,1.0,OK,False,0.0,True,1,"[""eye"", ""nerve"", ""retina""]",114,11370
AGA,True,0.32,0.6666666666666666,0.4445665111106749,0.5071416277776688,FULL_ANCHOR,1.0,OK,False,0.0,True,1,"[""eye"", ""nerve"", ""retina""]",114,11370
DOCK5,True,0.32,0.6666666666666666,0.4443680052196113,0.5070920013049028,FULL_ANCHOR,1.0,OK,False,0.0,True,1,"[""eye"", ""nerve"", ""retina""]",114,11370
OXCT2,True,0.13333333333333333,0.8,0.42826083599627346,0.5070652089990684,FULL_ANCHOR,1.0,OK,False,0.0,False,0,"[""eye"", ""nerve"", ""retina""]",114,11370
ZNF675,True,0.13333333333333333,0.8333333333333333,0.3681050181036972,0.5070262545259243,FULL_ANCHOR,1.0,OK,False,0.0,True,2,"[""eye"", ""nerve"", ""retina""]",114,11370
TRMT61B,True,0.13333333333333333,0.6666666666666666,0.6671037218391449,0.5067759304597862,FULL_ANCHOR,1.0,OK,False,0.0,True,1,"[""eye"", ""nerve"", ""retina""]",114,11370
DIRC1,True,0.13333333333333333,0.8,0.4263488876071093,0.5065872219017773,FULL_ANCHOR,1.0,OK,False,0.0,False,0,"[""eye"", ""nerve"", ""retina""]",114,11370
CD96,True,0.13333333333333333,0.8,0.4260724155610862,0.5065181038902715,FULL_ANCHOR,1.0,OK,False,0.0,False,0,"[""eye"", ""nerve"", ""retina""]",114,11370
ZBTB46,True,0.13333333333333333,0.8,0.4260433978897684,0.5065108494724422,FULL_ANCHOR,1.0,OK,False,0.0,False,0,"[""eye"", ""nerve"", ""retina""]",114,11370
FMNL2,True,0.44,0.6666666666666666,0.2977809308696096,0.5064452327174024,FULL_ANCHOR,1.0,OK,False,0.0,True,1,"[""eye"", ""nerve"", ""retina""]",114,11370
TRDN,True,0.13333333333333333,0.6666666666666666,0.6655309649252902,0.5063827412313225,FULL_ANCHOR,1.0,OK,False,0.0,True,1,"[""eye"", ""nerve"", ""retina""]",114,11370
ARAP3,True,0.32,0.8,0.20104540345851832,0.5062613508646296,FULL_ANCHOR,1.0,OK,False,0.0,False,0,"[""eye"", ""nerve"", ""retina""]",114,11370
GSDMB,True,0.13333333333333333,0.8,0.42414420889479865,0.5060360522236997,FULL_ANCHOR,1.0,OK,False,0.0,False,0,"[""eye"", ""nerve"", ""retina""]",114,11370
SGMS1,True,0.32,0.6666666666666666,0.439383705576863,0.5058459263942158,FULL_ANCHOR,1.0,OK,False,0.0,True,1,"[""eye"", ""nerve"", ""retina""]",114,11370
AMPD3,True,0.32,0.6666666666666666,0.4392982488371183,0.5058245622092796,FULL_ANCHOR,1.0,OK,False,0.0,True,1,"[""eye"", ""nerve"", ""retina""]",114,11370
FUT9,True,0.13333333333333333,0.8,0.4230377009457443,0.5057594252364361,FULL_ANCHOR,1.0,OK,False,0.0,False,0,"[""eye"", ""nerve"", ""retina""]",114,11370
GRHL3,True,0.13333333333333333,0.8,0.42253281705485274,0.5056332042637132,FULL_ANCHOR,1.0,OK,False,0.0,False,0,"[""eye"", ""nerve"", ""retina""]",114,11370
CAMK2D,True,0.13333333333333333,0.6666666666666666,0.6623508345197319,0.505587708629933,FULL_ANCHOR,1.0,OK,False,0.0,True,1,"[""eye"", ""nerve"", ""retina""]",114,11370
HPS6,True,0.13333333333333333,0.8,0.42231652072668635,0.5055791301816717,FULL_ANCHOR,1.0,OK,False,0.0,False,0,"[""eye"", ""nerve"", ""retina""]",114,11370
SNX10,True,0.44,0.6666666666666666,0.29417963461596985,0.5055449086539925,FULL_ANCHOR,1.0,OK,False,0.0,True,1,"[""eye"", ""nerve"", ""retina""]",114,11370
PREX2,True,0.32,0.6666666666666666,0.43782505089766577,0.5054562627244165,FULL_ANCHOR,1.0,OK,False,0.0,True,1,"[""eye"", ""nerve"", ""retina""]",114,11370
SNTA1,True,0.13333333333333333,0.6666666666666666,0.6617281791014304,0.5054320447753575,FULL_ANCHOR,1.0,OK,False,0.0,True,1,"[""eye"", ""nerve"", ""retina""]",114,11370
ACBD6,True,0.32,0.6666666666666666,0.43686856339433555,0.5052171408485839,FULL_ANCHOR,1.0,OK,False,0.0,True,1,"[""eye"", ""nerve"", ""retina""]",114,11370
HOXD3,True,0.13333333333333333,0.8,0.42004924809869776,0.5050123120246744,FULL_ANCHOR,1.0,OK,False,0.0,False,0,"[""eye"", ""nerve"", ""retina""]",114,11370
CNOT8,True,0.32,0.6666666666666666,0.4341808619415599,0.50454521548539,FULL_ANCHOR,1.0,OK,False,0.0,True,1,"[""eye"", ""nerve"", ""retina""]",114,11370
IL16,True,0.13333333333333333,0.6666666666666666,0.6580731906495612,0.5045182976623903,FULL_ANCHOR,1.0,OK,False,0.0,True,1,"[""eye"", ""nerve"", ""retina""]",114,11370
KCNJ4,True,0.13333333333333333,0.8,0.41644942595910295,0.5041123564897758,FULL_ANCHOR,1.0,OK,False,0.0,False,0,"[""eye"", ""nerve"", ""retina""]",114,11370
RALYL,True,0.13333333333333333,0.6666666666666666,0.6562552144416847,0.5040638036104211,FULL_ANCHOR,1.0,OK,False,0.0,True,1,"[""eye"", ""nerve"", ""retina""]",114,11370
CSNK1G2,True,0.13333333333333333,0.6666666666666666,0.6561268908609434,0.5040317227152358,FULL_ANCHOR,1.0,OK,False,0.0,True,1,"[""eye"", ""nerve"", ""retina""]",114,11370
EPC2,True,0.13333333333333333,0.6666666666666666,0.6560638654511382,0.5040159663627846,FULL_ANCHOR,1.0,OK,False,0.0,True,1,"[""eye"", ""nerve"", ""retina""]",114,11370
KLK1,True,0.13333333333333333,0.8,0.4160172046612486,0.5040043011653121,FULL_ANCHOR,1.0,OK,False,0.0,False,0,"[""eye"", ""nerve"", ""retina""]",114,11370
SNTB1,True,0.13333333333333333,0.8,0.4150495589247699,0.5037623897311925,FULL_ANCHOR,1.0,OK,False,0.0,False,0,"[""eye"", ""nerve"", ""retina""]",114,11370
MDGA2,True,0.13333333333333333,0.8,0.41500688264823427,0.5037517206620585,FULL_ANCHOR,1.0,OK,False,0.0,False,0,"[""eye"", ""nerve"", ""retina""]",114,11370
OAS1,True,0.13333333333333333,0.6666666666666666,0.6546674829521762,0.5036668707380441,FULL_ANCHOR,1.0,OK,False,0.0,True,1,"[""eye"", ""nerve"", ""retina""]",114,11370
RBMS3,True,0.13333333333333333,0.8,0.4143699655462867,0.5035924913865717,FULL_ANCHOR,1.0,OK,False,0.0,False,0,"[""eye"", ""nerve"", ""retina""]",114,11370
TEKTIP1,True,0.13333333333333333,0.8,0.4143630268876394,0.5035907567219099,FULL_ANCHOR,1.0,OK,False,0.0,False,0,"[""eye"", ""nerve"", ""retina""]",114,11370
PPP1R9A,True,0.13333333333333333,0.6666666666666666,0.6538186585318759,0.503454664632969,FULL_ANCHOR,1.0,OK,False,0.0,True,1,"[""eye"", ""nerve"", ""retina""]",114,11370
FFAR4,True,0.13333333333333333,0.8,0.4136131128307596,0.5034032782076899,FULL_ANCHOR,1.0,OK,False,0.0,False,0,"[""eye"", ""nerve"", ""retina""]",114,11370
CNTN5,True,0.13333333333333333,0.8,0.41337271228107597,0.5033431780702691,FULL_ANCHOR,1.0,OK,False,0.0,False,0,"[""eye"", ""nerve"", ""retina""]",114,11370
PGS1,True,0.13333333333333333,0.8333333333333333,0.3520966568942038,0.5030241642235509,FULL_ANCHOR,1.0,OK,False,0.0,True,2,"[""eye"", ""nerve"", ""retina""]",114,11370
ONECUT2,True,0.13333333333333333,0.8,0.41203909802620364,0.5030097745065509,FULL_ANCHOR,1.0,OK,False,0.0,False,0,"[""eye"", ""nerve"", ""retina""]",114,11370
KATNIP,True,0.32,0.6666666666666666,0.4279675643030951,0.5029918910757738,FULL_ANCHOR,1.0,OK,False,0.0,True,1,"[""eye"", ""nerve"", ""retina""]",114,11370
TECPR1,True,0.32,0.6666666666666666,0.42763392299316805,0.502908480748292,FULL_ANCHOR,1.0,OK,False,0.0,True,1,"[""eye"", ""nerve"", ""retina""]",114,11370
RXFP1,True,0.13333333333333333,0.8,0.41135296300725177,0.5028382407518129,FULL_ANCHOR,1.0,OK,False,0.0,False,0,"[""eye"", ""nerve"", ""retina""]",114,11370
KLRC2,True,0.13333333333333333,0.8,0.4110095067397834,0.5027523766849459,FULL_ANCHOR,1.0,OK,False,0.0,False,0,"[""eye"", ""nerve"", ""retina""]",114,11370
B4GALT5,True,0.13333333333333333,0.6666666666666666,0.6508560522292137,0.5027140130573033,FULL_ANCHOR,1.0,OK,False,0.0,True,1,"[""eye"", ""nerve"", ""retina""]",114,11370
PITPNM3,True,0.44,0.6666666666666666,0.28147086516883507,0.5023677162922088,FULL_ANCHOR,1.0,OK,False,0.0,True,1,"[""eye"", ""nerve"", ""retina""]",114,11370
MCTP2,True,0.13333333333333333,0.8,0.4074129077536378,0.5018532269384095,FULL_ANCHOR,1.0,OK,False,0.0,False,0,"[""eye"", ""nerve"", ""retina""]",114,11370
BCL2L13,True,0.44,0.6666666666666666,0.2791540101276706,0.5017885025319176,FULL_ANCHOR,1.0,OK,False,0.0,True,1,"[""eye"", ""nerve"", ""retina""]",114,11370
ATP1B2,True,0.32,0.6666666666666666,0.4229607067972996,0.5017401766993249,FULL_ANCHOR,1.0,OK,False,0.0,True,1,"[""eye"", ""nerve"", ""retina""]",114,11370
TNRC6B,True,0.13333333333333333,0.6666666666666666,0.6463221698240763,0.501580542456019,FULL_ANCHOR,1.0,OK,False,0.0,True,1,"[""eye"", ""nerve"", ""retina""]",114,11370
LARP4,True,0.13333333333333333,0.6666666666666666,0.6458577672220964,0.5014644418055241,FULL_ANCHOR,1.0,OK,False,0.0,True,1,"[""eye"", ""nerve"", ""retina""]",114,11370
NEK6,True,0.32,0.6666666666666666,0.42133251842576414,0.501333129606441,FULL_ANCHOR,1.0,OK,False,0.0,True,1,"[""eye"", ""nerve"", ""retina""]",114,11370
CLEC4C,True,0.13333333333333333,0.8,0.40527813848542094,0.5013195346213553,FULL_ANCHOR,1.0,OK,False,0.0,False,0,"[""eye"", ""nerve"", ""retina""]",114,11370
ELP5,True,0.13333333333333333,0.8333333333333333,0.34512131269614554,0.5012803281740363,FULL_ANCHOR,1.0,OK,False,0.0,True,2,"[""eye"", ""nerve"", ""retina""]",114,11370
WDR72,True,0.13333333333333333,0.76,0.4767793550569369,0.5011948387642342,FULL_ANCHOR,1.0,OK,False,0.0,False,0,"[""eye"", ""nerve"", ""retina""]",114,11370
OR7G2,True,0.13333333333333333,0.8,0.40441504071612844,0.5011037601790321,FULL_ANCHOR,1.0,OK,False,0.0,False,0,"[""eye"", ""nerve"", ""retina""]",114,11370
PDE2A,True,0.32,0.6666666666666666,0.4201964745167459,0.5010491186291866,FULL_ANCHOR,1.0,OK,False,0.0,True,1,"[""eye"", ""nerve"", ""retina""]",114,11370
CAPSL,True,0.13333333333333333,0.8,0.4038635898161022,0.5009658974540255,FULL_ANCHOR,1.0,OK,False,0.0,False,0,"[""eye"", ""nerve"", ""retina""]",114,11370
UBE2O,True,0.13333333333333333,0.6666666666666666,0.6430767205993276,0.5007691801498318,FULL_ANCHOR,1.0,OK,False,0.0,True,1,"[""eye"", ""nerve"", ""retina""]",114,11370
MRPL37,True,0.32,0.6666666666666666,0.41888394267370455,0.5007209856684262,FULL_ANCHOR,1.0,OK,False,0.0,True,1,"[""eye"", ""nerve"", ""retina""]",114,11370
KIAA1671,True,0.13333333333333333,0.6666666666666666,0.6425838549999021,0.5006459637499755,FULL_ANCHOR,1.0,OK,False,0.0,True,1,"[""eye"", ""nerve"", ""retina""]",114,11370
DNAI7,True,0.13333333333333333,0.8,0.40255894743590537,0.5006397368589763,FULL_ANCHOR,1.0,OK,False,0.0,False,0,"[""eye"", ""nerve"", ""retina""]",114,11370
PALLD,True,0.32,0.6666666666666666,0.4172824132935179,0.5003206033233795,FULL_ANCHOR,1.0,OK,False,0.0,True,1,"[""eye"", ""nerve"", ""retina""]",114,11370
ADGB,True,0.13333333333333333,0.8,0.4012757116284934,0.5003189279071234,FULL_ANCHOR,1.0,OK,False,0.0,False,0,"[""eye"", ""nerve"", ""retina""]",114,11370
PIH1D2,True,0.13333333333333333,0.6666666666666666,0.6410999119107248,0.5002749779776812,FULL_ANCHOR,1.0,OK,False,0.0,True,1,"[""eye"", ""nerve"", ""retina""]",114,11370
ASIC2,True,0.13333333333333333,0.8,0.4008594995102232,0.5002148748775558,FULL_ANCHOR,1.0,OK,False,0.0,False,0,"[""eye"", ""nerve"", ""retina""]",114,11370
JUND,True,0.13333333333333333,0.6666666666666666,0.6402091100187868,0.5000522775046967,FULL_ANCHOR,1.0,OK,False,0.0,True,1,"[""eye"", ""nerve"", ""retina""]",114,11370
GUCY1A2,True,0.13333333333333333,0.8,0.39949945643743473,0.4998748641093587,FULL_ANCHOR,1.0,OK,False,0.0,False,0,"[""eye"", ""nerve"", ""retina""]",114,11370
LPIN2,True,0.13333333333333333,0.6666666666666666,0.6392829619222287,0.49982074048055714,FULL_ANCHOR,1.0,OK,False,0.0,True,1,"[""eye"", ""nerve"", ""retina""]",114,11370
PCDH17,True,0.13333333333333333,0.72,0.5431669533805803,0.49979173834514506,FULL_ANCHOR,1.0,OK,False,0.0,False,0,"[""eye"", ""nerve"", ""retina""]",114,11370
ARPP21,True,0.13333333333333333,0.8,0.39840181130032337,0.49960045282508087,FULL_ANCHOR,1.0,OK,False,0.0,False,0,"[""eye"", ""nerve"", ""retina""]",114,11370
USP25,True,0.13333333333333333,0.6666666666666666,0.637998428420893,0.49949960710522323,FULL_ANCHOR,1.0,OK,False,0.0,True,1,"[""eye"", ""nerve"", ""retina""]",114,11370
APBB1IP,True,0.13333333333333333,0.6666666666666666,0.6372178304507472,0.49930445761268677,FULL_ANCHOR,1.0,OK,False,0.0,True,1,"[""eye"", ""nerve"", ""retina""]",114,11370
SORCS3,True,0.13333333333333333,0.8,0.3971180276124786,0.4992795069031197,FULL_ANCHOR,1.0,OK,False,0.0,False,0,"[""eye"", ""nerve"", ""retina""]",114,11370
SNTG1,True,0.13333333333333333,0.8,0.39674749064417475,0.4991868726610437,FULL_ANCHOR,1.0,OK,False,0.0,False,0,"[""eye"", ""nerve"", ""retina""]",114,11370
TPO,True,0.13333333333333333,0.8,0.3966670394504413,0.49916675986261033,FULL_ANCHOR,1.0,OK,False,0.0,False,0,"[""eye"", ""nerve"", ""retina""]",114,11370
ADARB1,True,0.13333333333333333,0.6666666666666666,0.635888197778677,0.4989720494446692,FULL_ANCHOR,1.0,OK,False,0.0,True,1,"[""eye"", ""nerve"", ""retina""]",114,11370
OR6N1,True,0.13333333333333333,0.76,0.4673020524463846,0.4988255131115962,FULL_ANCHOR,1.0,OK,False,0.0,False,0,"[""eye"", ""nerve"", ""retina""]",114,11370
HPCAL1,True,0.32,0.6666666666666666,0.4104992150573093,0.49862480376432733,FULL_ANCHOR,1.0,OK,False,0.0,True,1,"[""eye"", ""nerve"", ""retina""]",114,11370
INTS2,True,0.13333333333333333,0.6666666666666666,0.6342649835214288,0.49856624588035714,FULL_ANCHOR,1.0,OK,False,0.0,True,1,"[""eye"", ""nerve"", ""retina""]",114,11370
BCL2L2,True,0.32,0.6666666666666666,0.41025741267539606,0.49856435316884906,FULL_ANCHOR,1.0,OK,False,0.0,True,1,"[""eye"", ""nerve"", ""retina""]",114,11370
ADAMTS3,True,0.13333333333333333,0.6666666666666666,0.6328850868788367,0.49822127171970915,FULL_ANCHOR,1.0,OK,False,0.0,True,1,"[""eye"", ""nerve"", ""retina""]",114,11370
BTBD9,True,0.13333333333333333,0.6666666666666666,0.6327337520846636,0.4981834380211659,FULL_ANCHOR,1.0,OK,False,0.0,True,1,"[""eye"", ""nerve"", ""retina""]",114,11370
VIPR1,True,0.13333333333333333,0.8,0.392560684866723,0.49814017121668075,FULL_ANCHOR,1.0,OK,False,0.0,False,0,"[""eye"", ""nerve"", ""retina""]",114,11370
BTBD2,True,0.13333333333333333,0.6666666666666666,0.6324733450234319,0.49811833625585794,FULL_ANCHOR,1.0,OK,False,0.0,True,1,"[""eye"", ""nerve"", ""retina""]",114,11370
PPP4R4,True,0.13333333333333333,0.8,0.3921052280111962,0.49802630700279904,FULL_ANCHOR,1.0,OK,False,0.0,False,0,"[""eye"", ""nerve"", ""retina""]",114,11370
NELL1,True,0.13333333333333333,0.8,0.39146983858018913,0.4978674596450473,FULL_ANCHOR,1.0,OK,False,0.0,False,0,"[""eye"", ""nerve"", ""retina""]",114,11370
ERP27,True,0.13333333333333333,0.8,0.39128090610459976,0.49782022652615,FULL_ANCHOR,1.0,OK,False,0.0,False,0,"[""eye"", ""nerve"", ""retina""]",114,11370
DOP1B,True,0.13333333333333333,0.8,0.39100436657493465,0.49775109164373366,FULL_ANCHOR,1.0,OK,False,0.0,False,0,"[""eye"", ""nerve"", ""retina""]",114,11370
AFAP1,True,0.13333333333333333,0.8,0.39055310896072054,0.49763827724018017,FULL_ANCHOR,1.0,OK,False,0.0,False,0,"[""eye"", ""nerve"", ""retina""]",114,11370
PHACTR2,True,0.13333333333333333,0.8,0.3904485303796516,0.49761213259491294,FULL_ANCHOR,1.0,OK,False,0.0,False,0,"[""eye"", ""nerve"", ""retina""]",114,11370
PEPD,True,0.13333333333333333,0.6666666666666666,0.6298013640354951,0.49745034100887375,FULL_ANCHOR,1.0,OK,False,0.0,True,1,"[""eye"", ""nerve"", ""retina""]",114,11370
CNKSR3,True,0.13333333333333333,0.8,0.3895275645391638,0.497381891134791,FULL_ANCHOR,1.0,OK,False,0.0,False,0,"[""eye"", ""nerve"", ""retina""]",114,11370
PPFIA3,True,0.32,0.6666666666666666,0.4046747699991883,0.4971686924997971,FULL_ANCHOR,1.0,OK,False,0.0,True,1,"[""eye"", ""nerve"", ""retina""]",114,11370
DNAH14,True,0.13333333333333333,0.8,0.3886292994739754,0.49715732486849384,FULL_ANCHOR,1.0,OK,False,0.0,False,0,"[""eye"", ""nerve"", ""retina""]",114,11370
GET1,True,0.13333333333333333,0.8333333333333333,0.3283114714994816,0.4970778678748704,FULL_ANCHOR,1.0,OK,False,0.0,True,2,"[""eye"", ""nerve"", ""retina""]",114,11370
BCAS3,True,0.13333333333333333,0.6666666666666666,0.6282292047651618,0.49705730119129043,FULL_ANCHOR,1.0,OK,False,0.0,True,1,"[""eye"", ""nerve"", ""retina""]",114,11370
CHPT1,True,0.13333333333333333,0.6666666666666666,0.6281887214605364,0.49704718036513407,FULL_ANCHOR,1.0,OK,False,0.0,True,1,"[""eye"", ""nerve"", ""retina""]",114,11370
LRCH1,True,0.32,0.6666666666666666,0.4041077497515615,0.4970269374378904,FULL_ANCHOR,1.0,OK,False,0.0,True,1,"[""eye"", ""nerve"", ""retina""]",114,11370
ROBO2,True,0.13333333333333333,0.6666666666666666,0.6279166937101285,0.49697917342753206,FULL_ANCHOR,1.0,OK,False,0.0,True,1,"[""eye"", ""nerve"", ""retina""]",114,11370
DISP1,True,0.13333333333333333,0.8,0.3862832592545582,0.49657081481363957,FULL_ANCHOR,1.0,OK,False,0.0,False,0,"[""eye"", ""nerve"", ""retina""]",114,11370
ERC1,True,0.13333333333333333,0.6666666666666666,0.6256867207665009,0.4964216801916252,FULL_ANCHOR,1.0,OK,False,0.0,True,1,"[""eye"", ""nerve"", ""retina""]",114,11370
SETDB2,True,0.13333333333333333,0.6666666666666666,0.6255911978511058,0.4963977994627764,FULL_ANCHOR,1.0,OK,False,0.0,True,1,"[""eye"", ""nerve"", ""retina""]",114,11370
MMP20,True,0.13333333333333333,0.8,0.38549022122087007,0.4963725553052175,FULL_ANCHOR,1.0,OK,False,0.0,False,0,"[""eye"", ""nerve"", ""retina""]",114,11370
AKAP6,True,0.13333333333333333,0.6666666666666666,0.6253265031127672,0.4963316257781918,FULL_ANCHOR,1.0,OK,False,0.0,True,1,"[""eye"", ""nerve"", ""retina""]",114,11370
IFIT3,True,0.13333333333333333,0.6666666666666666,0.6247569401945499,0.49618923504863743,FULL_ANCHOR,1.0,OK,False,0.0,True,1,"[""eye"", ""nerve"", ""retina""]",114,11370
NRXN3,True,0.13333333333333333,0.6666666666666666,0.6228103194913523,0.49570257987283806,FULL_ANCHOR,1.0,OK,False,0.0,True,1,"[""eye"", ""nerve"", ""retina""]",114,11370
SUMF1,True,0.32,0.6666666666666666,0.3987842826824374,0.4956960706706094,FULL_ANCHOR,1.0,OK,False,0.0,True,1,"[""eye"", ""nerve"", ""retina""]",114,11370
CHD9,True,0.13333333333333333,0.6666666666666666,0.6222815103815865,0.49557037759539657,FULL_ANCHOR,1.0,OK,False,0.0,True,1,"[""eye"", ""nerve"", ""retina""]",114,11370
RABEP1,True,0.13333333333333333,0.6666666666666666,0.6220053630964346,0.4955013407741086,FULL_ANCHOR,1.0,OK,False,0.0,True,1,"[""eye"", ""nerve"", ""retina""]",114,11370
LRRTM4,True,0.13333333333333333,0.6666666666666666,0.6211106880868124,0.49527767202170303,FULL_ANCHOR,1.0,OK,False,0.0,True,1,"[""eye"", ""nerve"", ""retina""]",114,11370
NFATC3,True,0.32,0.6666666666666666,0.39623116720912593,0.4950577918022815,FULL_ANCHOR,1.0,OK,False,0.0,True,1,"[""eye"", ""nerve"", ""retina""]",114,11370
MAPK4,True,0.32,0.6666666666666666,0.39621781106761345,0.4950544527669034,FULL_ANCHOR,1.0,OK,False,0.0,True,1,"[""eye"", ""nerve"", ""retina""]",114,11370
TACC2,True,0.13333333333333333,0.6666666666666666,0.6200601392546548,0.49501503481366366,FULL_ANCHOR,1.0,OK,False,0.0,True,1,"[""eye"", ""nerve"", ""retina""]",114,11370
HTR1D,True,0.13333333333333333,0.8,0.3797041143343677,0.4949260285835919,FULL_ANCHOR,1.0,OK,False,0.0,False,0,"[""eye"", ""nerve"", ""retina""]",114,11370
ABCA2,True,0.32,0.6666666666666666,0.39474762450355005,0.4946869061258875,FULL_ANCHOR,1.0,OK,False,0.0,True,1,"[""eye"", ""nerve"", ""retina""]",114,11370
ST8SIA5,True,0.13333333333333333,0.8,0.37859767257707233,0.4946494181442681,FULL_ANCHOR,1.0,OK,False,0.0,False,0,"[""eye"", ""nerve"", ""retina""]",114,11370
RWDD2B,True,0.13333333333333333,0.8,0.3784671459329172,0.4946167864832293,FULL_ANCHOR,1.0,OK,False,0.0,False,0,"[""eye"", ""nerve"", ""retina""]",114,11370
OR4K15,True,0.13333333333333333,0.8,0.37823979834730215,0.4945599495868256,FULL_ANCHOR,1.0,OK,False,0.0,False,0,"[""eye"", ""nerve"", ""retina""]",114,11370
CREB5,True,0.13333333333333333,0.6666666666666666,0.6154932445960155,0.49387331114900385,FULL_ANCHOR,1.0,OK,False,0.0,True,1,"[""eye"", ""nerve"", ""retina""]",114,11370
N4BP2L1,True,0.32,0.6666666666666666,0.3914466732241505,0.4938616683060376,FULL_ANCHOR,1.0,OK,False,0.0,True,1,"[""eye"", ""nerve"", ""retina""]",114,11370
DYNC2H1,True,0.13333333333333333,0.6666666666666666,0.6152230424887348,0.4938057606221837,FULL_ANCHOR,1.0,OK,False,0.0,True,1,"[""eye"", ""nerve"", ""retina""]",114,11370
AEBP2,True,0.32,0.6666666666666666,0.3910522737961535,0.4937630684490384,FULL_ANCHOR,1.0,OK,False,0.0,True,1,"[""eye"", ""nerve"", ""retina""]",114,11370
REG3G,True,0.13333333333333333,0.8,0.3749212970197577,0.49373032425493946,FULL_ANCHOR,1.0,OK,False,0.0,False,0,"[""eye"", ""nerve"", ""retina""]",114,11370
CCNY,True,0.13333333333333333,0.6666666666666666,0.6147535688513347,0.49368839221283367,FULL_ANCHOR,1.0,OK,False,0.0,True,1,"[""eye"", ""nerve"", ""retina""]",114,11370
TRPM1,True,0.13333333333333333,0.6666666666666666,0.6146888031297351,0.49367220078243373,FULL_ANCHOR,1.0,OK,False,0.0,True,1,"[""eye"", ""nerve"", ""retina""]",114,11370
CACNG3,True,0.13333333333333333,0.6666666666666666,0.6143113166055978,0.4935778291513994,FULL_ANCHOR,1.0,OK,False,0.0,True,1,"[""eye"", ""nerve"", ""retina""]",114,11370
SDS,True,0.13333333333333333,0.8,0.37387997219930025,0.4934699930498251,FULL_ANCHOR,1.0,OK,False,0.0,False,0,"[""eye"", ""nerve"", ""retina""]",114,11370
ABLIM1,True,0.32,0.6666666666666666,0.3891111840546607,0.49327779601366517,FULL_ANCHOR,1.0,OK,False,0.0,True,1,"[""eye"", ""nerve"", ""retina""]",114,11370
CLYBL,True,0.32,0.6666666666666666,0.38907224979788235,0.49326806244947063,FULL_ANCHOR,1.0,OK,False,0.0,True,1,"[""eye"", ""nerve"", ""retina""]",114,11370
EEF1AKMT1,True,0.13333333333333333,0.6666666666666666,0.6121370195024283,0.49303425487560704,FULL_ANCHOR,1.0,OK,False,0.0,True,1,"[""eye"", ""nerve"", ""retina""]",114,11370
HYDIN,True,0.13333333333333333,0.6666666666666666,0.6114912753752553,0.4928728188438138,FULL_ANCHOR,1.0,OK,False,0.0,True,1,"[""eye"", ""nerve"", ""retina""]",114,11370
RNF213,True,0.13333333333333333,0.6666666666666666,0.6092309948268635,0.49230774870671584,FULL_ANCHOR,1.0,OK,False,0.0,True,1,"[""eye"", ""nerve"", ""retina""]",114,11370
LAIR1,True,0.13333333333333333,0.6666666666666666,0.6086715124410732,0.4921678781102683,FULL_ANCHOR,1.0,OK,False,0.0,True,1,"[""eye"", ""nerve"", ""retina""]",114,11370
ADAMTSL4,True,0.32,0.6799999999999999,0.359920880082151,0.49198022002053776,FULL_ANCHOR,1.0,OK,False,0.0,False,0,"[""eye"", ""nerve"", ""retina""]",114,11370
FBN3,True,0.13333333333333333,0.8,0.3677520156789944,0.4919380039197486,FULL_ANCHOR,1.0,OK,False,0.0,False,0,"[""eye"", ""nerve"", ""retina""]",114,11370
ACOT13,True,0.13333333333333333,0.6666666666666666,0.6073704021219338,0.49184260053048345,FULL_ANCHOR,1.0,OK,False,0.0,True,1,"[""eye"", ""nerve"", ""retina""]",114,11370
ZNF615,True,0.13333333333333333,0.8333333333333333,0.3073543446082633,0.49183858615206577,FULL_ANCHOR,1.0,OK,False,0.0,True,2,"[""eye"", ""nerve"", ""retina""]",114,11370
DNAI4,True,0.13333333333333333,0.8,0.3672760135085743,0.49181900337714357,FULL_ANCHOR,1.0,OK,False,0.0,False,0,"[""eye"", ""nerve"", ""retina""]",114,11370
GABRG2,True,0.13333333333333333,0.6666666666666666,0.6067698718987027,0.49169246797467564,FULL_ANCHOR,1.0,OK,False,0.0,True,1,"[""eye"", ""nerve"", ""retina""]",114,11370
TLK1,True,0.32,0.6666666666666666,0.3819995583214888,0.4914998895803722,FULL_ANCHOR,1.0,OK,False,0.0,True,1,"[""eye"", ""nerve"", ""retina""]",114,11370
CHCHD6,True,0.44,0.6666666666666666,0.23796214070974636,0.49149053517743657,FULL_ANCHOR,1.0,OK,False,0.0,True,1,"[""eye"", ""nerve"", ""retina""]",114,11370
ANKRD42,True,0.13333333333333333,0.6666666666666666,0.604890595717096,0.491222648929274,FULL_ANCHOR,1.0,OK,False,0.0,True,1,"[""eye"", ""nerve"", ""retina""]",114,11370
SAMD9L,True,0.13333333333333333,0.8,0.364878176059024,0.49121954401475604,FULL_ANCHOR,1.0,OK,False,0.0,False,0,"[""eye"", ""nerve"", ""retina""]",114,11370
RIN2,True,0.32,0.6666666666666666,0.3807794737576481,0.49119486843941207,FULL_ANCHOR,1.0,OK,False,0.0,True,1,"[""eye"", ""nerve"", ""retina""]",114,11370
RAB11FIP3,True,0.13333333333333333,0.6666666666666666,0.6040516843107517,0.4910129210776879,FULL_ANCHOR,1.0,OK,False,0.0,True,1,"[""eye"", ""nerve"", ""retina""]",114,11370
SEMA3E,True,0.13333333333333333,0.8,0.3635584492221794,0.49088961230554484,FULL_ANCHOR,1.0,OK,False,0.0,False,0,"[""eye"", ""nerve"", ""retina""]",114,11370
ULBP2,True,0.13333333333333333,0.8,0.36320395173494624,0.4908009879337366,FULL_ANCHOR,1.0,OK,False,0.0,False,0,"[""eye"", ""nerve"", ""retina""]",114,11370
RHBDD1,True,0.13333333333333333,0.6666666666666666,0.602979964519698,0.4907449911299245,FULL_ANCHOR,1.0,OK,False,0.0,True,1,"[""eye"", ""nerve"", ""retina""]",114,11370
UBALD1,True,0.32,0.6666666666666666,0.378583167639605,0.49064579190990126,FULL_ANCHOR,1.0,OK,False,0.0,True,1,"[""eye"", ""nerve"", ""retina""]",114,11370
KDELR2,True,0.13333333333333333,0.6666666666666666,0.6017743412655396,0.4904435853163849,FULL_ANCHOR,1.0,OK,False,0.0,True,1,"[""eye"", ""nerve"", ""retina""]",114,11370
HSD17B14,True,0.32,0.6666666666666666,0.3773994203353027,0.49034985508382567,FULL_ANCHOR,1.0,OK,False,0.0,True,1,"[""eye"", ""nerve"", ""retina""]",114,11370
ARHGAP8,True,0.32,0.72,0.28120964367434714,0.49030241091858684,FULL_ANCHOR,1.0,OK,False,0.0,False,0,"[""eye"", ""nerve"", ""retina""]",114,11370
COLEC10,True,0.13333333333333333,0.8,0.3612021038753836,0.49030052596884593,FULL_ANCHOR,1.0,OK,False,0.0,False,0,"[""eye"", ""nerve"", ""retina""]",114,11370
SH3RF3,True,0.13333333333333333,0.8,0.36064300737156746,0.4901607518428919,FULL_ANCHOR,1.0,OK,False,0.0,False,0,"[""eye"", ""nerve"", ""retina""]",114,11370
JAM2,True,0.32,0.6666666666666666,0.3764232843294979,0.4901058210823745,FULL_ANCHOR,1.0,OK,False,0.0,True,1,"[""eye"", ""nerve"", ""retina""]",114,11370
CACNG6,True,0.13333333333333333,0.8,0.35948452979825174,0.48987113244956293,FULL_ANCHOR,1.0,OK,False,0.0,False,0,"[""eye"", ""nerve"", ""retina""]",114,11370
LYST,True,0.13333333333333333,0.6666666666666666,0.5985473834293571,0.48963684585733924,FULL_ANCHOR,1.0,OK,False,0.0,True,1,"[""eye"", ""nerve"", ""retina""]",114,11370
ARMC1,True,0.32,0.6666666666666666,0.37445941221929846,0.48961485305482466,FULL_ANCHOR,1.0,OK,False,0.0,True,1,"[""eye"", ""nerve"", ""retina""]",114,11370
SRRM4,True,0.32,0.6666666666666666,0.37358179292808696,0.48939544823202175,FULL_ANCHOR,1.0,OK,False,0.0,True,1,"[""eye"", ""nerve"", ""retina""]",114,11370
NTN4,True,0.32,0.76,0.20537971674306155,0.48934492918576544,FULL_ANCHOR,1.0,OK,False,0.0,False,0,"[""eye"", ""nerve"", ""retina""]",114,11370
GYPE,True,0.13333333333333333,0.8,0.3572611316720502,0.4893152829180126,FULL_ANCHOR,1.0,OK,False,0.0,False,0,"[""eye"", ""nerve"", ""retina""]",114,11370
DOCK9,True,0.44,0.6666666666666666,0.2290676176015535,0.4892669044003884,FULL_ANCHOR,1.0,OK,False,0.0,True,1,"[""eye"", ""nerve"", ""retina""]",114,11370
PRKAA2,True,0.13333333333333333,0.6666666666666666,0.5969323452393945,0.48923308630984863,FULL_ANCHOR,1.0,OK,False,0.0,True,1,"[""eye"", ""nerve"", ""retina""]",114,11370
CRISP3,True,0.13333333333333333,0.8,0.3564740365804292,0.48911850914510735,FULL_ANCHOR,1.0,OK,False,0.0,False,0,"[""eye"", ""nerve"", ""retina""]",114,11370
SSBP2,True,0.13333333333333333,0.6666666666666666,0.5960627272412546,0.48901568181031363,FULL_ANCHOR,1.0,OK,False,0.0,True,1,"[""eye"", ""nerve"", ""retina""]",114,11370
SACK1B,True,0.13333333333333333,0.8,0.3560602889938843,0.48901507224847107,FULL_ANCHOR,1.0,OK,False,0.0,False,0,"[""eye"", ""nerve"", ""retina""]",114,11370
FUT6,True,0.13333333333333333,0.8,0.35589638394664025,0.4889740959866601,FULL_ANCHOR,1.0,OK,False,0.0,False,0,"[""eye"", ""nerve"", ""retina""]",114,11370
PPP5C,True,0.13333333333333333,0.6666666666666666,0.5956778534989373,0.4889194633747343,FULL_ANCHOR,1.0,OK,False,0.0,True,1,"[""eye"", ""nerve"", ""retina""]",114,11370
FHL5,True,0.13333333333333333,0.8,0.3551379189541676,0.4887844797385419,FULL_ANCHOR,1.0,OK,False,0.0,False,0,"[""eye"", ""nerve"", ""retina""]",114,11370
PRR5,True,0.13333333333333333,0.8,0.35417926752001794,0.4885448168800045,FULL_ANCHOR,1.0,OK,False,0.0,False,0,"[""eye"", ""nerve"", ""retina""]",114,11370
PBX4,True,0.13333333333333333,0.8,0.3536327492340705,0.48840818730851765,FULL_ANCHOR,1.0,OK,False,0.0,False,0,"[""eye"", ""nerve"", ""retina""]",114,11370
ITPK1,True,0.32,0.6666666666666666,0.36960599978199876,0.4884014999454997,FULL_ANCHOR,1.0,OK,False,0.0,True,1,"[""eye"", ""nerve"", ""retina""]",114,11370
ARHGEF10,True,0.32,0.6666666666666666,0.36916489358368254,0.4882912233959207,FULL_ANCHOR,1.0,OK,False,0.0,True,1,"[""eye"", ""nerve"", ""retina""]",114,11370
TENM3,True,0.13333333333333333,0.8,0.3525474112802992,0.4881368528200748,FULL_ANCHOR,1.0,OK,False,0.0,False,0,"[""eye"", ""nerve"", ""retina""]",114,11370
MDGA1,True,0.13333333333333333,0.8,0.35081887968105474,0.4877047199202637,FULL_ANCHOR,1.0,OK,False,0.0,False,0,"[""eye"", ""nerve"", ""retina""]",114,11370
TTC3,True,0.13333333333333333,0.6666666666666666,0.5901429056438199,0.48753572641095494,FULL_ANCHOR,1.0,OK,False,0.0,True,1,"[""eye"", ""nerve"", ""retina""]",114,11370
DNAH12,True,0.13333333333333333,0.8,0.35003321944412513,0.4875083048610313,FULL_ANCHOR,1.0,OK,False,0.0,False,0,"[""eye"", ""nerve"", ""retina""]",114,11370
SLC35F1,True,0.13333333333333333,0.6666666666666666,0.5898343811696083,0.48745859529240204,FULL_ANCHOR,1.0,OK,False,0.0,True,1,"[""eye"", ""nerve"", ""retina""]",114,11370
ARB2A,True,0.32,0.6666666666666666,0.36486382269765094,0.4872159556744128,FULL_ANCHOR,1.0,OK,False,0.0,True,1,"[""eye"", ""nerve"", ""retina""]",114,11370
CHN2,True,0.32,0.6666666666666666,0.36355073021832796,0.48688768255458204,FULL_ANCHOR,1.0,OK,False,0.0,True,1,"[""eye"", ""nerve"", ""retina""]",114,11370
RNF169,True,0.13333333333333333,0.6666666666666666,0.5867208452403433,0.48668021131008576,FULL_ANCHOR,1.0,OK,False,0.0,True,1,"[""eye"", ""nerve"", ""retina""]",114,11370
GALNS,True,0.32,0.6666666666666666,0.3624550464937478,0.48661376162343695,FULL_ANCHOR,1.0,OK,False,0.0,True,1,"[""eye"", ""nerve"", ""retina""]",114,11370
ZNF568,True,0.13333333333333333,0.8333333333333333,0.2841449849635914,0.4860362462408978,FULL_ANCHOR,1.0,OK,False,0.0,True,2,"[""eye"", ""nerve"", ""retina""]",114,11370
SNX29,True,0.13333333333333333,0.6666666666666666,0.5836063372912481,0.485901584322812,FULL_ANCHOR,1.0,OK,False,0.0,True,1,"[""eye"", ""nerve"", ""retina""]",114,11370
CNN1,True,0.13333333333333333,0.6666666666666666,0.5824636395637977,0.4856159098909494,FULL_ANCHOR,1.0,OK,False,0.0,True,1,"[""eye"", ""nerve"", ""retina""]",114,11370
TLL1,True,0.13333333333333333,0.8,0.34115996434181695,0.48528999108545423,FULL_ANCHOR,1.0,OK,False,0.0,False,0,"[""eye"", ""nerve"", ""retina""]",114,11370
PCSK6,True,0.32,0.6666666666666666,0.35686677062453953,0.4852166926561349,FULL_ANCHOR,1.0,OK,False,0.0,True,1,"[""eye"", ""nerve"", ""retina""]",114,11370
SLC26A8,True,0.13333333333333333,0.8,0.3398169501710099,0.48495423754275246,FULL_ANCHOR,1.0,OK,False,0.0,False,0,"[""eye"", ""nerve"", ""retina""]",114,11370
HIPK3,True,0.32,0.6666666666666666,0.3552251055832239,0.484806276395806,FULL_ANCHOR,1.0,OK,False,0.0,True,1,"[""eye"", ""nerve"", ""retina""]",114,11370
CNDP1,True,0.13333333333333333,0.6666666666666666,0.5786826222175104,0.4846706555543776,FULL_ANCHOR,1.0,OK,False,0.0,True,1,"[""eye"", ""nerve"", ""retina""]",114,11370
TANK,True,0.13333333333333333,0.6666666666666666,0.5778255297797512,0.48445638244493777,FULL_ANCHOR,1.0,OK,False,0.0,True,1,"[""eye"", ""nerve"", ""retina""]",114,11370
USP16,True,0.32,0.6666666666666666,0.353472395841864,0.484368098960466,FULL_ANCHOR,1.0,OK,False,0.0,True,1,"[""eye"", ""nerve"", ""retina""]",114,11370
MFSD12,True,0.13333333333333333,0.6666666666666666,0.5773788885623842,0.484344722140596,FULL_ANCHOR,1.0,OK,False,0.0,True,1,"[""eye"", ""nerve"", ""retina""]",114,11370
MISP,True,0.13333333333333333,0.8,0.33695499804716067,0.4842387495117902,FULL_ANCHOR,1.0,OK,False,0.0,False,0,"[""eye"", ""nerve"", ""retina""]",114,11370
SLA,True,0.32,0.6666666666666666,0.3527163786995683,0.48417909467489206,FULL_ANCHOR,1.0,OK,False,0.0,True,1,"[""eye"", ""nerve"", ""retina""]",114,11370
GGT1,True,0.13333333333333333,0.6666666666666666,0.5758717911479556,0.4839679477869889,FULL_ANCHOR,1.0,OK,False,0.0,True,1,"[""eye"", ""nerve"", ""retina""]",114,11370
RIC3,True,0.13333333333333333,0.6666666666666666,0.575014854106366,0.48375371352659147,FULL_ANCHOR,1.0,OK,False,0.0,True,1,"[""eye"", ""nerve"", ""retina""]",114,11370
ZNF521,True,0.13333333333333333,0.6666666666666666,0.5731760289097241,0.483294007227431,FULL_ANCHOR,1.0,OK,False,0.0,True,1,"[""eye"", ""nerve"", ""retina""]",114,11370
SLC18A1,True,0.13333333333333333,0.8,0.3324784779666615,0.4831196194916654,FULL_ANCHOR,1.0,OK,False,0.0,False,0,"[""eye"", ""nerve"", ""retina""]",114,11370
APBA1,True,0.13333333333333333,0.6666666666666666,0.5723447628947798,0.4830861907236949,FULL_ANCHOR,1.0,OK,False,0.0,True,1,"[""eye"", ""nerve"", ""retina""]",114,11370
MCF2L,True,0.32,0.6666666666666666,0.3476190238800747,0.4829047559700187,FULL_ANCHOR,1.0,OK,False,0.0,True,1,"[""eye"", ""nerve"", ""retina""]",114,11370
H1-7,True,0.13333333333333333,0.7999999999999998,0.3313399080049738,0.48283497700124334,FULL_ANCHOR,1.0,OK,False,0.0,False,0,"[""eye"", ""nerve"", ""retina""]",114,11370
UBR3,True,0.32,0.6666666666666666,0.34635654803697635,0.4825891370092441,FULL_ANCHOR,1.0,OK,False,0.0,True,1,"[""eye"", ""nerve"", ""retina""]",114,11370
RIMS2,True,0.13333333333333333,0.6666666666666666,0.5702378538714807,0.48255946346787015,FULL_ANCHOR,1.0,OK,False,0.0,True,1,"[""eye"", ""nerve"", ""retina""]",114,11370
TASP1,True,0.32,0.6666666666666666,0.3459011245121907,0.4824752811280477,FULL_ANCHOR,1.0,OK,False,0.0,True,1,"[""eye"", ""nerve"", ""retina""]",114,11370
COLQ,True,0.13333333333333333,0.8,0.32896146086951655,0.4822403652173792,FULL_ANCHOR,1.0,OK,False,0.0,False,0,"[""eye"", ""nerve"", ""retina""]",114,11370
ICA1,True,0.13333333333333333,0.8,0.328771096144876,0.482192774036219,FULL_ANCHOR,1.0,OK,False,0.0,False,0,"[""eye"", ""nerve"", ""retina""]",114,11370
JMJD1C,True,0.13333333333333333,0.6666666666666666,0.5687582594350735,0.48218956485876835,FULL_ANCHOR,1.0,OK,False,0.0,True,1,"[""eye"", ""nerve"", ""retina""]",114,11370
PTBP2,True,0.13333333333333333,0.6666666666666666,0.568082534264057,0.4820206335660142,FULL_ANCHOR,1.0,OK,False,0.0,True,1,"[""eye"", ""nerve"", ""retina""]",114,11370
ADA2,True,0.32,0.6666666666666666,0.3439551695272463,0.4819887923818116,FULL_ANCHOR,1.0,OK,False,0.0,True,1,"[""eye"", ""nerve"", ""retina""]",114,11370
FABP3,True,0.13333333333333333,0.6666666666666666,0.5661504362981769,0.4815376090745442,FULL_ANCHOR,1.0,OK,False,0.0,True,1,"[""eye"", ""nerve"", ""retina""]",114,11370
WRNIP1,True,0.13333333333333333,0.6666666666666666,0.5656968263300659,0.48142420658251645,FULL_ANCHOR,1.0,OK,False,0.0,True,1,"[""eye"", ""nerve"", ""retina""]",114,11370
MYOF,True,0.13333333333333333,0.8,0.3251865487045807,0.4812966371761452,FULL_ANCHOR,1.0,OK,False,0.0,False,0,"[""eye"", ""nerve"", ""retina""]",114,11370
CD72,True,0.13333333333333333,0.8,0.32352630056976817,0.48088157514244206,FULL_ANCHOR,1.0,OK,False,0.0,False,0,"[""eye"", ""nerve"", ""retina""]",114,11370
DLC1,True,0.32,0.6666666666666666,0.33938228661053793,0.48084557165263453,FULL_ANCHOR,1.0,OK,False,0.0,True,1,"[""eye"", ""nerve"", ""retina""]",114,11370
SBF1,True,0.13333333333333333,0.6666666666666666,0.5625998245135801,0.480649956128395,FULL_ANCHOR,1.0,OK,False,0.0,True,1,"[""eye"", ""nerve"", ""retina""]",114,11370
ARHGAP12,True,0.32,0.6666666666666666,0.33848517068071726,0.48062129267017933,FULL_ANCHOR,1.0,OK,False,0.0,True,1,"[""eye"", ""nerve"", ""retina""]",114,11370
PTGFR,True,0.13333333333333333,0.8,0.3218050287733469,0.48045125719333676,FULL_ANCHOR,1.0,OK,False,0.0,False,0,"[""eye"", ""nerve"", ""retina""]",114,11370
PCP4,True,0.32,0.6666666666666666,0.33768069634090264,0.4804201740852257,FULL_ANCHOR,1.0,OK,False,0.0,True,1,"[""eye"", ""nerve"", ""retina""]",114,11370
TBX4,True,0.13333333333333333,0.8,0.3207638070950103,0.4801909517737526,FULL_ANCHOR,1.0,OK,False,0.0,False,0,"[""eye"", ""nerve"", ""retina""]",114,11370
KDM4C,True,0.13333333333333333,0.6666666666666666,0.5591907628547412,0.4797976907136853,FULL_ANCHOR,1.0,OK,False,0.0,True,1,"[""eye"", ""nerve"", ""retina""]",114,11370
STYX,True,0.13333333333333333,0.8,0.3189635083468267,0.4797408770867067,FULL_ANCHOR,1.0,OK,False,0.0,False,0,"[""eye"", ""nerve"", ""retina""]",114,11370
USP6NL,True,0.32,0.6666666666666666,0.33460402775755865,0.47965100693938967,FULL_ANCHOR,1.0,OK,False,0.0,True,1,"[""eye"", ""nerve"", ""retina""]",114,11370
NOVA2,True,0.13333333333333333,0.6666666666666666,0.5567447474369622,0.4791861868592405,FULL_ANCHOR,1.0,OK,False,0.0,True,1,"[""eye"", ""nerve"", ""retina""]",114,11370
SEPTIN14,True,0.13333333333333333,0.8,0.3166749128497819,0.4791687282124455,FULL_ANCHOR,1.0,OK,False,0.0,False,0,"[""eye"", ""nerve"", ""retina""]",114,11370
KCTD1,True,0.32,0.6666666666666666,0.3323512858742501,0.47908782146856255,FULL_ANCHOR,1.0,OK,False,0.0,True,1,"[""eye"", ""nerve"", ""retina""]",114,11370
PDLIM1,True,0.13333333333333333,0.6666666666666666,0.5558860124819857,0.4789715031204964,FULL_ANCHOR,1.0,OK,False,0.0,True,1,"[""eye"", ""nerve"", ""retina""]",114,11370
CHRNA4,True,0.13333333333333333,0.6666666666666666,0.5558423504114619,0.4789605876028654,FULL_ANCHOR,1.0,OK,False,0.0,True,1,"[""eye"", ""nerve"", ""retina""]",114,11370
FBXO10,True,0.13333333333333333,0.8,0.3155075592267925,0.4788768898066982,FULL_ANCHOR,1.0,OK,False,0.0,False,0,"[""eye"", ""nerve"", ""retina""]",114,11370
CDIN1,True,0.13333333333333333,0.8333333333333333,0.25486431322137637,0.4787160783053441,FULL_ANCHOR,1.0,OK,False,0.0,True,2,"[""eye"", ""nerve"", ""retina""]",114,11370
FITM2,True,0.32,0.6666666666666666,0.3306516614707298,0.47866291536768246,FULL_ANCHOR,1.0,OK,False,0.0,True,1,"[""eye"", ""nerve"", ""retina""]",114,11370
MED12L,True,0.13333333333333333,0.8,0.3143528460495649,0.4785882115123913,FULL_ANCHOR,1.0,OK,False,0.0,False,0,"[""eye"", ""nerve"", ""retina""]",114,11370
SORCS2,True,0.32,0.6666666666666666,0.3284163659577213,0.47810409148943034,FULL_ANCHOR,1.0,OK,False,0.0,True,1,"[""eye"", ""nerve"", ""retina""]",114,11370
DZANK1,True,0.32,0.6666666666666666,0.32826858980406476,0.4780671474510162,FULL_ANCHOR,1.0,OK,False,0.0,True,1,"[""eye"", ""nerve"", ""retina""]",114,11370
SDK2,True,0.13333333333333333,0.8,0.3120211958251254,0.47800529895628135,FULL_ANCHOR,1.0,OK,False,0.0,False,0,"[""eye"", ""nerve"", ""retina""]",114,11370
NBEA,True,0.13333333333333333,0.6666666666666666,0.5514980156997558,0.4778745039249389,FULL_ANCHOR,1.0,OK,False,0.0,True,1,"[""eye"", ""nerve"", ""retina""]",114,11370
INPP5B,True,0.13333333333333333,0.6666666666666666,0.5513394469519559,0.47783486173798895,FULL_ANCHOR,1.0,OK,False,0.0,True,1,"[""eye"", ""nerve"", ""retina""]",114,11370
DNAH3,True,0.13333333333333333,0.8,0.31131677199714836,0.4778291929992871,FULL_ANCHOR,1.0,OK,False,0.0,False,0,"[""eye"", ""nerve"", ""retina""]",114,11370
STON2,True,0.13333333333333333,0.6666666666666666,0.5511854586550665,0.4777963646637666,FULL_ANCHOR,1.0,OK,False,0.0,True,1,"[""eye"", ""nerve"", ""retina""]",114,11370
FCGBP,True,0.13333333333333333,0.8,0.31067747126036716,0.47766936781509184,FULL_ANCHOR,1.0,OK,False,0.0,False,0,"[""eye"", ""nerve"", ""retina""]",114,11370
PDIA5,True,0.13333333333333333,0.8,0.3104441716481082,0.47761104291202705,FULL_ANCHOR,1.0,OK,False,0.0,False,0,"[""eye"", ""nerve"", ""retina""]",114,11370
SEC23B,True,0.13333333333333333,0.6666666666666666,0.5503136802494171,0.47757842006235424,FULL_ANCHOR,1.0,OK,False,0.0,True,1,"[""eye"", ""nerve"", ""retina""]",114,11370
SLC28A2,True,0.13333333333333333,0.8,0.3095901146047537,0.47739752865118845,FULL_ANCHOR,1.0,OK,False,0.0,False,0,"[""eye"", ""nerve"", ""retina""]",114,11370
ARHGAP44,True,0.32,0.6666666666666666,0.3248546690846984,0.47721366727117465,FULL_ANCHOR,1.0,OK,False,0.0,True,1,"[""eye"", ""nerve"", ""retina""]",114,11370
WIPI2,True,0.13333333333333333,0.6666666666666666,0.548715105335019,0.4771787763337547,FULL_ANCHOR,1.0,OK,False,0.0,True,1,"[""eye"", ""nerve"", ""retina""]",114,11370
CBLN2,True,0.13333333333333333,0.8,0.30845630365190946,0.4771140759129774,FULL_ANCHOR,1.0,OK,False,0.0,False,0,"[""eye"", ""nerve"", ""retina""]",114,11370
CPEB1,True,0.13333333333333333,0.6666666666666666,0.5476485158225064,0.47691212895562657,FULL_ANCHOR,1.0,OK,False,0.0,True,1,"[""eye"", ""nerve"", ""retina""]",114,11370
NFIX,True,0.32,0.6666666666666666,0.3223547657232981,0.47658869143082455,FULL_ANCHOR,1.0,OK,False,0.0,True,1,"[""eye"", ""nerve"", ""retina""]",114,11370
CDH20,True,0.32,0.6666666666666666,0.3218497080562565,0.47646242701406416,FULL_ANCHOR,1.0,OK,False,0.0,True,1,"[""eye"", ""nerve"", ""retina""]",114,11370
TBC1D2B,True,0.13333333333333333,0.8,0.30496183914273967,0.47624045978568497,FULL_ANCHOR,1.0,OK,False,0.0,False,0,"[""eye"", ""nerve"", ""retina""]",114,11370
AGBL4,True,0.13333333333333333,0.6799999999999999,0.5198669063552448,0.4759667265888112,FULL_ANCHOR,1.0,OK,False,0.0,False,0,"[""eye"", ""nerve"", ""retina""]",114,11370
CEP170B,True,0.32,0.6666666666666666,0.31982326953419016,0.47595581738354753,FULL_ANCHOR,1.0,OK,False,0.0,True,1,"[""eye"", ""nerve"", ""retina""]",114,11370
SCD5,True,0.13333333333333333,0.6666666666666666,0.5437324697558934,0.4759331174389733,FULL_ANCHOR,1.0,OK,False,0.0,True,1,"[""eye"", ""nerve"", ""retina""]",114,11370
GLP2R,True,0.13333333333333333,0.8,0.30340053463664896,0.4758501336591623,FULL_ANCHOR,1.0,OK,False,0.0,False,0,"[""eye"", ""nerve"", ""retina""]",114,11370
DENND1A,True,0.13333333333333333,0.6666666666666666,0.5431962021514272,0.47579905053785676,FULL_ANCHOR,1.0,OK,False,0.0,True,1,"[""eye"", ""nerve"", ""retina""]",114,11370
PABPC1L,True,0.13333333333333333,0.8,0.3030059217346721,0.47575148043366805,FULL_ANCHOR,1.0,OK,False,0.0,False,0,"[""eye"", ""nerve"", ""retina""]",114,11370
ADAMTSL3,True,0.13333333333333333,0.8,0.3028588921602039,0.475714723040051,FULL_ANCHOR,1.0,OK,False,0.0,False,0,"[""eye"", ""nerve"", ""retina""]",114,11370
LGALS7B,True,0.13333333333333333,0.8,0.30271502166687836,0.4756787554167196,FULL_ANCHOR,1.0,OK,False,0.0,False,0,"[""eye"", ""nerve"", ""retina""]",114,11370
ULK2,True,0.13333333333333333,0.6666666666666666,0.5425206477861327,0.4756301619465332,FULL_ANCHOR,1.0,OK,False,0.0,True,1,"[""eye"", ""nerve"", ""retina""]",114,11370
MYO1D,True,0.32,0.6666666666666666,0.31796258441704534,0.47549064610426134,FULL_ANCHOR,1.0,OK,False,0.0,True,1,"[""eye"", ""nerve"", ""retina""]",114,11370
LPAR6,True,0.13333333333333333,0.6666666666666666,0.5416213562556975,0.47540533906392435,FULL_ANCHOR,1.0,OK,False,0.0,True,1,"[""eye"", ""nerve"", ""retina""]",114,11370
SIPA1L3,True,0.32,0.6799999999999999,0.2934692409096674,0.47536731022741685,FULL_ANCHOR,1.0,OK,False,0.0,False,0,"[""eye"", ""nerve"", ""retina""]",114,11370
ST14,True,0.13333333333333333,0.8,0.3012692321455662,0.4753173080363916,FULL_ANCHOR,1.0,OK,False,0.0,False,0,"[""eye"", ""nerve"", ""retina""]",114,11370
NEDD9,True,0.13333333333333333,0.6666666666666666,0.5404734375122339,0.47511835937805846,FULL_ANCHOR,1.0,OK,False,0.0,True,1,"[""eye"", ""nerve"", ""retina""]",114,11370
PREX1,True,0.32,0.6666666666666666,0.3164714082632335,0.47511785206580837,FULL_ANCHOR,1.0,OK,False,0.0,True,1,"[""eye"", ""nerve"", ""retina""]",114,11370
TRPS1,True,0.13333333333333333,0.8,0.30027694830984336,0.47506923707746085,FULL_ANCHOR,1.0,OK,False,0.0,False,0,"[""eye"", ""nerve"", ""retina""]",114,11370
GLG1,True,0.13333333333333333,0.6666666666666666,0.5399086936437172,0.47497717341092927,FULL_ANCHOR,1.0,OK,False,0.0,True,1,"[""eye"", ""nerve"", ""retina""]",114,11370
ADM,True,0.13333333333333333,0.6666666666666666,0.5387509497452023,0.47468773743630055,FULL_ANCHOR,1.0,OK,False,0.0,True,1,"[""eye"", ""nerve"", ""retina""]",114,11370
TTC27,True,0.13333333333333333,0.6666666666666666,0.5368330715652783,0.47420826789131953,FULL_ANCHOR,1.0,OK,False,0.0,True,1,"[""eye"", ""nerve"", ""retina""]",114,11370
COL24A1,True,0.32,0.6666666666666666,0.31231962496883947,0.47407990624220986,FULL_ANCHOR,1.0,OK,False,0.0,True,1,"[""eye"", ""nerve"", ""retina""]",114,11370
MYL3,True,0.13333333333333333,0.6666666666666666,0.5362674499839015,0.47406686249597535,FULL_ANCHOR,1.0,OK,False,0.0,True,1,"[""eye"", ""nerve"", ""retina""]",114,11370
ZNF609,True,0.32,0.6666666666666666,0.31195838990085434,0.47398959747521363,FULL_ANCHOR,1.0,OK,False,0.0,True,1,"[""eye"", ""nerve"", ""retina""]",114,11370
FUBP3,True,0.13333333333333333,0.6666666666666666,0.535849995810839,0.4739624989527097,FULL_ANCHOR,1.0,OK,False,0.0,True,1,"[""eye"", ""nerve"", ""retina""]",114,11370
SDHAF2,True,0.32,0.6666666666666666,0.3114235403935072,0.47385588509837684,FULL_ANCHOR,1.0,OK,False,0.0,True,1,"[""eye"", ""nerve"", ""retina""]",114,11370
RBM26,True,0.32,0.6666666666666666,0.309275937954605,0.4733189844886513,FULL_ANCHOR,1.0,OK,False,0.0,True,1,"[""eye"", ""nerve"", ""retina""]",114,11370
EMC8,True,0.32,0.6666666666666666,0.3084878683984935,0.4731219670996234,FULL_ANCHOR,1.0,OK,False,0.0,True,1,"[""eye"", ""nerve"", ""retina""]",114,11370
MYZAP,True,0.32,0.6799999999999999,0.28413178659532146,0.4730329466488304,FULL_ANCHOR,1.0,OK,False,0.0,False,0,"[""eye"", ""nerve"", ""retina""]",114,11370
SPIDR,True,0.13333333333333333,0.6666666666666666,0.5317306989882182,0.4729326747470545,FULL_ANCHOR,1.0,OK,False,0.0,True,1,"[""eye"", ""nerve"", ""retina""]",114,11370
EMCN,True,0.13333333333333333,0.6666666666666666,0.5317028494888649,0.4729257123722162,FULL_ANCHOR,1.0,OK,False,0.0,True,1,"[""eye"", ""nerve"", ""retina""]",114,11370
SLC16A7,True,0.13333333333333333,0.8,0.29085712892723875,0.4727142822318097,FULL_ANCHOR,1.0,OK,False,0.0,False,0,"[""eye"", ""nerve"", ""retina""]",114,11370
ANKS1B,True,0.13333333333333333,0.6666666666666666,0.5296511696824197,0.47241279242060485,FULL_ANCHOR,1.0,OK,False,0.0,True,1,"[""eye"", ""nerve"", ""retina""]",114,11370
MYG1,True,0.32,0.6666666666666666,0.3044841726793681,0.47212104316984205,FULL_ANCHOR,1.0,OK,False,0.0,True,1,"[""eye"", ""nerve"", ""retina""]",114,11370
EXOC3L4,True,0.13333333333333333,0.8,0.28843320340687595,0.472108300851719,FULL_ANCHOR,1.0,OK,False,0.0,False,0,"[""eye"", ""nerve"", ""retina""]",114,11370
B3GNT6,True,0.13333333333333333,0.8,0.2880156292898568,0.4720039073224642,FULL_ANCHOR,1.0,OK,False,0.0,False,0,"[""eye"", ""nerve"", ""retina""]",114,11370
HMGCLL1,True,0.13333333333333333,0.6666666666666666,0.5278798091538891,0.47196995228847227,FULL_ANCHOR,1.0,OK,False,0.0,True,1,"[""eye"", ""nerve"", ""retina""]",114,11370
SORCS1,True,0.13333333333333333,0.6666666666666666,0.5263308913513642,0.47158272283784103,FULL_ANCHOR,1.0,OK,False,0.0,True,1,"[""eye"", ""nerve"", ""retina""]",114,11370
SMG9,True,0.13333333333333333,0.6666666666666666,0.5263029777604873,0.4715757444401218,FULL_ANCHOR,1.0,OK,False,0.0,True,1,"[""eye"", ""nerve"", ""retina""]",114,11370
ARSB,True,0.32,0.6666666666666666,0.30220821731983316,0.4715520543299583,FULL_ANCHOR,1.0,OK,False,0.0,True,1,"[""eye"", ""nerve"", ""retina""]",114,11370
CAST,True,0.13333333333333333,0.6666666666666666,0.526176635898684,0.47154415897467095,FULL_ANCHOR,1.0,OK,False,0.0,True,1,"[""eye"", ""nerve"", ""retina""]",114,11370
PHF11,True,0.13333333333333333,0.6666666666666666,0.5252309008476596,0.4713077252119149,FULL_ANCHOR,1.0,OK,False,0.0,True,1,"[""eye"", ""nerve"", ""retina""]",114,11370
B3GALT1,True,0.13333333333333333,0.8,0.2849171372945672,0.4712292843236418,FULL_ANCHOR,1.0,OK,False,0.0,False,0,"[""eye"", ""nerve"", ""retina""]",114,11370
PGPEP1,True,0.13333333333333333,0.6666666666666666,0.5248033194156849,0.4712008298539212,FULL_ANCHOR,1.0,OK,False,0.0,True,1,"[""eye"", ""nerve"", ""retina""]",114,11370
TPD52,True,0.13333333333333333,0.6666666666666666,0.5246144256861183,0.47115360642152954,FULL_ANCHOR,1.0,OK,False,0.0,True,1,"[""eye"", ""nerve"", ""retina""]",114,11370
SLC6A12,True,0.13333333333333333,0.76,0.35636460969682093,0.47109115242420524,FULL_ANCHOR,1.0,OK,False,0.0,False,0,"[""eye"", ""nerve"", ""retina""]",114,11370
CHIT1,True,0.13333333333333333,0.6666666666666666,0.5243033369022452,0.47107583422556126,FULL_ANCHOR,1.0,OK,False,0.0,True,1,"[""eye"", ""nerve"", ""retina""]",114,11370
FAM163B,True,0.13333333333333333,0.7999999999999998,0.28331888384634396,0.47082972096158593,FULL_ANCHOR,1.0,OK,False,0.0,False,0,"[""eye"", ""nerve"", ""retina""]",114,11370
CCBE1,True,0.13333333333333333,0.7999999999999998,0.2814236385439619,0.4703559096359904,FULL_ANCHOR,1.0,OK,False,0.0,False,0,"[""eye"", ""nerve"", ""retina""]",114,11370
SMIM17,True,0.13333333333333333,0.6399999999999999,0.5693858953060256,0.47034647382650635,FULL_ANCHOR,1.0,OK,False,0.0,False,0,"[""eye"", ""nerve"", ""retina""]",114,11370
SBF2,True,0.32,0.6666666666666666,0.2969073614511444,0.4702268403627861,FULL_ANCHOR,1.0,OK,False,0.0,True,1,"[""eye"", ""nerve"", ""retina""]",114,11370
NAIP,True,0.13333333333333333,0.6666666666666666,0.5208337918351483,0.470208447958787,FULL_ANCHOR,1.0,OK,False,0.0,True,1,"[""eye"", ""nerve"", ""retina""]",114,11370
OR5F1,True,0.13333333333333333,0.76,0.35231324043624135,0.4700783101090603,FULL_ANCHOR,1.0,OK,False,0.0,False,0,"[""eye"", ""nerve"", ""retina""]",114,11370
MAPRE2,True,0.13333333333333333,0.6666666666666666,0.5189691318130534,0.4697422829532633,FULL_ANCHOR,1.0,OK,False,0.0,True,1,"[""eye"", ""nerve"", ""retina""]",114,11370
CCDC27,True,0.13333333333333333,0.6799999999999999,0.4943726565651234,0.4695931641412808,FULL_ANCHOR,1.0,OK,False,0.0,False,0,"[""eye"", ""nerve"", ""retina""]",114,11370
PTPRA,True,0.13333333333333333,0.6666666666666666,0.5177186687977623,0.46942966719944057,FULL_ANCHOR,1.0,OK,False,0.0,True,1,"[""eye"", ""nerve"", ""retina""]",114,11370
DNAH9,True,0.13333333333333333,0.6666666666666666,0.5174628435796707,0.46936571089491763,FULL_ANCHOR,1.0,OK,False,0.0,True,1,"[""eye"", ""nerve"", ""retina""]",114,11370
TTLL1,True,0.13333333333333333,0.6666666666666666,0.5170581655199631,0.46926454137999074,FULL_ANCHOR,1.0,OK,False,0.0,True,1,"[""eye"", ""nerve"", ""retina""]",114,11370
CORO2A,True,0.13333333333333333,0.8,0.276503431739376,0.469125857934844,FULL_ANCHOR,1.0,OK,False,0.0,False,0,"[""eye"", ""nerve"", ""retina""]",114,11370
WDPCP,True,0.13333333333333333,0.6666666666666666,0.5162853554652522,0.469071338866313,FULL_ANCHOR,1.0,OK,False,0.0,True,1,"[""eye"", ""nerve"", ""retina""]",114,11370
ZNF516,True,0.13333333333333333,0.6666666666666666,0.5162516884929291,0.46906292212323225,FULL_ANCHOR,1.0,OK,False,0.0,True,1,"[""eye"", ""nerve"", ""retina""]",114,11370
SLC35A5,True,0.13333333333333333,0.6666666666666666,0.5160978593108754,0.4690244648277188,FULL_ANCHOR,1.0,OK,False,0.0,True,1,"[""eye"", ""nerve"", ""retina""]",114,11370
SNX8,True,0.13333333333333333,0.6666666666666666,0.5147538554937795,0.46868846387344487,FULL_ANCHOR,1.0,OK,False,0.0,True,1,"[""eye"", ""nerve"", ""retina""]",114,11370
TENM2,True,0.13333333333333333,0.76,0.34614664964386116,0.4685366624109653,FULL_ANCHOR,1.0,OK,False,0.0,False,0,"[""eye"", ""nerve"", ""retina""]",114,11370
CRYBG1,True,0.13333333333333333,0.8,0.27381927264207356,0.4684548181605184,FULL_ANCHOR,1.0,OK,False,0.0,False,0,"[""eye"", ""nerve"", ""retina""]",114,11370
HTR3E,True,0.13333333333333333,0.8,0.27377692981919843,0.4684442324547996,FULL_ANCHOR,1.0,OK,False,0.0,False,0,"[""eye"", ""nerve"", ""retina""]",114,11370
NBPF11,True,0.13333333333333333,0.6666666666666666,0.5128861035629235,0.46822152589073085,FULL_ANCHOR,1.0,OK,False,0.0,True,1,"[""eye"", ""nerve"", ""retina""]",114,11370
KLHL1,True,0.13333333333333333,0.8,0.2713415970534665,0.46783539926336665,FULL_ANCHOR,1.0,OK,False,0.0,False,0,"[""eye"", ""nerve"", ""retina""]",114,11370
AMDHD1,True,0.13333333333333333,0.7999999999999998,0.27123080254052323,0.4678077006351307,FULL_ANCHOR,1.0,OK,False,0.0,False,0,"[""eye"", ""nerve"", ""retina""]",114,11370
OR9G1,True,0.13333333333333333,0.6799999999999999,0.48628682153508485,0.4675717053837712,FULL_ANCHOR,1.0,OK,False,0.0,False,0,"[""eye"", ""nerve"", ""retina""]",114,11370
TPTE2,True,0.13333333333333333,0.8,0.2694707251084483,0.4673676812771121,FULL_ANCHOR,1.0,OK,False,0.0,False,0,"[""eye"", ""nerve"", ""retina""]",114,11370
TRIM38,True,0.13333333333333333,0.8,0.26908347920452935,0.46727086980113236,FULL_ANCHOR,1.0,OK,False,0.0,False,0,"[""eye"", ""nerve"", ""retina""]",114,11370
SYNE3,True,0.13333333333333333,0.6666666666666666,0.5084930013417231,0.4671232503354308,FULL_ANCHOR,1.0,OK,False,0.0,True,1,"[""eye"", ""nerve"", ""retina""]",114,11370
DPY19L2,True,0.13333333333333333,0.6666666666666666,0.5075697166912104,0.4668924291728026,FULL_ANCHOR,1.0,OK,False,0.0,True,1,"[""eye"", ""nerve"", ""retina""]",114,11370
GXYLT1,True,0.13333333333333333,0.6666666666666666,0.5075177421280901,0.4668794355320225,FULL_ANCHOR,1.0,OK,False,0.0,True,1,"[""eye"", ""nerve"", ""retina""]",114,11370
LILRB1,True,0.13333333333333333,0.6666666666666666,0.5073447615404233,0.4668361903851058,FULL_ANCHOR,1.0,OK,False,0.0,True,1,"[""eye"", ""nerve"", ""retina""]",114,11370
EVA1C,True,0.13333333333333333,0.6666666666666666,0.5058935767943791,0.46647339419859474,FULL_ANCHOR,1.0,OK,False,0.0,True,1,"[""eye"", ""nerve"", ""retina""]",114,11370
GALNT18,True,0.13333333333333333,0.6666666666666666,0.5044179476849042,0.466104486921226,FULL_ANCHOR,1.0,OK,False,0.0,True,1,"[""eye"", ""nerve"", ""retina""]",114,11370
ZBTB4,True,0.32,0.6666666666666666,0.2800634085881052,0.46601585214702634,FULL_ANCHOR,1.0,OK,False,0.0,True,1,"[""eye"", ""nerve"", ""retina""]",114,11370
MXI1,True,0.13333333333333333,0.6666666666666666,0.5031023194589992,0.46577557986474977,FULL_ANCHOR,1.0,OK,False,0.0,True,1,"[""eye"", ""nerve"", ""retina""]",114,11370
IFRD1,True,0.13333333333333333,0.6666666666666666,0.5030335891317967,0.46575839728294915,FULL_ANCHOR,1.0,OK,False,0.0,True,1,"[""eye"", ""nerve"", ""retina""]",114,11370
DPF1,True,0.13333333333333333,0.8,0.2629852389542798,0.46574630973856995,FULL_ANCHOR,1.0,OK,False,0.0,False,0,"[""eye"", ""nerve"", ""retina""]",114,11370
CMIP,True,0.13333333333333333,0.6666666666666666,0.5022317228881674,0.4655579307220418,FULL_ANCHOR,1.0,OK,False,0.0,True,1,"[""eye"", ""nerve"", ""retina""]",114,11370
FOXN3,True,0.32,0.6666666666666666,0.27738666818667884,0.4653466670466697,FULL_ANCHOR,1.0,OK,False,0.0,True,1,"[""eye"", ""nerve"", ""retina""]",114,11370
LGI2,True,0.13333333333333333,0.8,0.26010045138053767,0.4650251128451344,FULL_ANCHOR,1.0,OK,False,0.0,False,0,"[""eye"", ""nerve"", ""retina""]",114,11370
ATP9A,True,0.13333333333333333,0.6666666666666666,0.5000168702680828,0.4650042175670207,FULL_ANCHOR,1.0,OK,False,0.0,True,1,"[""eye"", ""nerve"", ""retina""]",114,11370
ASTN2,True,0.13333333333333333,0.6666666666666666,0.49995460146911475,0.46498865036727866,FULL_ANCHOR,1.0,OK,False,0.0,True,1,"[""eye"", ""nerve"", ""retina""]",114,11370
PRDM6,True,0.13333333333333333,0.8,0.25989836039146513,0.4649745900978663,FULL_ANCHOR,1.0,OK,False,0.0,False,0,"[""eye"", ""nerve"", ""retina""]",114,11370
RIMBP2,True,0.32,0.6666666666666666,0.27513641523397625,0.4647841038084941,FULL_ANCHOR,1.0,OK,False,0.0,True,1,"[""eye"", ""nerve"", ""retina""]",114,11370
GGA1,True,0.13333333333333333,0.6666666666666666,0.49792000870185504,0.4644800021754637,FULL_ANCHOR,1.0,OK,False,0.0,True,1,"[""eye"", ""nerve"", ""retina""]",114,11370
ZCCHC17,True,0.13333333333333333,0.6666666666666666,0.4975522724903698,0.4643880681225924,FULL_ANCHOR,1.0,OK,False,0.0,True,1,"[""eye"", ""nerve"", ""retina""]",114,11370
MYRIP,True,0.32,0.6666666666666666,0.27256931147281926,0.46414232786820486,FULL_ANCHOR,1.0,OK,False,0.0,True,1,"[""eye"", ""nerve"", ""retina""]",114,11370
PALM2AKAP2,True,0.13333333333333333,0.6666666666666666,0.49615816722853445,0.4640395418071336,FULL_ANCHOR,1.0,OK,False,0.0,True,1,"[""eye"", ""nerve"", ""retina""]",114,11370
RCBTB1,True,0.13333333333333333,0.6666666666666666,0.4956685861420411,0.46391714653551025,FULL_ANCHOR,1.0,OK,False,0.0,True,1,"[""eye"", ""nerve"", ""retina""]",114,11370
STAP1,True,0.13333333333333333,0.8,0.2555928884169721,0.46389822210424303,FULL_ANCHOR,1.0,OK,False,0.0,False,0,"[""eye"", ""nerve"", ""retina""]",114,11370
ATG2B,True,0.13333333333333333,0.6666666666666666,0.4953238605614839,0.4638309651403709,FULL_ANCHOR,1.0,OK,False,0.0,True,1,"[""eye"", ""nerve"", ""retina""]",114,11370
AOPEP,True,0.13333333333333333,0.6666666666666666,0.49527567252537985,0.4638189181313449,FULL_ANCHOR,1.0,OK,False,0.0,True,1,"[""eye"", ""nerve"", ""retina""]",114,11370
NAAA,True,0.13333333333333333,0.6666666666666666,0.4946015388902536,0.46365038472256337,FULL_ANCHOR,1.0,OK,False,0.0,True,1,"[""eye"", ""nerve"", ""retina""]",114,11370
CLMB,True,0.32,0.6666666666666666,0.270448482787095,0.46361212069677377,FULL_ANCHOR,1.0,OK,False,0.0,True,1,"[""eye"", ""nerve"", ""retina""]",114,11370
GPM6A,True,0.13333333333333333,0.6666666666666666,0.4940737485606287,0.46351843714015717,FULL_ANCHOR,1.0,OK,False,0.0,True,1,"[""eye"", ""nerve"", ""retina""]",114,11370
CFAP20DC,True,0.13333333333333333,0.72,0.397893217779117,0.46347330444477924,FULL_ANCHOR,1.0,OK,False,0.0,False,0,"[""eye"", ""nerve"", ""retina""]",114,11370
ITGBL1,True,0.13333333333333333,0.8,0.2528967566332929,0.46322418915832325,FULL_ANCHOR,1.0,OK,False,0.0,False,0,"[""eye"", ""nerve"", ""retina""]",114,11370
FRMD3,True,0.13333333333333333,0.6666666666666666,0.4925929230116757,0.4631482307529189,FULL_ANCHOR,1.0,OK,False,0.0,True,1,"[""eye"", ""nerve"", ""retina""]",114,11370
TMPRSS15,True,0.13333333333333333,0.6799999999999999,0.4676022575023058,0.4629005643755764,FULL_ANCHOR,1.0,OK,False,0.0,False,0,"[""eye"", ""nerve"", ""retina""]",114,11370
CABYR,True,0.13333333333333333,0.6666666666666666,0.4910030872978967,0.46275077182447416,FULL_ANCHOR,1.0,OK,False,0.0,True,1,"[""eye"", ""nerve"", ""retina""]",114,11370
ZNF786,True,0.13333333333333333,0.6666666666666666,0.4906646662745972,0.4626661665686493,FULL_ANCHOR,1.0,OK,False,0.0,True,1,"[""eye"", ""nerve"", ""retina""]",114,11370
GDPD5,True,0.13333333333333333,0.6666666666666666,0.49052041182158374,0.4626301029553959,FULL_ANCHOR,1.0,OK,False,0.0,True,1,"[""eye"", ""nerve"", ""retina""]",114,11370
CDH12,True,0.32,0.6666666666666666,0.2656743709681621,0.46241859274204056,FULL_ANCHOR,1.0,OK,False,0.0,True,1,"[""eye"", ""nerve"", ""retina""]",114,11370
LY86,True,0.13333333333333333,0.6666666666666666,0.4895608294729258,0.46239020736823144,FULL_ANCHOR,1.0,OK,False,0.0,True,1,"[""eye"", ""nerve"", ""retina""]",114,11370
PCDHGC3,True,0.13333333333333333,0.6666666666666666,0.48945315050116167,0.4623632876252904,FULL_ANCHOR,1.0,OK,False,0.0,True,1,"[""eye"", ""nerve"", ""retina""]",114,11370
TRIM13,True,0.13333333333333333,0.6666666666666666,0.4892413228343512,0.46231033070858774,FULL_ANCHOR,1.0,OK,False,0.0,True,1,"[""eye"", ""nerve"", ""retina""]",114,11370
PPP4R3B,True,0.13333333333333333,0.6666666666666666,0.4891730716134671,0.4622932679033668,FULL_ANCHOR,1.0,OK,False,0.0,True,1,"[""eye"", ""nerve"", ""retina""]",114,11370
SPATA13,True,0.32,0.6666666666666666,0.26474765543740963,0.4621869138593524,FULL_ANCHOR,1.0,OK,False,0.0,True,1,"[""eye"", ""nerve"", ""retina""]",114,11370
ENOX1,True,0.13333333333333333,0.76,0.32049141891138566,0.4621228547278464,FULL_ANCHOR,1.0,OK,False,0.0,False,0,"[""eye"", ""nerve"", ""retina""]",114,11370
LRRC37B,True,0.13333333333333333,0.8333333333333333,0.18813443073686115,0.46203360768421525,FULL_ANCHOR,1.0,OK,False,0.0,True,2,"[""eye"", ""nerve"", ""retina""]",114,11370
NPAS3,True,0.13333333333333333,0.6666666666666666,0.48804616544601404,0.46201154136150346,FULL_ANCHOR,1.0,OK,False,0.0,True,1,"[""eye"", ""nerve"", ""retina""]",114,11370
AGPAT3,True,0.13333333333333333,0.6666666666666666,0.4877054516748558,0.4619263629187139,FULL_ANCHOR,1.0,OK,False,0.0,True,1,"[""eye"", ""nerve"", ""retina""]",114,11370
STXBP5L,True,0.13333333333333333,0.8,0.2472333960076421,0.46180834900191053,FULL_ANCHOR,1.0,OK,False,0.0,False,0,"[""eye"", ""nerve"", ""retina""]",114,11370
ULBP1,True,0.13333333333333333,0.8,0.24645832920474783,0.46161458230118696,FULL_ANCHOR,1.0,OK,False,0.0,False,0,"[""eye"", ""nerve"", ""retina""]",114,11370
PTPN9,True,0.13333333333333333,0.8,0.2462765964551612,0.4615691491137903,FULL_ANCHOR,1.0,OK,False,0.0,False,0,"[""eye"", ""nerve"", ""retina""]",114,11370
PRR13,True,0.13333333333333333,0.8333333333333333,0.1852695802636397,0.4613173950659099,FULL_ANCHOR,1.0,OK,False,0.0,True,2,"[""eye"", ""nerve"", ""retina""]",114,11370
ARHGAP17,True,0.32,0.6666666666666666,0.2606751473451474,0.46116878683628687,FULL_ANCHOR,1.0,OK,False,0.0,True,1,"[""eye"", ""nerve"", ""retina""]",114,11370
NGRN,True,0.32,0.6666666666666666,0.26025142535963314,0.4610628563399083,FULL_ANCHOR,1.0,OK,False,0.0,True,1,"[""eye"", ""nerve"", ""retina""]",114,11370
TECRL,True,0.13333333333333333,0.8,0.24415086077470882,0.4610377151936772,FULL_ANCHOR,1.0,OK,False,0.0,False,0,"[""eye"", ""nerve"", ""retina""]",114,11370
HS3ST4,True,0.13333333333333333,0.8,0.24383844842107844,0.46095961210526964,FULL_ANCHOR,1.0,OK,False,0.0,False,0,"[""eye"", ""nerve"", ""retina""]",114,11370
YIPF7,True,0.13333333333333333,0.8,0.24341784981926157,0.46085446245481543,FULL_ANCHOR,1.0,OK,False,0.0,False,0,"[""eye"", ""nerve"", ""retina""]",114,11370
SLC37A3,True,0.13333333333333333,0.6666666666666666,0.48338294580529995,0.460845736451325,FULL_ANCHOR,1.0,OK,False,0.0,True,1,"[""eye"", ""nerve"", ""retina""]",114,11370
PPP4R1,True,0.13333333333333333,0.6666666666666666,0.4823871913855609,0.4605967978463902,FULL_ANCHOR,1.0,OK,False,0.0,True,1,"[""eye"", ""nerve"", ""retina""]",114,11370
TMEM41B,True,0.13333333333333333,0.6666666666666666,0.48155827270590146,0.46038956817647536,FULL_ANCHOR,1.0,OK,False,0.0,True,1,"[""eye"", ""nerve"", ""retina""]",114,11370
ENDOV,True,0.13333333333333333,0.6666666666666666,0.48144799205284716,0.46036199801321176,FULL_ANCHOR,1.0,OK,False,0.0,True,1,"[""eye"", ""nerve"", ""retina""]",114,11370
PCDH9,True,0.13333333333333333,0.6666666666666666,0.4803560690414276,0.4600890172603569,FULL_ANCHOR,1.0,OK,False,0.0,True,1,"[""eye"", ""nerve"", ""retina""]",114,11370
FLVCR2,True,0.13333333333333333,0.8,0.24018652208354455,0.4600466305208862,FULL_ANCHOR,1.0,OK,False,0.0,False,0,"[""eye"", ""nerve"", ""retina""]",114,11370
CASD1,True,0.13333333333333333,0.6666666666666666,0.47889681508069715,0.45972420377017426,FULL_ANCHOR,1.0,OK,False,0.0,True,1,"[""eye"", ""nerve"", ""retina""]",114,11370
ZFAND3,True,0.13333333333333333,0.6666666666666666,0.4780033185576147,0.45950082963940364,FULL_ANCHOR,1.0,OK,False,0.0,True,1,"[""eye"", ""nerve"", ""retina""]",114,11370
ERG,True,0.13333333333333333,0.8,0.2377172590898432,0.45942931477246085,FULL_ANCHOR,1.0,OK,False,0.0,False,0,"[""eye"", ""nerve"", ""retina""]",114,11370
PTPRN2,True,0.13333333333333333,0.6666666666666666,0.4764138952352103,0.45910347380880256,FULL_ANCHOR,1.0,OK,False,0.0,True,1,"[""eye"", ""nerve"", ""retina""]",114,11370
RTN1,True,0.13333333333333333,0.6666666666666666,0.4754899895177248,0.45887249737943114,FULL_ANCHOR,1.0,OK,False,0.0,True,1,"[""eye"", ""nerve"", ""retina""]",114,11370
PLXNC1,True,0.13333333333333333,0.8,0.2352796565473962,0.4588199141368491,FULL_ANCHOR,1.0,OK,False,0.0,False,0,"[""eye"", ""nerve"", ""retina""]",114,11370
GSTCD,True,0.13333333333333333,0.6666666666666666,0.4745648917245746,0.4586412229311436,FULL_ANCHOR,1.0,OK,False,0.0,True,1,"[""eye"", ""nerve"", ""retina""]",114,11370
TPSAB1,True,0.13333333333333333,0.6799999999999999,0.4504411278161443,0.4586102819540361,FULL_ANCHOR,1.0,OK,False,0.0,False,0,"[""eye"", ""nerve"", ""retina""]",114,11370
FRMD4A,True,0.13333333333333333,0.6666666666666666,0.4726223708223849,0.4581555927055962,FULL_ANCHOR,1.0,OK,False,0.0,True,1,"[""eye"", ""nerve"", ""retina""]",114,11370
SLC9A9,True,0.13333333333333333,0.6666666666666666,0.4715233686919399,0.45788084217298497,FULL_ANCHOR,1.0,OK,False,0.0,True,1,"[""eye"", ""nerve"", ""retina""]",114,11370
FSIP1,True,0.13333333333333333,0.72,0.3755221210705384,0.4578805302676346,FULL_ANCHOR,1.0,OK,False,0.0,False,0,"[""eye"", ""nerve"", ""retina""]",114,11370
UBAC1,True,0.13333333333333333,0.6666666666666666,0.47082764027065493,0.45770691006766373,FULL_ANCHOR,1.0,OK,False,0.0,True,1,"[""eye"", ""nerve"", ""retina""]",114,11370
TPD52L1,True,0.13333333333333333,0.6666666666666666,0.4705918171221418,0.4576479542805354,FULL_ANCHOR,1.0,OK,False,0.0,True,1,"[""eye"", ""nerve"", ""retina""]",114,11370
DPY19L3,True,0.13333333333333333,0.6666666666666666,0.4704123474000844,0.45760308685002105,FULL_ANCHOR,1.0,OK,False,0.0,True,1,"[""eye"", ""nerve"", ""retina""]",114,11370
CPD,True,0.13333333333333333,0.6666666666666666,0.4697161823308109,0.4574290455827027,FULL_ANCHOR,1.0,OK,False,0.0,True,1,"[""eye"", ""nerve"", ""retina""]",114,11370
LILRA1,True,0.13333333333333333,0.8,0.22970282603414963,0.4574257065085374,FULL_ANCHOR,1.0,OK,False,0.0,False,0,"[""eye"", ""nerve"", ""retina""]",114,11370
DDI2,True,0.13333333333333333,0.6666666666666666,0.4696098648855468,0.4574024662213867,FULL_ANCHOR,1.0,OK,False,0.0,True,1,"[""eye"", ""nerve"", ""retina""]",114,11370
STPG2,True,0.13333333333333333,0.6399999999999999,0.5176048960969339,0.45740122402423344,FULL_ANCHOR,1.0,OK,False,0.0,False,0,"[""eye"", ""nerve"", ""retina""]",114,11370
TGIF1,True,0.32,0.6666666666666666,0.24555208437257464,0.4573880210931437,FULL_ANCHOR,1.0,OK,False,0.0,True,1,"[""eye"", ""nerve"", ""retina""]",114,11370
SYNPR,True,0.13333333333333333,0.6666666666666666,0.4693756082316082,0.457343902057902,FULL_ANCHOR,1.0,OK,False,0.0,True,1,"[""eye"", ""nerve"", ""retina""]",114,11370
ABR,True,0.32,0.6666666666666666,0.2450753142364636,0.45726882855911594,FULL_ANCHOR,1.0,OK,False,0.0,True,1,"[""eye"", ""nerve"", ""retina""]",114,11370
RPH3AL,True,0.13333333333333333,0.6666666666666666,0.4678332399476399,0.45695830998690995,FULL_ANCHOR,1.0,OK,False,0.0,True,1,"[""eye"", ""nerve"", ""retina""]",114,11370
ZNF717,True,0.13333333333333333,0.6666666666666666,0.4670140515040623,0.4567535128760155,FULL_ANCHOR,1.0,OK,False,0.0,True,1,"[""eye"", ""nerve"", ""retina""]",114,11370
MEI4,True,0.13333333333333333,0.76,0.2982777471313457,0.45656943678283646,FULL_ANCHOR,1.0,OK,False,0.0,False,0,"[""eye"", ""nerve"", ""retina""]",114,11370
ABHD10,True,0.13333333333333333,0.6666666666666666,0.4659061873453773,0.4564765468363443,FULL_ANCHOR,1.0,OK,False,0.0,True,1,"[""eye"", ""nerve"", ""retina""]",114,11370
TM4SF5,True,0.13333333333333333,0.7999999999999998,0.2254192842159159,0.4563548210539789,FULL_ANCHOR,1.0,OK,False,0.0,False,0,"[""eye"", ""nerve"", ""retina""]",114,11370
PITPNA,True,0.13333333333333333,0.6666666666666666,0.46483903357530665,0.4562097583938266,FULL_ANCHOR,1.0,OK,False,0.0,True,1,"[""eye"", ""nerve"", ""retina""]",114,11370
ANKRD62,True,0.13333333333333333,0.64,0.5120535458710564,0.4560133864677641,FULL_ANCHOR,1.0,OK,False,0.0,False,0,"[""eye"", ""nerve"", ""retina""]",114,11370
SLC7A7,True,0.13333333333333333,0.6666666666666666,0.463785710942314,0.4559464277355785,FULL_ANCHOR,1.0,OK,False,0.0,True,1,"[""eye"", ""nerve"", ""retina""]",114,11370
KLHDC3,True,0.13333333333333333,0.6666666666666666,0.46318905737558747,0.45579726434389684,FULL_ANCHOR,1.0,OK,False,0.0,True,1,"[""eye"", ""nerve"", ""retina""]",114,11370
PDXDC1,True,0.13333333333333333,0.6666666666666666,0.46294802453271267,0.45573700613317814,FULL_ANCHOR,1.0,OK,False,0.0,True,1,"[""eye"", ""nerve"", ""retina""]",114,11370
RABGAP1L,True,0.32,0.6666666666666666,0.23762732093471164,0.45540683023367795,FULL_ANCHOR,1.0,OK,False,0.0,True,1,"[""eye"", ""nerve"", ""retina""]",114,11370
CNOT4,True,0.13333333333333333,0.6666666666666666,0.46074293680583667,0.45518573420145914,FULL_ANCHOR,1.0,OK,False,0.0,True,1,"[""eye"", ""nerve"", ""retina""]",114,11370
DOK5,True,0.32,0.6666666666666666,0.2366717922773085,0.45516794806932714,FULL_ANCHOR,1.0,OK,False,0.0,True,1,"[""eye"", ""nerve"", ""retina""]",114,11370
ZNF701,True,0.13333333333333333,0.6666666666666666,0.4606188786467321,0.45515471966168297,FULL_ANCHOR,1.0,OK,False,0.0,True,1,"[""eye"", ""nerve"", ""retina""]",114,11370
RSPH10B,True,0.13333333333333333,0.6799999999999999,0.4365390316161743,0.45513475790404356,FULL_ANCHOR,1.0,OK,False,0.0,False,0,"[""eye"", ""nerve"", ""retina""]",114,11370
SH3BP1,True,0.13333333333333333,0.8,0.22017531395390885,0.45504382848847724,FULL_ANCHOR,1.0,OK,False,0.0,False,0,"[""eye"", ""nerve"", ""retina""]",114,11370
SEZ6,True,0.13333333333333333,0.6666666666666666,0.46014563555870974,0.4550364088896774,FULL_ANCHOR,1.0,OK,False,0.0,True,1,"[""eye"", ""nerve"", ""retina""]",114,11370
KATNB1,True,0.13333333333333333,0.6666666666666666,0.4599653407996186,0.45499133519990465,FULL_ANCHOR,1.0,OK,False,0.0,True,1,"[""eye"", ""nerve"", ""retina""]",114,11370
TYW1B,True,0.13333333333333333,0.72,0.36396340106844927,0.4549908502671123,FULL_ANCHOR,1.0,OK,False,0.0,False,0,"[""eye"", ""nerve"", ""retina""]",114,11370
RABEP2,True,0.13333333333333333,0.6666666666666666,0.4594237784680281,0.454855944617007,FULL_ANCHOR,1.0,OK,False,0.0,True,1,"[""eye"", ""nerve"", ""retina""]",114,11370
RAMP1,True,0.13333333333333333,0.6666666666666666,0.4586344007401317,0.4546586001850329,FULL_ANCHOR,1.0,OK,False,0.0,True,1,"[""eye"", ""nerve"", ""retina""]",114,11370
SSU72L2,True,0.13333333333333333,0.8,0.21857717158388784,0.45464429289597197,FULL_ANCHOR,1.0,OK,False,0.0,False,0,"[""eye"", ""nerve"", ""retina""]",114,11370
MSI2,True,0.13333333333333333,0.6666666666666666,0.458357289217684,0.45458932230442095,FULL_ANCHOR,1.0,OK,False,0.0,True,1,"[""eye"", ""nerve"", ""retina""]",114,11370
SHC4,True,0.32,0.6666666666666666,0.2333754486102551,0.4543438621525638,FULL_ANCHOR,1.0,OK,False,0.0,True,1,"[""eye"", ""nerve"", ""retina""]",114,11370
GULP1,True,0.13333333333333333,0.6666666666666666,0.45628670603015087,0.45407167650753766,FULL_ANCHOR,1.0,OK,False,0.0,True,1,"[""eye"", ""nerve"", ""retina""]",114,11370
SLC25A48,True,0.32,0.6666666666666666,0.2314043275177946,0.45385108187944867,FULL_ANCHOR,1.0,OK,False,0.0,True,1,"[""eye"", ""nerve"", ""retina""]",114,11370
EFCAB11,True,0.13333333333333333,0.6666666666666666,0.45507995849513094,0.4537699896237827,FULL_ANCHOR,1.0,OK,False,0.0,True,1,"[""eye"", ""nerve"", ""retina""]",114,11370
CA11,True,0.13333333333333333,0.6666666666666666,0.45410748191644745,0.45352687047911183,FULL_ANCHOR,1.0,OK,False,0.0,True,1,"[""eye"", ""nerve"", ""retina""]",114,11370
GABRG3,True,0.13333333333333333,0.6666666666666666,0.4528988604644385,0.4532247151161096,FULL_ANCHOR,1.0,OK,False,0.0,True,1,"[""eye"", ""nerve"", ""retina""]",114,11370
ADGRE2,True,0.13333333333333333,0.8,0.21274485813127325,0.4531862145328183,FULL_ANCHOR,1.0,OK,False,0.0,False,0,"[""eye"", ""nerve"", ""retina""]",114,11370
GUCY1A1,True,0.13333333333333333,0.6666666666666666,0.4524946704428138,0.45312366761070344,FULL_ANCHOR,1.0,OK,False,0.0,True,1,"[""eye"", ""nerve"", ""retina""]",114,11370
LRBA,True,0.13333333333333333,0.6666666666666666,0.4520580049334834,0.45301450123337084,FULL_ANCHOR,1.0,OK,False,0.0,True,1,"[""eye"", ""nerve"", ""retina""]",114,11370
AIRIM,True,0.13333333333333333,0.6666666666666666,0.45197795979518596,0.45299448994879643,FULL_ANCHOR,1.0,OK,False,0.0,True,1,"[""eye"", ""nerve"", ""retina""]",114,11370
LSAMP,True,0.13333333333333333,0.6666666666666666,0.4517677783157029,0.45294194457892567,FULL_ANCHOR,1.0,OK,False,0.0,True,1,"[""eye"", ""nerve"", ""retina""]",114,11370
GINS4,True,0.13333333333333333,0.6666666666666666,0.4517138068603875,0.4529284517150968,FULL_ANCHOR,1.0,OK,False,0.0,True,1,"[""eye"", ""nerve"", ""retina""]",114,11370
ZNF611,True,0.13333333333333333,0.6000000000000001,0.5714391229748299,0.45285978074370753,FULL_ANCHOR,1.0,OK,False,0.0,False,0,"[""eye"", ""nerve"", ""retina""]",114,11370
MICA,True,0.32,0.6666666666666666,0.22653422939875392,0.4526335573496885,FULL_ANCHOR,1.0,OK,False,0.0,True,1,"[""eye"", ""nerve"", ""retina""]",114,11370
CCNG2,True,0.13333333333333333,0.6666666666666666,0.4504226934473907,0.45260567336184765,FULL_ANCHOR,1.0,OK,False,0.0,True,1,"[""eye"", ""nerve"", ""retina""]",114,11370
HIF3A,True,0.13333333333333333,0.6666666666666666,0.44978125476732306,0.4524453136918307,FULL_ANCHOR,1.0,OK,False,0.0,True,1,"[""eye"", ""nerve"", ""retina""]",114,11370
UST,True,0.32,0.6666666666666666,0.22538076661542625,0.45234519165385656,FULL_ANCHOR,1.0,OK,False,0.0,True,1,"[""eye"", ""nerve"", ""retina""]",114,11370
EIF2AK1,True,0.13333333333333333,0.6666666666666666,0.4484430357149944,0.4521107589287486,FULL_ANCHOR,1.0,OK,False,0.0,True,1,"[""eye"", ""nerve"", ""retina""]",114,11370
UNC13C,True,0.32,0.6666666666666666,0.22271161848897142,0.4516779046222429,FULL_ANCHOR,1.0,OK,False,0.0,True,1,"[""eye"", ""nerve"", ""retina""]",114,11370
TNFRSF21,True,0.13333333333333333,0.6666666666666666,0.44638002256278575,0.45159500564069643,FULL_ANCHOR,1.0,OK,False,0.0,True,1,"[""eye"", ""nerve"", ""retina""]",114,11370
CIB4,True,0.13333333333333333,0.6799999999999999,0.4223773569845374,0.45159433924613435,FULL_ANCHOR,1.0,OK,False,0.0,False,0,"[""eye"", ""nerve"", ""retina""]",114,11370
RCAN1,True,0.13333333333333333,0.6666666666666666,0.44426216742743524,0.45106554185685876,FULL_ANCHOR,1.0,OK,False,0.0,True,1,"[""eye"", ""nerve"", ""retina""]",114,11370
ADAMTS14,True,0.13333333333333333,0.76,0.2759888011103385,0.4509972002775846,FULL_ANCHOR,1.0,OK,False,0.0,False,0,"[""eye"", ""nerve"", ""retina""]",114,11370
LIFR,True,0.13333333333333333,0.6666666666666666,0.44364842568017415,0.45091210642004353,FULL_ANCHOR,1.0,OK,False,0.0,True,1,"[""eye"", ""nerve"", ""retina""]",114,11370
FOXO6,True,0.13333333333333333,0.8,0.20310854389382252,0.45077713597345564,FULL_ANCHOR,1.0,OK,False,0.0,False,0,"[""eye"", ""nerve"", ""retina""]",114,11370
MPP2,True,0.13333333333333333,0.6666666666666666,0.44307451029306744,0.45076862757326686,FULL_ANCHOR,1.0,OK,False,0.0,True,1,"[""eye"", ""nerve"", ""retina""]",114,11370
THSD7A,True,0.13333333333333333,0.76,0.27434436884281055,0.45058609221070267,FULL_ANCHOR,1.0,OK,False,0.0,False,0,"[""eye"", ""nerve"", ""retina""]",114,11370
TEX9,True,0.13333333333333333,0.6666666666666666,0.4422650467913112,0.45056626169782776,FULL_ANCHOR,1.0,OK,False,0.0,True,1,"[""eye"", ""nerve"", ""retina""]",114,11370
CRIPT,True,0.13333333333333333,0.6666666666666666,0.44143317778292257,0.4503582944457306,FULL_ANCHOR,1.0,OK,False,0.0,True,1,"[""eye"", ""nerve"", ""retina""]",114,11370
CLEC3B,True,0.13333333333333333,0.6666666666666666,0.44094778613377317,0.45023694653344326,FULL_ANCHOR,1.0,OK,False,0.0,True,1,"[""eye"", ""nerve"", ""retina""]",114,11370
CCDC34,True,0.13333333333333333,0.6666666666666666,0.44031452836404505,0.45007863209101123,FULL_ANCHOR,1.0,OK,False,0.0,True,1,"[""eye"", ""nerve"", ""retina""]",114,11370
CNTNAP4,True,0.13333333333333333,0.6666666666666666,0.44014101122368965,0.4500352528059224,FULL_ANCHOR,1.0,OK,False,0.0,True,1,"[""eye"", ""nerve"", ""retina""]",114,11370
SIPA1L2,True,0.13333333333333333,0.6666666666666666,0.4398711865720821,0.4499677966430205,FULL_ANCHOR,1.0,OK,False,0.0,True,1,"[""eye"", ""nerve"", ""retina""]",114,11370
THSD4,True,0.13333333333333333,0.76,0.27134625558988507,0.4498365638974713,FULL_ANCHOR,1.0,OK,False,0.0,False,0,"[""eye"", ""nerve"", ""retina""]",114,11370
CADM2,True,0.13333333333333333,0.6666666666666666,0.43737786197373824,0.44934446549343454,FULL_ANCHOR,1.0,OK,False,0.0,True,1,"[""eye"", ""nerve"", ""retina""]",114,11370
FUT3,True,0.13333333333333333,0.6666666666666666,0.43733587299499377,0.4493339682487484,FULL_ANCHOR,1.0,OK,False,0.0,True,1,"[""eye"", ""nerve"", ""retina""]",114,11370
CELF5,True,0.13333333333333333,0.8,0.19709303717168944,0.4492732592929224,FULL_ANCHOR,1.0,OK,False,0.0,False,0,"[""eye"", ""nerve"", ""retina""]",114,11370
SHROOM3,True,0.13333333333333333,0.6666666666666666,0.436027888620956,0.449006972155239,FULL_ANCHOR,1.0,OK,False,0.0,True,1,"[""eye"", ""nerve"", ""retina""]",114,11370
CIMAP3,True,0.13333333333333333,0.6666666666666666,0.4335986087260925,0.4483996521815231,FULL_ANCHOR,1.0,OK,False,0.0,True,1,"[""eye"", ""nerve"", ""retina""]",114,11370
ZAN,True,0.13333333333333333,0.6799999999999999,0.4093045096395289,0.4483261274098822,FULL_ANCHOR,1.0,OK,False,0.0,False,0,"[""eye"", ""nerve"", ""retina""]",114,11370
PRPF40B,True,0.13333333333333333,0.6666666666666666,0.4325166910039788,0.4481291727509947,FULL_ANCHOR,1.0,OK,False,0.0,True,1,"[""eye"", ""nerve"", ""retina""]",114,11370
GOLGA3,True,0.13333333333333333,0.6666666666666666,0.4324682877122701,0.4481170719280675,FULL_ANCHOR,1.0,OK,False,0.0,True,1,"[""eye"", ""nerve"", ""retina""]",114,11370
PDZRN4,True,0.13333333333333333,0.6799999999999999,0.40836498050399617,0.448091245125999,FULL_ANCHOR,1.0,OK,False,0.0,False,0,"[""eye"", ""nerve"", ""retina""]",114,11370
PGLYRP2,True,0.32,0.56,0.3997822231780507,0.4479455557945128,FULL_ANCHOR,1.0,OK,False,0.0,False,0,"[""eye"", ""nerve"", ""retina""]",114,11370
TMTC2,True,0.13333333333333333,0.6666666666666666,0.43175074916341927,0.4479376872908548,FULL_ANCHOR,1.0,OK,False,0.0,True,1,"[""eye"", ""nerve"", ""retina""]",114,11370
BRINP1,True,0.13333333333333333,0.6666666666666666,0.4311404673935153,0.4477851168483788,FULL_ANCHOR,1.0,OK,False,0.0,True,1,"[""eye"", ""nerve"", ""retina""]",114,11370
ANKRD30BL,True,0.13333333333333333,0.76,0.2626202520994837,0.4476550630248709,FULL_ANCHOR,1.0,OK,False,0.0,False,0,"[""eye"", ""nerve"", ""retina""]",114,11370
DEPTOR,True,0.13333333333333333,0.6666666666666666,0.4291343576358768,0.4472835894089692,FULL_ANCHOR,1.0,OK,False,0.0,True,1,"[""eye"", ""nerve"", ""retina""]",114,11370
NDFIP2,True,0.13333333333333333,0.6666666666666666,0.42897617406999355,0.44724404351749836,FULL_ANCHOR,1.0,OK,False,0.0,True,1,"[""eye"", ""nerve"", ""retina""]",114,11370
CARD8,True,0.13333333333333333,0.6666666666666666,0.42855771313185925,0.44713942828296477,FULL_ANCHOR,1.0,OK,False,0.0,True,1,"[""eye"", ""nerve"", ""retina""]",114,11370
DDT,True,0.13333333333333333,0.6666666666666666,0.4283837728167902,0.44709594320419754,FULL_ANCHOR,1.0,OK,False,0.0,True,1,"[""eye"", ""nerve"", ""retina""]",114,11370
DIRAS2,True,0.13333333333333333,0.6666666666666666,0.4280503538546163,0.44701258846365405,FULL_ANCHOR,1.0,OK,False,0.0,True,1,"[""eye"", ""nerve"", ""retina""]",114,11370
PRAG1,True,0.13333333333333333,0.76,0.2599956359519314,0.4469989089879829,FULL_ANCHOR,1.0,OK,False,0.0,False,0,"[""eye"", ""nerve"", ""retina""]",114,11370
KLHDC2,True,0.13333333333333333,0.6666666666666666,0.4277717490910171,0.44694293727275425,FULL_ANCHOR,1.0,OK,False,0.0,True,1,"[""eye"", ""nerve"", ""retina""]",114,11370
PLXDC2,True,0.13333333333333333,0.6666666666666666,0.4277241537160573,0.44693103842901427,FULL_ANCHOR,1.0,OK,False,0.0,True,1,"[""eye"", ""nerve"", ""retina""]",114,11370
ARNT2,True,0.13333333333333333,0.6666666666666666,0.42759209607797943,0.44689802401949485,FULL_ANCHOR,1.0,OK,False,0.0,True,1,"[""eye"", ""nerve"", ""retina""]",114,11370
CCDC169,True,0.13333333333333333,0.6,0.546109071813217,0.4465272679533042,FULL_ANCHOR,1.0,OK,False,0.0,False,0,"[""eye"", ""nerve"", ""retina""]",114,11370
TAS2R42,True,0.13333333333333333,0.6799999999999999,0.40186723527812684,0.4464668088195317,FULL_ANCHOR,1.0,OK,False,0.0,False,0,"[""eye"", ""nerve"", ""retina""]",114,11370
CCDC144A,True,0.13333333333333333,0.6666666666666666,0.4251791323861269,0.4462947830965317,FULL_ANCHOR,1.0,OK,False,0.0,True,1,"[""eye"", ""nerve"", ""retina""]",114,11370
FER,True,0.32,0.6666666666666666,0.2009479391952644,0.4462369847988161,FULL_ANCHOR,1.0,OK,False,0.0,True,1,"[""eye"", ""nerve"", ""retina""]",114,11370
ZNF114,True,0.13333333333333333,0.72,0.32831511033854477,0.4460787775846362,FULL_ANCHOR,1.0,OK,False,0.0,False,0,"[""eye"", ""nerve"", ""retina""]",114,11370
NIPA2,True,0.13333333333333333,0.6666666666666666,0.4241271793320244,0.44603179483300603,FULL_ANCHOR,1.0,OK,False,0.0,True,1,"[""eye"", ""nerve"", ""retina""]",114,11370
SLC16A3,True,0.13333333333333333,0.6666666666666666,0.4237689797029821,0.4459422449257455,FULL_ANCHOR,1.0,OK,False,0.0,True,1,"[""eye"", ""nerve"", ""retina""]",114,11370
ADARB2,True,0.13333333333333333,0.6666666666666666,0.423458945727334,0.44586473643183344,FULL_ANCHOR,1.0,OK,False,0.0,True,1,"[""eye"", ""nerve"", ""retina""]",114,11370
HNRNPA1L3,True,0.13333333333333333,0.8,0.1826983198112509,0.44567457995281273,FULL_ANCHOR,1.0,OK,False,0.0,False,0,"[""eye"", ""nerve"", ""retina""]",114,11370
CEP89,True,0.13333333333333333,0.6666666666666666,0.42207018248506545,0.44551754562126633,FULL_ANCHOR,1.0,OK,False,0.0,True,1,"[""eye"", ""nerve"", ""retina""]",114,11370
DST,True,0.13333333333333333,0.6666666666666666,0.42205085956480537,0.4455127148912013,FULL_ANCHOR,1.0,OK,False,0.0,True,1,"[""eye"", ""nerve"", ""retina""]",114,11370
IGDCC3,True,0.13333333333333333,0.76,0.2531556609054751,0.44528891522636876,FULL_ANCHOR,1.0,OK,False,0.0,False,0,"[""eye"", ""nerve"", ""retina""]",114,11370
WDFY1,True,0.13333333333333333,0.6666666666666666,0.4207585601507223,0.4451896400376806,FULL_ANCHOR,1.0,OK,False,0.0,True,1,"[""eye"", ""nerve"", ""retina""]",114,11370
HIVEP2,True,0.13333333333333333,0.6666666666666666,0.4204535474977923,0.445113386874448,FULL_ANCHOR,1.0,OK,False,0.0,True,1,"[""eye"", ""nerve"", ""retina""]",114,11370
GALNT13,True,0.13333333333333333,0.6666666666666666,0.41965836884624996,0.4449145922115625,FULL_ANCHOR,1.0,OK,False,0.0,True,1,"[""eye"", ""nerve"", ""retina""]",114,11370
ABHD12B,True,0.13333333333333333,0.6666666666666666,0.41960310243241583,0.4449007756081039,FULL_ANCHOR,1.0,OK,False,0.0,True,1,"[""eye"", ""nerve"", ""retina""]",114,11370
SH3D19,True,0.13333333333333333,0.6666666666666666,0.4192585964369323,0.4448146491092331,FULL_ANCHOR,1.0,OK,False,0.0,True,1,"[""eye"", ""nerve"", ""retina""]",114,11370
ZSCAN18,True,0.13333333333333333,0.6666666666666666,0.4190182642044767,0.4447545660511191,FULL_ANCHOR,1.0,OK,False,0.0,True,1,"[""eye"", ""nerve"", ""retina""]",114,11370
FNDC3A,True,0.13333333333333333,0.6666666666666666,0.41884137929381693,0.4447103448234542,FULL_ANCHOR,1.0,OK,False,0.0,True,1,"[""eye"", ""nerve"", ""retina""]",114,11370
HDHD3,True,0.13333333333333333,0.6666666666666666,0.4184549767552882,0.44461374418882205,FULL_ANCHOR,1.0,OK,False,0.0,True,1,"[""eye"", ""nerve"", ""retina""]",114,11370
OTUD7A,True,0.13333333333333333,0.6666666666666666,0.41775076941920697,0.4444376923548017,FULL_ANCHOR,1.0,OK,False,0.0,True,1,"[""eye"", ""nerve"", ""retina""]",114,11370
TOM1L1,True,0.13333333333333333,0.6666666666666666,0.4177320433617061,0.4444330108404265,FULL_ANCHOR,1.0,OK,False,0.0,True,1,"[""eye"", ""nerve"", ""retina""]",114,11370
RPH3A,True,0.13333333333333333,0.6666666666666666,0.4174134283089058,0.44435335707722645,FULL_ANCHOR,1.0,OK,False,0.0,True,1,"[""eye"", ""nerve"", ""retina""]",114,11370
CBR3,True,0.13333333333333333,0.6666666666666666,0.4151544113138772,0.44378860282846927,FULL_ANCHOR,1.0,OK,False,0.0,True,1,"[""eye"", ""nerve"", ""retina""]",114,11370
SLC27A6,True,0.13333333333333333,0.6666666666666666,0.4147335929137934,0.4436833982284483,FULL_ANCHOR,1.0,OK,False,0.0,True,1,"[""eye"", ""nerve"", ""retina""]",114,11370
ANKRD27,True,0.13333333333333333,0.6666666666666666,0.41444294619076416,0.443610736547691,FULL_ANCHOR,1.0,OK,False,0.0,True,1,"[""eye"", ""nerve"", ""retina""]",114,11370
UNC5C,True,0.13333333333333333,0.6666666666666666,0.41323135982180703,0.44330783995545175,FULL_ANCHOR,1.0,OK,False,0.0,True,1,"[""eye"", ""nerve"", ""retina""]",114,11370
PCLO,True,0.13333333333333333,0.6666666666666666,0.41313086673962085,0.44328271668490515,FULL_ANCHOR,1.0,OK,False,0.0,True,1,"[""eye"", ""nerve"", ""retina""]",114,11370
WAPL,True,0.13333333333333333,0.6666666666666666,0.4129561416869659,0.4432390354217415,FULL_ANCHOR,1.0,OK,False,0.0,True,1,"[""eye"", ""nerve"", ""retina""]",114,11370
ARHGAP40,True,0.32,0.6399999999999999,0.2368533693490496,0.4432133423372624,FULL_ANCHOR,1.0,OK,False,0.0,False,0,"[""eye"", ""nerve"", ""retina""]",114,11370
PDXP,True,0.13333333333333333,0.6666666666666666,0.41173112143242474,0.4429327803581061,FULL_ANCHOR,1.0,OK,False,0.0,True,1,"[""eye"", ""nerve"", ""retina""]",114,11370
VWA8,True,0.13333333333333333,0.6666666666666666,0.4116464082801286,0.4429116020700321,FULL_ANCHOR,1.0,OK,False,0.0,True,1,"[""eye"", ""nerve"", ""retina""]",114,11370
SYNPO2,True,0.13333333333333333,0.6666666666666666,0.40809327690063457,0.4420233192251586,FULL_ANCHOR,1.0,OK,False,0.0,True,1,"[""eye"", ""nerve"", ""retina""]",114,11370
KIZ,True,0.13333333333333333,0.6666666666666666,0.408008100976882,0.4420020252442205,FULL_ANCHOR,1.0,OK,False,0.0,True,1,"[""eye"", ""nerve"", ""retina""]",114,11370
SEMA5A,True,0.13333333333333333,0.6666666666666666,0.4070996584447846,0.4417749146111961,FULL_ANCHOR,1.0,OK,False,0.0,True,1,"[""eye"", ""nerve"", ""retina""]",114,11370
CCDC187,True,0.32,0.5599999999999999,0.3745877358000397,0.44164693395000987,FULL_ANCHOR,1.0,OK,False,0.0,False,0,"[""eye"", ""nerve"", ""retina""]",114,11370
MICAL3,True,0.13333333333333333,0.6666666666666666,0.40641080618588776,0.4416027015464719,FULL_ANCHOR,1.0,OK,False,0.0,True,1,"[""eye"", ""nerve"", ""retina""]",114,11370
TRMO,True,0.13333333333333333,0.6666666666666666,0.405810186434356,0.44145254660858896,FULL_ANCHOR,1.0,OK,False,0.0,True,1,"[""eye"", ""nerve"", ""retina""]",114,11370
RFNG,True,0.13333333333333333,0.6666666666666666,0.40524476879994176,0.4413111921999854,FULL_ANCHOR,1.0,OK,False,0.0,True,1,"[""eye"", ""nerve"", ""retina""]",114,11370
ARHGEF26,True,0.32,0.6666666666666666,0.18083652971742037,0.4412091324293551,FULL_ANCHOR,1.0,OK,False,0.0,True,1,"[""eye"", ""nerve"", ""retina""]",114,11370
DMRT3,True,0.13333333333333333,0.64,0.45257522106546055,0.44114380526636515,FULL_ANCHOR,1.0,OK,False,0.0,False,0,"[""eye"", ""nerve"", ""retina""]",114,11370
SSPN,True,0.13333333333333333,0.6666666666666666,0.4034234425096175,0.44085586062740434,FULL_ANCHOR,1.0,OK,False,0.0,True,1,"[""eye"", ""nerve"", ""retina""]",114,11370
DPP10,True,0.13333333333333333,0.6666666666666666,0.40221061813846104,0.44055265453461523,FULL_ANCHOR,1.0,OK,False,0.0,True,1,"[""eye"", ""nerve"", ""retina""]",114,11370
SAMSN1,True,0.13333333333333333,0.6666666666666666,0.4017125596834462,0.4404281399208615,FULL_ANCHOR,1.0,OK,False,0.0,True,1,"[""eye"", ""nerve"", ""retina""]",114,11370
SLC9C1,True,0.13333333333333333,0.72,0.30389388420795865,0.43997347105198964,FULL_ANCHOR,1.0,OK,False,0.0,False,0,"[""eye"", ""nerve"", ""retina""]",114,11370
CCDC32,True,0.13333333333333333,0.6666666666666666,0.39844361902065834,0.43961090475516457,FULL_ANCHOR,1.0,OK,False,0.0,True,1,"[""eye"", ""nerve"", ""retina""]",114,11370
WDR11,True,0.13333333333333333,0.6666666666666666,0.3975575766625048,0.43938939416562617,FULL_ANCHOR,1.0,OK,False,0.0,True,1,"[""eye"", ""nerve"", ""retina""]",114,11370
SLAIN2,True,0.13333333333333333,0.6666666666666666,0.39753199203656564,0.4393829980091414,FULL_ANCHOR,1.0,OK,False,0.0,True,1,"[""eye"", ""nerve"", ""retina""]",114,11370
PPP6R2,True,0.13333333333333333,0.6666666666666666,0.3974178989309295,0.43935447473273237,FULL_ANCHOR,1.0,OK,False,0.0,True,1,"[""eye"", ""nerve"", ""retina""]",114,11370
ETFRF1,True,0.13333333333333333,0.6666666666666666,0.3963462937631903,0.43908657344079755,FULL_ANCHOR,1.0,OK,False,0.0,True,1,"[""eye"", ""nerve"", ""retina""]",114,11370
SRRM3,True,0.13333333333333333,0.6666666666666666,0.39605675030949283,0.4390141875773732,FULL_ANCHOR,1.0,OK,False,0.0,True,1,"[""eye"", ""nerve"", ""retina""]",114,11370
MYADM,True,0.13333333333333333,0.6666666666666666,0.3958258179735379,0.43895645449338444,FULL_ANCHOR,1.0,OK,False,0.0,True,1,"[""eye"", ""nerve"", ""retina""]",114,11370
RASGRP3,True,0.13333333333333333,0.6666666666666666,0.39532754825859995,0.43883188706464993,FULL_ANCHOR,1.0,OK,False,0.0,True,1,"[""eye"", ""nerve"", ""retina""]",114,11370
KIRREL3,True,0.13333333333333333,0.6666666666666666,0.39407494585780384,0.43851873646445094,FULL_ANCHOR,1.0,OK,False,0.0,True,1,"[""eye"", ""nerve"", ""retina""]",114,11370
SVIL,True,0.13333333333333333,0.6666666666666666,0.3939018328186207,0.43847545820465517,FULL_ANCHOR,1.0,OK,False,0.0,True,1,"[""eye"", ""nerve"", ""retina""]",114,11370
KLHL29,True,0.13333333333333333,0.6666666666666666,0.39313347079681915,0.43828336769920473,FULL_ANCHOR,1.0,OK,False,0.0,True,1,"[""eye"", ""nerve"", ""retina""]",114,11370
CUTC,True,0.13333333333333333,0.6666666666666666,0.3926212436922738,0.4381553109230684,FULL_ANCHOR,1.0,OK,False,0.0,True,1,"[""eye"", ""nerve"", ""retina""]",114,11370
DNAJA4,True,0.13333333333333333,0.6666666666666666,0.3925803515534584,0.4381450878883646,FULL_ANCHOR,1.0,OK,False,0.0,True,1,"[""eye"", ""nerve"", ""retina""]",114,11370
RPS6KC1,True,0.13333333333333333,0.6666666666666666,0.39253504524187155,0.4381337613104679,FULL_ANCHOR,1.0,OK,False,0.0,True,1,"[""eye"", ""nerve"", ""retina""]",114,11370
HSBP1L1,True,0.13333333333333333,0.6666666666666666,0.3911006037725197,0.4377751509431299,FULL_ANCHOR,1.0,OK,False,0.0,True,1,"[""eye"", ""nerve"", ""retina""]",114,11370
CXCL17,True,0.13333333333333333,0.76,0.22308558741126722,0.4377713968528168,FULL_ANCHOR,1.0,OK,False,0.0,False,0,"[""eye"", ""nerve"", ""retina""]",114,11370
TMEM212,True,0.13333333333333333,0.6666666666666666,0.3908579882000547,0.43771449705001364,FULL_ANCHOR,1.0,OK,False,0.0,True,1,"[""eye"", ""nerve"", ""retina""]",114,11370
CCDC122,True,0.13333333333333333,0.72,0.29485513558167237,0.4377137838954181,FULL_ANCHOR,1.0,OK,False,0.0,False,0,"[""eye"", ""nerve"", ""retina""]",114,11370
YIPF5,True,0.13333333333333333,0.6666666666666666,0.3906945710378392,0.43767364275945975,FULL_ANCHOR,1.0,OK,False,0.0,True,1,"[""eye"", ""nerve"", ""retina""]",114,11370
FAT2,True,0.13333333333333333,0.6799999999999999,0.3647838142314122,0.437195953557853,FULL_ANCHOR,1.0,OK,False,0.0,False,0,"[""eye"", ""nerve"", ""retina""]",114,11370
ADGRL4,True,0.13333333333333333,0.6666666666666666,0.38870823443340596,0.43717705860835143,FULL_ANCHOR,1.0,OK,False,0.0,True,1,"[""eye"", ""nerve"", ""retina""]",114,11370
HMGXB4,True,0.13333333333333333,0.6666666666666666,0.38865539173917674,0.4371638479347941,FULL_ANCHOR,1.0,OK,False,0.0,True,1,"[""eye"", ""nerve"", ""retina""]",114,11370
TM9SF4,True,0.13333333333333333,0.6666666666666666,0.38860836131822885,0.43715209032955715,FULL_ANCHOR,1.0,OK,False,0.0,True,1,"[""eye"", ""nerve"", ""retina""]",114,11370
NWD2,True,0.13333333333333333,0.64,0.4364607857695156,0.4371151964423789,FULL_ANCHOR,1.0,OK,False,0.0,False,0,"[""eye"", ""nerve"", ""retina""]",114,11370
SIK2,True,0.13333333333333333,0.6666666666666666,0.3879624444031743,0.4369906111007935,FULL_ANCHOR,1.0,OK,False,0.0,True,1,"[""eye"", ""nerve"", ""retina""]",114,11370
MANSC1,True,0.13333333333333333,0.6666666666666666,0.38731231367901003,0.43682807841975246,FULL_ANCHOR,1.0,OK,False,0.0,True,1,"[""eye"", ""nerve"", ""retina""]",114,11370
SHISA6,True,0.13333333333333333,0.6666666666666666,0.38697265011635856,0.4367431625290896,FULL_ANCHOR,1.0,OK,False,0.0,True,1,"[""eye"", ""nerve"", ""retina""]",114,11370
FAM168A,True,0.13333333333333333,0.6666666666666666,0.3861502199856517,0.4365375549964129,FULL_ANCHOR,1.0,OK,False,0.0,True,1,"[""eye"", ""nerve"", ""retina""]",114,11370
KLHDC8A,True,0.13333333333333333,0.6666666666666666,0.3857318892599728,0.4364329723149932,FULL_ANCHOR,1.0,OK,False,0.0,True,1,"[""eye"", ""nerve"", ""retina""]",114,11370
SCAPER,True,0.13333333333333333,0.6666666666666666,0.38457432469949876,0.4361435811748747,FULL_ANCHOR,1.0,OK,False,0.0,True,1,"[""eye"", ""nerve"", ""retina""]",114,11370
MVB12B,True,0.13333333333333333,0.6666666666666666,0.38454556557534747,0.43613639139383686,FULL_ANCHOR,1.0,OK,False,0.0,True,1,"[""eye"", ""nerve"", ""retina""]",114,11370
TMEM179,True,0.13333333333333333,0.6666666666666666,0.38452488570124294,0.4361312214253107,FULL_ANCHOR,1.0,OK,False,0.0,True,1,"[""eye"", ""nerve"", ""retina""]",114,11370
CDKL1,True,0.13333333333333333,0.6666666666666666,0.38442298873641256,0.4361057471841031,FULL_ANCHOR,1.0,OK,False,0.0,True,1,"[""eye"", ""nerve"", ""retina""]",114,11370
MRGPRD,True,0.13333333333333333,0.6799999999999999,0.35987657300170645,0.43596914325042657,FULL_ANCHOR,1.0,OK,False,0.0,False,0,"[""eye"", ""nerve"", ""retina""]",114,11370
TMEM119,True,0.13333333333333333,0.6666666666666666,0.3830704458118919,0.43576761145297294,FULL_ANCHOR,1.0,OK,False,0.0,True,1,"[""eye"", ""nerve"", ""retina""]",114,11370
ANKRD11,True,0.13333333333333333,0.6666666666666666,0.3829997444318285,0.4357499361079571,FULL_ANCHOR,1.0,OK,False,0.0,True,1,"[""eye"", ""nerve"", ""retina""]",114,11370
OTULINL,True,0.13333333333333333,0.76,0.2148818738611431,0.4357204684652858,FULL_ANCHOR,1.0,OK,False,0.0,False,0,"[""eye"", ""nerve"", ""retina""]",114,11370
ANKRD44,True,0.13333333333333333,0.6666666666666666,0.381983212045226,0.43549580301130647,FULL_ANCHOR,1.0,OK,False,0.0,True,1,"[""eye"", ""nerve"", ""retina""]",114,11370
RNF6,True,0.13333333333333333,0.6666666666666666,0.38101160533835,0.4352529013345875,FULL_ANCHOR,1.0,OK,False,0.0,True,1,"[""eye"", ""nerve"", ""retina""]",114,11370
NCOA7,True,0.13333333333333333,0.6666666666666666,0.38095450512127904,0.43523862628031973,FULL_ANCHOR,1.0,OK,False,0.0,True,1,"[""eye"", ""nerve"", ""retina""]",114,11370
FAM98A,True,0.13333333333333333,0.6666666666666666,0.38089235034689295,0.43522308758672323,FULL_ANCHOR,1.0,OK,False,0.0,True,1,"[""eye"", ""nerve"", ""retina""]",114,11370
GLDN,True,0.13333333333333333,0.6666666666666666,0.3797269200875949,0.43493173002189867,FULL_ANCHOR,1.0,OK,False,0.0,True,1,"[""eye"", ""nerve"", ""retina""]",114,11370
ZDHHC20,True,0.13333333333333333,0.6666666666666666,0.37898044025588196,0.43474511006397043,FULL_ANCHOR,1.0,OK,False,0.0,True,1,"[""eye"", ""nerve"", ""retina""]",114,11370
RNF126,True,0.13333333333333333,0.6666666666666666,0.37875965029115943,0.4346899125727898,FULL_ANCHOR,1.0,OK,False,0.0,True,1,"[""eye"", ""nerve"", ""retina""]",114,11370
AAK1,True,0.13333333333333333,0.6666666666666666,0.37763259630515117,0.4344081490762878,FULL_ANCHOR,1.0,OK,False,0.0,True,1,"[""eye"", ""nerve"", ""retina""]",114,11370
CTNS,True,0.13333333333333333,0.6666666666666666,0.37700021911797416,0.4342500547794935,FULL_ANCHOR,1.0,OK,False,0.0,True,1,"[""eye"", ""nerve"", ""retina""]",114,11370
TAGLN3,True,0.13333333333333333,0.6666666666666666,0.37628152697561434,0.43407038174390356,FULL_ANCHOR,1.0,OK,False,0.0,True,1,"[""eye"", ""nerve"", ""retina""]",114,11370
GSAP,True,0.13333333333333333,0.6666666666666666,0.3762693042685795,0.4340673260671448,FULL_ANCHOR,1.0,OK,False,0.0,True,1,"[""eye"", ""nerve"", ""retina""]",114,11370
ZNF285,True,0.13333333333333333,0.6666666666666666,0.3751884797606113,0.4337971199401528,FULL_ANCHOR,1.0,OK,False,0.0,True,1,"[""eye"", ""nerve"", ""retina""]",114,11370
CABCOCO1,True,0.13333333333333333,0.6666666666666666,0.37482362299720845,0.43370590574930207,FULL_ANCHOR,1.0,OK,False,0.0,True,1,"[""eye"", ""nerve"", ""retina""]",114,11370
CHFR,True,0.13333333333333333,0.6666666666666666,0.37438913950267916,0.43359728487566973,FULL_ANCHOR,1.0,OK,False,0.0,True,1,"[""eye"", ""nerve"", ""retina""]",114,11370
ZSWIM1,True,0.13333333333333333,0.6666666666666666,0.374336241818504,0.43358406045462594,FULL_ANCHOR,1.0,OK,False,0.0,True,1,"[""eye"", ""nerve"", ""retina""]",114,11370
TMEM222,True,0.13333333333333333,0.6666666666666666,0.3727936839225364,0.4331984209806341,FULL_ANCHOR,1.0,OK,False,0.0,True,1,"[""eye"", ""nerve"", ""retina""]",114,11370
NPFFR2,True,0.13333333333333333,0.76,0.20351297901378318,0.43287824475344583,FULL_ANCHOR,1.0,OK,False,0.0,False,0,"[""eye"", ""nerve"", ""retina""]",114,11370
TAFA5,True,0.13333333333333333,0.6666666666666666,0.36974755993718456,0.4324368899842961,FULL_ANCHOR,1.0,OK,False,0.0,True,1,"[""eye"", ""nerve"", ""retina""]",114,11370
DBP,True,0.13333333333333333,0.6666666666666666,0.3694949784194075,0.43237374460485184,FULL_ANCHOR,1.0,OK,False,0.0,True,1,"[""eye"", ""nerve"", ""retina""]",114,11370
LCORL,True,0.13333333333333333,0.6666666666666666,0.3688150943831618,0.43220377359579043,FULL_ANCHOR,1.0,OK,False,0.0,True,1,"[""eye"", ""nerve"", ""retina""]",114,11370
ADAM19,True,0.13333333333333333,0.6666666666666666,0.36832221609415394,0.43208055402353845,FULL_ANCHOR,1.0,OK,False,0.0,True,1,"[""eye"", ""nerve"", ""retina""]",114,11370
ANKEF1,True,0.13333333333333333,0.6000000000000001,0.48808478346176687,0.43202119586544174,FULL_ANCHOR,1.0,OK,False,0.0,False,0,"[""eye"", ""nerve"", ""retina""]",114,11370
KLK6,True,0.13333333333333333,0.6666666666666666,0.3675225003617927,0.4318806250904481,FULL_ANCHOR,1.0,OK,False,0.0,True,1,"[""eye"", ""nerve"", ""retina""]",114,11370
SCARA5,True,0.13333333333333333,0.72,0.2711979563576874,0.43179948908942184,FULL_ANCHOR,1.0,OK,False,0.0,False,0,"[""eye"", ""nerve"", ""retina""]",114,11370
CELF2,True,0.13333333333333333,0.6666666666666666,0.366831718808197,0.4317079297020492,FULL_ANCHOR,1.0,OK,False,0.0,True,1,"[""eye"", ""nerve"", ""retina""]",114,11370
CHST8,True,0.13333333333333333,0.6666666666666666,0.36604330503915194,0.431510826259788,FULL_ANCHOR,1.0,OK,False,0.0,True,1,"[""eye"", ""nerve"", ""retina""]",114,11370
PID1,True,0.13333333333333333,0.6666666666666666,0.3646873964247266,0.4311718491061816,FULL_ANCHOR,1.0,OK,False,0.0,True,1,"[""eye"", ""nerve"", ""retina""]",114,11370
ANKRD36,True,0.13333333333333333,0.6666666666666666,0.3644798756321267,0.4311199689080316,FULL_ANCHOR,1.0,OK,False,0.0,True,1,"[""eye"", ""nerve"", ""retina""]",114,11370
TRIM4,True,0.13333333333333333,0.6666666666666666,0.36384239846419253,0.4309605996160481,FULL_ANCHOR,1.0,OK,False,0.0,True,1,"[""eye"", ""nerve"", ""retina""]",114,11370
TMEFF2,True,0.13333333333333333,0.6666666666666666,0.362480230835978,0.4306200577089945,FULL_ANCHOR,1.0,OK,False,0.0,True,1,"[""eye"", ""nerve"", ""retina""]",114,11370
MTMR3,True,0.13333333333333333,0.6666666666666666,0.3624485241113656,0.43061213102784135,FULL_ANCHOR,1.0,OK,False,0.0,True,1,"[""eye"", ""nerve"", ""retina""]",114,11370
RASSF8,True,0.13333333333333333,0.6666666666666666,0.36219359761691605,0.43054839940422895,FULL_ANCHOR,1.0,OK,False,0.0,True,1,"[""eye"", ""nerve"", ""retina""]",114,11370
KLF13,True,0.13333333333333333,0.6666666666666666,0.36218016898234906,0.4305450422455872,FULL_ANCHOR,1.0,OK,False,0.0,True,1,"[""eye"", ""nerve"", ""retina""]",114,11370
PGP,True,0.13333333333333333,0.6666666666666666,0.3617525966406375,0.4304381491601593,FULL_ANCHOR,1.0,OK,False,0.0,True,1,"[""eye"", ""nerve"", ""retina""]",114,11370
PHLPP2,True,0.13333333333333333,0.6666666666666666,0.3615479662092428,0.43038699155231064,FULL_ANCHOR,1.0,OK,False,0.0,True,1,"[""eye"", ""nerve"", ""retina""]",114,11370
ATP8A1,True,0.13333333333333333,0.6666666666666666,0.36104191885371595,0.43026047971342896,FULL_ANCHOR,1.0,OK,False,0.0,True,1,"[""eye"", ""nerve"", ""retina""]",114,11370
ZNF266,True,0.13333333333333333,0.6666666666666666,0.36073695419660123,0.4301842385491503,FULL_ANCHOR,1.0,OK,False,0.0,True,1,"[""eye"", ""nerve"", ""retina""]",114,11370
COX16,True,0.13333333333333333,0.6666666666666666,0.3600782655506708,0.4300195663876677,FULL_ANCHOR,1.0,OK,False,0.0,True,1,"[""eye"", ""nerve"", ""retina""]",114,11370
ZNF677,True,0.13333333333333333,0.6666666666666666,0.3593433795161859,0.42983584487904647,FULL_ANCHOR,1.0,OK,False,0.0,True,1,"[""eye"", ""nerve"", ""retina""]",114,11370
RAB3C,True,0.13333333333333333,0.6666666666666666,0.3580984098438642,0.429524602460966,FULL_ANCHOR,1.0,OK,False,0.0,True,1,"[""eye"", ""nerve"", ""retina""]",114,11370
TTC7B,True,0.13333333333333333,0.6666666666666666,0.3577511365151589,0.4294377841287897,FULL_ANCHOR,1.0,OK,False,0.0,True,1,"[""eye"", ""nerve"", ""retina""]",114,11370
ELFN2,True,0.13333333333333333,0.6666666666666666,0.35752074267024303,0.42938018566756075,FULL_ANCHOR,1.0,OK,False,0.0,True,1,"[""eye"", ""nerve"", ""retina""]",114,11370
ZNF280B,True,0.13333333333333333,0.6799999999999999,0.33288558637694465,0.42922139659423614,FULL_ANCHOR,1.0,OK,False,0.0,False,0,"[""eye"", ""nerve"", ""retina""]",114,11370
SLC39A11,True,0.13333333333333333,0.6666666666666666,0.356800909871341,0.4292002274678352,FULL_ANCHOR,1.0,OK,False,0.0,True,1,"[""eye"", ""nerve"", ""retina""]",114,11370
CLPTM1,True,0.13333333333333333,0.6666666666666666,0.35673024654081176,0.4291825616352029,FULL_ANCHOR,1.0,OK,False,0.0,True,1,"[""eye"", ""nerve"", ""retina""]",114,11370
LRP3,True,0.13333333333333333,0.6666666666666666,0.354682371558168,0.42867059288954196,FULL_ANCHOR,1.0,OK,False,0.0,True,1,"[""eye"", ""nerve"", ""retina""]",114,11370
SLC35F2,True,0.13333333333333333,0.6666666666666666,0.35426895346484655,0.4285672383662116,FULL_ANCHOR,1.0,OK,False,0.0,True,1,"[""eye"", ""nerve"", ""retina""]",114,11370
SLC12A7,True,0.13333333333333333,0.6666666666666666,0.3542601029726653,0.4285650257431663,FULL_ANCHOR,1.0,OK,False,0.0,True,1,"[""eye"", ""nerve"", ""retina""]",114,11370
MT1X,True,0.13333333333333333,0.6666666666666666,0.3533168392930959,0.42832920982327394,FULL_ANCHOR,1.0,OK,False,0.0,True,1,"[""eye"", ""nerve"", ""retina""]",114,11370
SMOC1,True,0.13333333333333333,0.6666666666666666,0.35320902724855624,0.428302256812139,FULL_ANCHOR,1.0,OK,False,0.0,True,1,"[""eye"", ""nerve"", ""retina""]",114,11370
SGK2,True,0.13333333333333333,0.6666666666666666,0.3530179399944753,0.4282544849986188,FULL_ANCHOR,1.0,OK,False,0.0,True,1,"[""eye"", ""nerve"", ""retina""]",114,11370
LONRF1,True,0.13333333333333333,0.6666666666666666,0.35221089528881566,0.4280527238222039,FULL_ANCHOR,1.0,OK,False,0.0,True,1,"[""eye"", ""nerve"", ""retina""]",114,11370
TES,True,0.13333333333333333,0.6666666666666666,0.3514700676083833,0.4278675169020958,FULL_ANCHOR,1.0,OK,False,0.0,True,1,"[""eye"", ""nerve"", ""retina""]",114,11370
SCFD2,True,0.13333333333333333,0.6666666666666666,0.35103156437044924,0.4277578910926123,FULL_ANCHOR,1.0,OK,False,0.0,True,1,"[""eye"", ""nerve"", ""retina""]",114,11370
C1QTNF6,True,0.13333333333333333,0.72,0.2549465019711601,0.42773662549279,FULL_ANCHOR,1.0,OK,False,0.0,False,0,"[""eye"", ""nerve"", ""retina""]",114,11370
PLEKHA5,True,0.13333333333333333,0.6666666666666666,0.35085191135741156,0.42771297783935286,FULL_ANCHOR,1.0,OK,False,0.0,True,1,"[""eye"", ""nerve"", ""retina""]",114,11370
DENND4C,True,0.13333333333333333,0.6666666666666666,0.35013416606260217,0.4275335415156505,FULL_ANCHOR,1.0,OK,False,0.0,True,1,"[""eye"", ""nerve"", ""retina""]",114,11370
METTL25,True,0.13333333333333333,0.6666666666666666,0.34992394358158163,0.4274809858953954,FULL_ANCHOR,1.0,OK,False,0.0,True,1,"[""eye"", ""nerve"", ""retina""]",114,11370
TOMM34,True,0.13333333333333333,0.6666666666666666,0.34938165557675327,0.4273454138941883,FULL_ANCHOR,1.0,OK,False,0.0,True,1,"[""eye"", ""nerve"", ""retina""]",114,11370
ST6GALNAC3,True,0.13333333333333333,0.6666666666666666,0.3484238811268927,0.42710597028172315,FULL_ANCHOR,1.0,OK,False,0.0,True,1,"[""eye"", ""nerve"", ""retina""]",114,11370
OR2J2,True,0.13333333333333333,0.72,0.25228306055643496,0.42707076513910874,FULL_ANCHOR,1.0,OK,False,0.0,False,0,"[""eye"", ""nerve"", ""retina""]",114,11370
CAPN8,True,0.13333333333333333,0.72,0.2520160657938423,0.42700401644846053,FULL_ANCHOR,1.0,OK,False,0.0,False,0,"[""eye"", ""nerve"", ""retina""]",114,11370
LIPA,True,0.13333333333333333,0.6666666666666666,0.34621950571368976,0.4265548764284224,FULL_ANCHOR,1.0,OK,False,0.0,True,1,"[""eye"", ""nerve"", ""retina""]",114,11370
ZNF385D,True,0.13333333333333333,0.6666666666666666,0.34565374592257625,0.426413436480644,FULL_ANCHOR,1.0,OK,False,0.0,True,1,"[""eye"", ""nerve"", ""retina""]",114,11370
AKR1E2,True,0.13333333333333333,0.64,0.3933697273566217,0.42634243183915543,FULL_ANCHOR,1.0,OK,False,0.0,False,0,"[""eye"", ""nerve"", ""retina""]",114,11370
LIMS1,True,0.13333333333333333,0.6666666666666666,0.3452736110165789,0.4263184027541447,FULL_ANCHOR,1.0,OK,False,0.0,True,1,"[""eye"", ""nerve"", ""retina""]",114,11370
USP12,True,0.13333333333333333,0.6666666666666666,0.3451709521519859,0.42629273803799644,FULL_ANCHOR,1.0,OK,False,0.0,True,1,"[""eye"", ""nerve"", ""retina""]",114,11370
ZNFX1,True,0.13333333333333333,0.6666666666666666,0.34497404485487326,0.4262435112137183,FULL_ANCHOR,1.0,OK,False,0.0,True,1,"[""eye"", ""nerve"", ""retina""]",114,11370
TCP11L1,True,0.13333333333333333,0.6666666666666666,0.3432203313363347,0.42580508283408364,FULL_ANCHOR,1.0,OK,False,0.0,True,1,"[""eye"", ""nerve"", ""retina""]",114,11370
SPON1,True,0.13333333333333333,0.6666666666666666,0.3427198488451768,0.42567996221129417,FULL_ANCHOR,1.0,OK,False,0.0,True,1,"[""eye"", ""nerve"", ""retina""]",114,11370
LPGAT1,True,0.13333333333333333,0.6666666666666666,0.3422450721227016,0.4255612680306754,FULL_ANCHOR,1.0,OK,False,0.0,True,1,"[""eye"", ""nerve"", ""retina""]",114,11370
EML1,True,0.13333333333333333,0.6666666666666666,0.34189712848509,0.4254742821212725,FULL_ANCHOR,1.0,OK,False,0.0,True,1,"[""eye"", ""nerve"", ""retina""]",114,11370
FAM174B,True,0.13333333333333333,0.6666666666666666,0.34078978288568185,0.42519744572142043,FULL_ANCHOR,1.0,OK,False,0.0,True,1,"[""eye"", ""nerve"", ""retina""]",114,11370
GRAMD2B,True,0.13333333333333333,0.6666666666666666,0.34030482820593855,0.42507620705148463,FULL_ANCHOR,1.0,OK,False,0.0,True,1,"[""eye"", ""nerve"", ""retina""]",114,11370
SS18L1,True,0.13333333333333333,0.6666666666666666,0.34029758123850057,0.4250743953096251,FULL_ANCHOR,1.0,OK,False,0.0,True,1,"[""eye"", ""nerve"", ""retina""]",114,11370
TMCO4,True,0.13333333333333333,0.6000000000000001,0.460285237336805,0.4250713093342013,FULL_ANCHOR,1.0,OK,False,0.0,False,0,"[""eye"", ""nerve"", ""retina""]",114,11370
TOM1,True,0.13333333333333333,0.6666666666666666,0.33979197108407355,0.42494799277101836,FULL_ANCHOR,1.0,OK,False,0.0,True,1,"[""eye"", ""nerve"", ""retina""]",114,11370
SNX18,True,0.13333333333333333,0.6666666666666666,0.339364311003612,0.42484107775090296,FULL_ANCHOR,1.0,OK,False,0.0,True,1,"[""eye"", ""nerve"", ""retina""]",114,11370
VPS26C,True,0.13333333333333333,0.6666666666666666,0.3378492159586941,0.4244623039896735,FULL_ANCHOR,1.0,OK,False,0.0,True,1,"[""eye"", ""nerve"", ""retina""]",114,11370
ZMIZ1,True,0.13333333333333333,0.6666666666666666,0.33761903562848394,0.4244047589071209,FULL_ANCHOR,1.0,OK,False,0.0,True,1,"[""eye"", ""nerve"", ""retina""]",114,11370
INPP4A,True,0.13333333333333333,0.6666666666666666,0.3366811490985332,0.42417028727463324,FULL_ANCHOR,1.0,OK,False,0.0,True,1,"[""eye"", ""nerve"", ""retina""]",114,11370
ATP13A3,True,0.13333333333333333,0.6666666666666666,0.3365695036245189,0.4241423759061297,FULL_ANCHOR,1.0,OK,False,0.0,True,1,"[""eye"", ""nerve"", ""retina""]",114,11370
DIPK1A,True,0.13333333333333333,0.6666666666666666,0.3365391369700263,0.42413478424250656,FULL_ANCHOR,1.0,OK,False,0.0,True,1,"[""eye"", ""nerve"", ""retina""]",114,11370
SPIRE1,True,0.13333333333333333,0.6666666666666666,0.3364127939695167,0.42410319849237915,FULL_ANCHOR,1.0,OK,False,0.0,True,1,"[""eye"", ""nerve"", ""retina""]",114,11370
ERGIC1,True,0.13333333333333333,0.6666666666666666,0.33582522685621996,0.42395630671405493,FULL_ANCHOR,1.0,OK,False,0.0,True,1,"[""eye"", ""nerve"", ""retina""]",114,11370
KCNJ16,True,0.13333333333333333,0.6666666666666666,0.3345455058937118,0.4236363764734279,FULL_ANCHOR,1.0,OK,False,0.0,True,1,"[""eye"", ""nerve"", ""retina""]",114,11370
LTBP4,True,0.13333333333333333,0.6666666666666666,0.33452807783348676,0.42363201945837164,FULL_ANCHOR,1.0,OK,False,0.0,True,1,"[""eye"", ""nerve"", ""retina""]",114,11370
AMZ2,True,0.13333333333333333,0.6666666666666666,0.3344478286141407,0.42361195715353517,FULL_ANCHOR,1.0,OK,False,0.0,True,1,"[""eye"", ""nerve"", ""retina""]",114,11370
CD300LD,True,0.13333333333333333,0.6,0.4536915441488602,0.42342288603721506,FULL_ANCHOR,1.0,OK,False,0.0,False,0,"[""eye"", ""nerve"", ""retina""]",114,11370
OR52N2,True,0.13333333333333333,0.72,0.23767693063834458,0.42341923265958614,FULL_ANCHOR,1.0,OK,False,0.0,False,0,"[""eye"", ""nerve"", ""retina""]",114,11370
CKMT1B,True,0.13333333333333333,0.6666666666666666,0.33307645554729326,0.4232691138868233,FULL_ANCHOR,1.0,OK,False,0.0,True,1,"[""eye"", ""nerve"", ""retina""]",114,11370
MEA1,True,0.13333333333333333,0.6666666666666666,0.33286801215120687,0.4232170030378017,FULL_ANCHOR,1.0,OK,False,0.0,True,1,"[""eye"", ""nerve"", ""retina""]",114,11370
OLFM3,True,0.13333333333333333,0.6666666666666666,0.3323835082112908,0.4230958770528227,FULL_ANCHOR,1.0,OK,False,0.0,True,1,"[""eye"", ""nerve"", ""retina""]",114,11370
SYT16,True,0.13333333333333333,0.72,0.2352131178881136,0.4228032794720284,FULL_ANCHOR,1.0,OK,False,0.0,False,0,"[""eye"", ""nerve"", ""retina""]",114,11370
PARP4,True,0.13333333333333333,0.6666666666666666,0.3309097804056381,0.42272744510140947,FULL_ANCHOR,1.0,OK,False,0.0,True,1,"[""eye"", ""nerve"", ""retina""]",114,11370
CAMTA1,True,0.13333333333333333,0.6666666666666666,0.3271869247907175,0.42179673119767935,FULL_ANCHOR,1.0,OK,False,0.0,True,1,"[""eye"", ""nerve"", ""retina""]",114,11370
MAP4K5,True,0.13333333333333333,0.6666666666666666,0.3270222292173739,0.42175555730434344,FULL_ANCHOR,1.0,OK,False,0.0,True,1,"[""eye"", ""nerve"", ""retina""]",114,11370
CHST9,True,0.13333333333333333,0.6666666666666666,0.3266023894570445,0.4216505973642611,FULL_ANCHOR,1.0,OK,False,0.0,True,1,"[""eye"", ""nerve"", ""retina""]",114,11370
SAMD12,True,0.13333333333333333,0.6666666666666666,0.32626355354577835,0.42156588838644454,FULL_ANCHOR,1.0,OK,False,0.0,True,1,"[""eye"", ""nerve"", ""retina""]",114,11370
QRFPR,True,0.13333333333333333,0.6799999999999999,0.3020384880008015,0.42150962200020037,FULL_ANCHOR,1.0,OK,False,0.0,False,0,"[""eye"", ""nerve"", ""retina""]",114,11370
DLGAP4,True,0.13333333333333333,0.6666666666666666,0.32591999548549655,0.4214799988713741,FULL_ANCHOR,1.0,OK,False,0.0,True,1,"[""eye"", ""nerve"", ""retina""]",114,11370
MARCHF3,True,0.13333333333333333,0.6666666666666666,0.3257086267554693,0.4214271566888673,FULL_ANCHOR,1.0,OK,False,0.0,True,1,"[""eye"", ""nerve"", ""retina""]",114,11370
ARL15,True,0.13333333333333333,0.6666666666666666,0.32500350420164115,0.42125087605041023,FULL_ANCHOR,1.0,OK,False,0.0,True,1,"[""eye"", ""nerve"", ""retina""]",114,11370
BBX,True,0.13333333333333333,0.6666666666666666,0.3247754856971558,0.42119387142428893,FULL_ANCHOR,1.0,OK,False,0.0,True,1,"[""eye"", ""nerve"", ""retina""]",114,11370
KDM8,True,0.13333333333333333,0.6666666666666666,0.3246754532727606,0.42116886331819015,FULL_ANCHOR,1.0,OK,False,0.0,True,1,"[""eye"", ""nerve"", ""retina""]",114,11370
ORMDL1,True,0.13333333333333333,0.6666666666666666,0.3232716654224651,0.4208179163556163,FULL_ANCHOR,1.0,OK,False,0.0,True,1,"[""eye"", ""nerve"", ""retina""]",114,11370
ANO4,True,0.13333333333333333,0.72,0.22681331453627118,0.4207033286340678,FULL_ANCHOR,1.0,OK,False,0.0,False,0,"[""eye"", ""nerve"", ""retina""]",114,11370
CEP112,True,0.13333333333333333,0.6666666666666666,0.32233523147600496,0.4205838078690012,FULL_ANCHOR,1.0,OK,False,0.0,True,1,"[""eye"", ""nerve"", ""retina""]",114,11370
DNER,True,0.13333333333333333,0.6666666666666666,0.32078334717004914,0.42019583679251227,FULL_ANCHOR,1.0,OK,False,0.0,True,1,"[""eye"", ""nerve"", ""retina""]",114,11370
HPSE2,True,0.13333333333333333,0.6666666666666666,0.3207299380012037,0.4201824845003009,FULL_ANCHOR,1.0,OK,False,0.0,True,1,"[""eye"", ""nerve"", ""retina""]",114,11370
DEDD2,True,0.13333333333333333,0.6666666666666666,0.32072051092267917,0.42018012773066976,FULL_ANCHOR,1.0,OK,False,0.0,True,1,"[""eye"", ""nerve"", ""retina""]",114,11370
SGSM1,True,0.13333333333333333,0.6666666666666666,0.31991676907373334,0.4199791922684333,FULL_ANCHOR,1.0,OK,False,0.0,True,1,"[""eye"", ""nerve"", ""retina""]",114,11370
SLC24A2,True,0.13333333333333333,0.6666666666666666,0.3192338478201219,0.4198084619550304,FULL_ANCHOR,1.0,OK,False,0.0,True,1,"[""eye"", ""nerve"", ""retina""]",114,11370
DPH6,True,0.13333333333333333,0.6666666666666666,0.3189334078708269,0.41973335196770667,FULL_ANCHOR,1.0,OK,False,0.0,True,1,"[""eye"", ""nerve"", ""retina""]",114,11370
ERCC6L2,True,0.13333333333333333,0.6666666666666666,0.31852448681419376,0.41963112170354844,FULL_ANCHOR,1.0,OK,False,0.0,True,1,"[""eye"", ""nerve"", ""retina""]",114,11370
AGAP1,True,0.13333333333333333,0.6666666666666666,0.3179667913130943,0.41949169782827356,FULL_ANCHOR,1.0,OK,False,0.0,True,1,"[""eye"", ""nerve"", ""retina""]",114,11370
LMF1,True,0.13333333333333333,0.6666666666666666,0.3177979600218932,0.41944949000547327,FULL_ANCHOR,1.0,OK,False,0.0,True,1,"[""eye"", ""nerve"", ""retina""]",114,11370
DIXDC1,True,0.13333333333333333,0.6666666666666666,0.3176172191308949,0.4194043047827237,FULL_ANCHOR,1.0,OK,False,0.0,True,1,"[""eye"", ""nerve"", ""retina""]",114,11370
KCNN2,True,0.13333333333333333,0.6666666666666666,0.31679741203215506,0.41919935300803873,FULL_ANCHOR,1.0,OK,False,0.0,True,1,"[""eye"", ""nerve"", ""retina""]",114,11370
SASH1,True,0.13333333333333333,0.6666666666666666,0.31576987303987214,0.418942468259968,FULL_ANCHOR,1.0,OK,False,0.0,True,1,"[""eye"", ""nerve"", ""retina""]",114,11370
ABCA8,True,0.13333333333333333,0.6666666666666666,0.3154695917134004,0.41886739792835004,FULL_ANCHOR,1.0,OK,False,0.0,True,1,"[""eye"", ""nerve"", ""retina""]",114,11370
ENOPH1,True,0.13333333333333333,0.6666666666666666,0.315171136831583,0.41879278420789573,FULL_ANCHOR,1.0,OK,False,0.0,True,1,"[""eye"", ""nerve"", ""retina""]",114,11370
NELL2,True,0.13333333333333333,0.6666666666666666,0.31475005913866394,0.4186875147846659,FULL_ANCHOR,1.0,OK,False,0.0,True,1,"[""eye"", ""nerve"", ""retina""]",114,11370
ANO6,True,0.13333333333333333,0.6000000000000001,0.4340184308393839,0.41850460770984604,FULL_ANCHOR,1.0,OK,False,0.0,False,0,"[""eye"", ""nerve"", ""retina""]",114,11370
SLC25A12,True,0.13333333333333333,0.6666666666666666,0.31328290765216094,0.41832072691304023,FULL_ANCHOR,1.0,OK,False,0.0,True,1,"[""eye"", ""nerve"", ""retina""]",114,11370
LDLRAD4,True,0.13333333333333333,0.6666666666666666,0.31266988054254247,0.4181674701356356,FULL_ANCHOR,1.0,OK,False,0.0,True,1,"[""eye"", ""nerve"", ""retina""]",114,11370
OR8A1,True,0.13333333333333333,0.6799999999999999,0.28759770174044136,0.4178994254351103,FULL_ANCHOR,1.0,OK,False,0.0,False,0,"[""eye"", ""nerve"", ""retina""]",114,11370
ARK2C,True,0.13333333333333333,0.6666666666666666,0.3099973181091336,0.41749932952728336,FULL_ANCHOR,1.0,OK,False,0.0,True,1,"[""eye"", ""nerve"", ""retina""]",114,11370
ZNF529,True,0.13333333333333333,0.6666666666666666,0.30979478301489727,0.4174486957537243,FULL_ANCHOR,1.0,OK,False,0.0,True,1,"[""eye"", ""nerve"", ""retina""]",114,11370
FAM227B,True,0.13333333333333333,0.6666666666666666,0.30964774006543394,0.4174119350163584,FULL_ANCHOR,1.0,OK,False,0.0,True,1,"[""eye"", ""nerve"", ""retina""]",114,11370
SIGLEC8,True,0.13333333333333333,0.6666666666666666,0.309062934388302,0.41726573359707547,FULL_ANCHOR,1.0,OK,False,0.0,True,1,"[""eye"", ""nerve"", ""retina""]",114,11370
ZNF671,True,0.13333333333333333,0.6666666666666666,0.30902656125911365,0.4172566403147784,FULL_ANCHOR,1.0,OK,False,0.0,True,1,"[""eye"", ""nerve"", ""retina""]",114,11370
NPTXR,True,0.13333333333333333,0.6666666666666666,0.30831810973957025,0.4170795274348925,FULL_ANCHOR,1.0,OK,False,0.0,True,1,"[""eye"", ""nerve"", ""retina""]",114,11370
GXYLT2,True,0.13333333333333333,0.6799999999999999,0.28402261916450006,0.417005654791125,FULL_ANCHOR,1.0,OK,False,0.0,False,0,"[""eye"", ""nerve"", ""retina""]",114,11370
PITPNC1,True,0.13333333333333333,0.6666666666666666,0.3068329282774702,0.4167082320693675,FULL_ANCHOR,1.0,OK,False,0.0,True,1,"[""eye"", ""nerve"", ""retina""]",114,11370
CRHBP,True,0.13333333333333333,0.6666666666666666,0.30672510497353833,0.4166812762433846,FULL_ANCHOR,1.0,OK,False,0.0,True,1,"[""eye"", ""nerve"", ""retina""]",114,11370
GOLM1,True,0.13333333333333333,0.6666666666666666,0.30487357918144325,0.41621839479536077,FULL_ANCHOR,1.0,OK,False,0.0,True,1,"[""eye"", ""nerve"", ""retina""]",114,11370
PSG4,True,0.13333333333333333,0.56,0.49643868674132396,0.41610967168533103,FULL_ANCHOR,1.0,OK,False,0.0,False,0,"[""eye"", ""nerve"", ""retina""]",114,11370
CADPS,True,0.13333333333333333,0.6666666666666666,0.3042354683923234,0.4160588670980808,FULL_ANCHOR,1.0,OK,False,0.0,True,1,"[""eye"", ""nerve"", ""retina""]",114,11370
ZBTB7C,True,0.13333333333333333,0.6666666666666666,0.3042272593393929,0.4160568148348482,FULL_ANCHOR,1.0,OK,False,0.0,True,1,"[""eye"", ""nerve"", ""retina""]",114,11370
BACH1,True,0.13333333333333333,0.6666666666666666,0.3041446313390052,0.4160361578347513,FULL_ANCHOR,1.0,OK,False,0.0,True,1,"[""eye"", ""nerve"", ""retina""]",114,11370
MKNK2,True,0.13333333333333333,0.6666666666666666,0.30406878632592826,0.41601719658148206,FULL_ANCHOR,1.0,OK,False,0.0,True,1,"[""eye"", ""nerve"", ""retina""]",114,11370
MRTFB,True,0.13333333333333333,0.6666666666666666,0.30400518572845203,0.416001296432113,FULL_ANCHOR,1.0,OK,False,0.0,True,1,"[""eye"", ""nerve"", ""retina""]",114,11370
SEMA6D,True,0.13333333333333333,0.6666666666666666,0.303986021392709,0.4159965053481772,FULL_ANCHOR,1.0,OK,False,0.0,True,1,"[""eye"", ""nerve"", ""retina""]",114,11370
NAV3,True,0.13333333333333333,0.6666666666666666,0.30371866695477245,0.4159296667386931,FULL_ANCHOR,1.0,OK,False,0.0,True,1,"[""eye"", ""nerve"", ""retina""]",114,11370
CBLB,True,0.13333333333333333,0.6666666666666666,0.301870876209532,0.415467719052383,FULL_ANCHOR,1.0,OK,False,0.0,True,1,"[""eye"", ""nerve"", ""retina""]",114,11370
PITPNB,True,0.13333333333333333,0.6666666666666666,0.30060972106356976,0.41515243026589244,FULL_ANCHOR,1.0,OK,False,0.0,True,1,"[""eye"", ""nerve"", ""retina""]",114,11370
LRRC4C,True,0.13333333333333333,0.6666666666666666,0.3004861131709939,0.41512152829274845,FULL_ANCHOR,1.0,OK,False,0.0,True,1,"[""eye"", ""nerve"", ""retina""]",114,11370
FRAS1,True,0.13333333333333333,0.64,0.3483538152326098,0.41508845380815246,FULL_ANCHOR,1.0,OK,False,0.0,False,0,"[""eye"", ""nerve"", ""retina""]",114,11370
ZSWIM5,True,0.13333333333333333,0.6666666666666666,0.30019062843812827,0.41504765710953206,FULL_ANCHOR,1.0,OK,False,0.0,True,1,"[""eye"", ""nerve"", ""retina""]",114,11370
OR11G2,True,0.13333333333333333,0.6,0.419544054612195,0.4148860136530488,FULL_ANCHOR,1.0,OK,False,0.0,False,0,"[""eye"", ""nerve"", ""retina""]",114,11370
PRR4,True,0.13333333333333333,0.6666666666666666,0.2994990174081985,0.41487475435204957,FULL_ANCHOR,1.0,OK,False,0.0,True,1,"[""eye"", ""nerve"", ""retina""]",114,11370
ENDOD1,True,0.13333333333333333,0.6666666666666666,0.2990840606083953,0.4147710151520988,FULL_ANCHOR,1.0,OK,False,0.0,True,1,"[""eye"", ""nerve"", ""retina""]",114,11370
BAHCC1,True,0.32,0.6000000000000001,0.19500186213241097,0.41475046553310285,FULL_ANCHOR,1.0,OK,False,0.0,False,0,"[""eye"", ""nerve"", ""retina""]",114,11370
CALN1,True,0.13333333333333333,0.6666666666666666,0.29795856003299404,0.4144896400082485,FULL_ANCHOR,1.0,OK,False,0.0,True,1,"[""eye"", ""nerve"", ""retina""]",114,11370
SYTL2,True,0.13333333333333333,0.6666666666666666,0.2972661871033017,0.4143165467758254,FULL_ANCHOR,1.0,OK,False,0.0,True,1,"[""eye"", ""nerve"", ""retina""]",114,11370
ZNF543,True,0.13333333333333333,0.6666666666666666,0.29664403596661915,0.41416100899165476,FULL_ANCHOR,1.0,OK,False,0.0,True,1,"[""eye"", ""nerve"", ""retina""]",114,11370
KIAA1217,True,0.13333333333333333,0.6666666666666666,0.296280106167832,0.41407002654195796,FULL_ANCHOR,1.0,OK,False,0.0,True,1,"[""eye"", ""nerve"", ""retina""]",114,11370
LACTB,True,0.13333333333333333,0.6666666666666666,0.29608427385440994,0.4140210684636024,FULL_ANCHOR,1.0,OK,False,0.0,True,1,"[""eye"", ""nerve"", ""retina""]",114,11370
GLT1D1,True,0.13333333333333333,0.6666666666666666,0.2960534132563745,0.4140133533140936,FULL_ANCHOR,1.0,OK,False,0.0,True,1,"[""eye"", ""nerve"", ""retina""]",114,11370
OSBP2,True,0.13333333333333333,0.6666666666666666,0.2959641320489766,0.4139910330122441,FULL_ANCHOR,1.0,OK,False,0.0,True,1,"[""eye"", ""nerve"", ""retina""]",114,11370
FOXRED2,True,0.13333333333333333,0.6666666666666666,0.29593162186359323,0.4139829054658983,FULL_ANCHOR,1.0,OK,False,0.0,True,1,"[""eye"", ""nerve"", ""retina""]",114,11370
GOLGA8B,True,0.13333333333333333,0.6666666666666666,0.2943463436223207,0.4135865859055802,FULL_ANCHOR,1.0,OK,False,0.0,True,1,"[""eye"", ""nerve"", ""retina""]",114,11370
ARK2N,True,0.13333333333333333,0.6666666666666666,0.29249197549341904,0.4131229938733547,FULL_ANCHOR,1.0,OK,False,0.0,True,1,"[""eye"", ""nerve"", ""retina""]",114,11370
C10orf90,True,0.13333333333333333,0.6666666666666666,0.29227992506332556,0.4130699812658314,FULL_ANCHOR,1.0,OK,False,0.0,True,1,"[""eye"", ""nerve"", ""retina""]",114,11370
FHIP1A,True,0.13333333333333333,0.6666666666666666,0.2922070112819852,0.4130517528204963,FULL_ANCHOR,1.0,OK,False,0.0,True,1,"[""eye"", ""nerve"", ""retina""]",114,11370
ZNF736,True,0.13333333333333333,0.6666666666666666,0.2918957292403597,0.4129739323100899,FULL_ANCHOR,1.0,OK,False,0.0,True,1,"[""eye"", ""nerve"", ""retina""]",114,11370
ZNF418,True,0.13333333333333333,0.6666666666666666,0.29187314762430483,0.4129682869060762,FULL_ANCHOR,1.0,OK,False,0.0,True,1,"[""eye"", ""nerve"", ""retina""]",114,11370
SPOCK1,True,0.13333333333333333,0.6666666666666666,0.2916393732089299,0.41290984330223246,FULL_ANCHOR,1.0,OK,False,0.0,True,1,"[""eye"", ""nerve"", ""retina""]",114,11370
PRRC2B,True,0.13333333333333333,0.6666666666666666,0.2915868661386647,0.41289671653466614,FULL_ANCHOR,1.0,OK,False,0.0,True,1,"[""eye"", ""nerve"", ""retina""]",114,11370
TP53INP1,True,0.13333333333333333,0.6666666666666666,0.2912866085487373,0.4128216521371843,FULL_ANCHOR,1.0,OK,False,0.0,True,1,"[""eye"", ""nerve"", ""retina""]",114,11370
PPFIA2,True,0.13333333333333333,0.6666666666666666,0.2902601999687504,0.41256504999218757,FULL_ANCHOR,1.0,OK,False,0.0,True,1,"[""eye"", ""nerve"", ""retina""]",114,11370
PHACTR3,True,0.13333333333333333,0.6666666666666666,0.28961271838699976,0.4124031795967499,FULL_ANCHOR,1.0,OK,False,0.0,True,1,"[""eye"", ""nerve"", ""retina""]",114,11370
ANKRD36C,True,0.13333333333333333,0.6666666666666666,0.2893068983572341,0.4123267245893085,FULL_ANCHOR,1.0,OK,False,0.0,True,1,"[""eye"", ""nerve"", ""retina""]",114,11370
FAM135B,True,0.13333333333333333,0.6666666666666666,0.2892020829286279,0.41230052073215695,FULL_ANCHOR,1.0,OK,False,0.0,True,1,"[""eye"", ""nerve"", ""retina""]",114,11370
GPR85,True,0.13333333333333333,0.6666666666666666,0.2887860090525461,0.4121965022631365,FULL_ANCHOR,1.0,OK,False,0.0,True,1,"[""eye"", ""nerve"", ""retina""]",114,11370
ZNF641,True,0.13333333333333333,0.6666666666666666,0.28796936190851424,0.4119923404771285,FULL_ANCHOR,1.0,OK,False,0.0,True,1,"[""eye"", ""nerve"", ""retina""]",114,11370
MTSS1,True,0.13333333333333333,0.6666666666666666,0.2879455738000594,0.4119863934500148,FULL_ANCHOR,1.0,OK,False,0.0,True,1,"[""eye"", ""nerve"", ""retina""]",114,11370
MTMR9,True,0.13333333333333333,0.6666666666666666,0.28561440597200105,0.41140360149300026,FULL_ANCHOR,1.0,OK,False,0.0,True,1,"[""eye"", ""nerve"", ""retina""]",114,11370
THSD7B,True,0.13333333333333333,0.6666666666666666,0.28546998655495487,0.41136749663873867,FULL_ANCHOR,1.0,OK,False,0.0,True,1,"[""eye"", ""nerve"", ""retina""]",114,11370
CXXC5,True,0.13333333333333333,0.6666666666666666,0.28540688517940116,0.41135172129485026,FULL_ANCHOR,1.0,OK,False,0.0,True,1,"[""eye"", ""nerve"", ""retina""]",114,11370
STK31,True,0.13333333333333333,0.56,0.47652465937513133,0.41113116484378287,FULL_ANCHOR,1.0,OK,False,0.0,False,0,"[""eye"", ""nerve"", ""retina""]",114,11370
TAFA4,True,0.13333333333333333,0.6666666666666666,0.28446661460632716,0.4111166536515818,FULL_ANCHOR,1.0,OK,False,0.0,True,1,"[""eye"", ""nerve"", ""retina""]",114,11370
DAP,True,0.13333333333333333,0.6666666666666666,0.28435307207570343,0.41108826801892584,FULL_ANCHOR,1.0,OK,False,0.0,True,1,"[""eye"", ""nerve"", ""retina""]",114,11370
SUSD1,True,0.13333333333333333,0.64,0.3322971883395758,0.41107429708489396,FULL_ANCHOR,1.0,OK,False,0.0,False,0,"[""eye"", ""nerve"", ""retina""]",114,11370
NEBL,True,0.13333333333333333,0.6666666666666666,0.28349475256432444,0.41087368814108105,FULL_ANCHOR,1.0,OK,False,0.0,True,1,"[""eye"", ""nerve"", ""retina""]",114,11370
HPN,True,0.13333333333333333,0.6666666666666666,0.2830014686751777,0.41075036716879443,FULL_ANCHOR,1.0,OK,False,0.0,True,1,"[""eye"", ""nerve"", ""retina""]",114,11370
OSTN,True,0.13333333333333333,0.6799999999999999,0.25810049395501566,0.4105251234887539,FULL_ANCHOR,1.0,OK,False,0.0,False,0,"[""eye"", ""nerve"", ""retina""]",114,11370
ZNF564,True,0.13333333333333333,0.6666666666666666,0.28186390832649144,0.4104659770816228,FULL_ANCHOR,1.0,OK,False,0.0,True,1,"[""eye"", ""nerve"", ""retina""]",114,11370
ZNF678,True,0.13333333333333333,0.6666666666666666,0.2813988603357298,0.4103497150839324,FULL_ANCHOR,1.0,OK,False,0.0,True,1,"[""eye"", ""nerve"", ""retina""]",114,11370
FAM222B,True,0.13333333333333333,0.6666666666666666,0.2813230150711184,0.41033075376777955,FULL_ANCHOR,1.0,OK,False,0.0,True,1,"[""eye"", ""nerve"", ""retina""]",114,11370
DAGLB,True,0.13333333333333333,0.6666666666666666,0.2808556117627401,0.410213902940685,FULL_ANCHOR,1.0,OK,False,0.0,True,1,"[""eye"", ""nerve"", ""retina""]",114,11370
SEC14L2,True,0.13333333333333333,0.6666666666666666,0.2799390546153735,0.40998476365384334,FULL_ANCHOR,1.0,OK,False,0.0,True,1,"[""eye"", ""nerve"", ""retina""]",114,11370
PLEKHH1,True,0.13333333333333333,0.6666666666666666,0.27867762550475866,0.40966940637618965,FULL_ANCHOR,1.0,OK,False,0.0,True,1,"[""eye"", ""nerve"", ""retina""]",114,11370
NIPAL2,True,0.13333333333333333,0.6666666666666666,0.27861857456179434,0.40965464364044857,FULL_ANCHOR,1.0,OK,False,0.0,True,1,"[""eye"", ""nerve"", ""retina""]",114,11370
LRRN1,True,0.13333333333333333,0.6799999999999999,0.2545820013437457,0.4096455003359364,FULL_ANCHOR,1.0,OK,False,0.0,False,0,"[""eye"", ""nerve"", ""retina""]",114,11370
CC2D1A,True,0.13333333333333333,0.6666666666666666,0.2784763377657319,0.4096190844414329,FULL_ANCHOR,1.0,OK,False,0.0,True,1,"[""eye"", ""nerve"", ""retina""]",114,11370
CREBL2,True,0.13333333333333333,0.6666666666666666,0.2780235841520404,0.4095058960380101,FULL_ANCHOR,1.0,OK,False,0.0,True,1,"[""eye"", ""nerve"", ""retina""]",114,11370
SLC8A3,True,0.13333333333333333,0.6666666666666666,0.2764583026454907,0.40911457566137266,FULL_ANCHOR,1.0,OK,False,0.0,True,1,"[""eye"", ""nerve"", ""retina""]",114,11370
VGLL4,True,0.13333333333333333,0.6666666666666666,0.27629187295228275,0.40907296823807066,FULL_ANCHOR,1.0,OK,False,0.0,True,1,"[""eye"", ""nerve"", ""retina""]",114,11370
PAM,True,0.13333333333333333,0.6666666666666666,0.2734938734004889,0.4083734683501222,FULL_ANCHOR,1.0,OK,False,0.0,True,1,"[""eye"", ""nerve"", ""retina""]",114,11370
LRRC28,True,0.13333333333333333,0.6666666666666666,0.27329425434288546,0.4083235635857213,FULL_ANCHOR,1.0,OK,False,0.0,True,1,"[""eye"", ""nerve"", ""retina""]",114,11370
KANK4,True,0.13333333333333333,0.6666666666666666,0.27308570315022884,0.40827142578755715,FULL_ANCHOR,1.0,OK,False,0.0,True,1,"[""eye"", ""nerve"", ""retina""]",114,11370
KNDC1,True,0.13333333333333333,0.6666666666666666,0.27302733267089996,0.408256833167725,FULL_ANCHOR,1.0,OK,False,0.0,True,1,"[""eye"", ""nerve"", ""retina""]",114,11370
HOMEZ,True,0.13333333333333333,0.6666666666666666,0.2727402873454281,0.408185071836357,FULL_ANCHOR,1.0,OK,False,0.0,True,1,"[""eye"", ""nerve"", ""retina""]",114,11370
SLC12A6,True,0.13333333333333333,0.6666666666666666,0.2722644322334852,0.4080661080583713,FULL_ANCHOR,1.0,OK,False,0.0,True,1,"[""eye"", ""nerve"", ""retina""]",114,11370
KLK13,True,0.13333333333333333,0.6000000000000001,0.39184096641753924,0.4079602416043849,FULL_ANCHOR,1.0,OK,False,0.0,False,0,"[""eye"", ""nerve"", ""retina""]",114,11370
ZNF488,True,0.13333333333333333,0.6666666666666666,0.2698581943156855,0.40746454857892134,FULL_ANCHOR,1.0,OK,False,0.0,True,1,"[""eye"", ""nerve"", ""retina""]",114,11370
ZNF286A,True,0.13333333333333333,0.6666666666666666,0.26897713771998194,0.40724428442999544,FULL_ANCHOR,1.0,OK,False,0.0,True,1,"[""eye"", ""nerve"", ""retina""]",114,11370
SCPEP1,True,0.13333333333333333,0.6666666666666666,0.26702776817654905,0.40675694204413726,FULL_ANCHOR,1.0,OK,False,0.0,True,1,"[""eye"", ""nerve"", ""retina""]",114,11370
LILRA2,True,0.13333333333333333,0.6666666666666666,0.26678334978842844,0.4066958374471071,FULL_ANCHOR,1.0,OK,False,0.0,True,1,"[""eye"", ""nerve"", ""retina""]",114,11370
RFX7,True,0.13333333333333333,0.6666666666666666,0.26598232991490306,0.40649558247872575,FULL_ANCHOR,1.0,OK,False,0.0,True,1,"[""eye"", ""nerve"", ""retina""]",114,11370
CHRNA7,True,0.13333333333333333,0.6799999999999999,0.24122064737395804,0.40630516184348947,FULL_ANCHOR,1.0,OK,False,0.0,False,0,"[""eye"", ""nerve"", ""retina""]",114,11370
PELI2,True,0.13333333333333333,0.6666666666666666,0.2643321152272032,0.40608302880680075,FULL_ANCHOR,1.0,OK,False,0.0,True,1,"[""eye"", ""nerve"", ""retina""]",114,11370
ADGRG3,True,0.13333333333333333,0.6799999999999999,0.24006374924013085,0.4060159373100327,FULL_ANCHOR,1.0,OK,False,0.0,False,0,"[""eye"", ""nerve"", ""retina""]",114,11370
AGAP3,True,0.13333333333333333,0.6666666666666666,0.26392152287761395,0.40598038071940346,FULL_ANCHOR,1.0,OK,False,0.0,True,1,"[""eye"", ""nerve"", ""retina""]",114,11370
ZNF667,True,0.13333333333333333,0.6666666666666666,0.2639211886387788,0.40598029715969464,FULL_ANCHOR,1.0,OK,False,0.0,True,1,"[""eye"", ""nerve"", ""retina""]",114,11370
OR2Z1,True,0.13333333333333333,0.6,0.38355038838737243,0.4058875970968431,FULL_ANCHOR,1.0,OK,False,0.0,False,0,"[""eye"", ""nerve"", ""retina""]",114,11370
ABCA6,True,0.13333333333333333,0.6666666666666666,0.2625155870322754,0.4056288967580688,FULL_ANCHOR,1.0,OK,False,0.0,True,1,"[""eye"", ""nerve"", ""retina""]",114,11370
PRTG,True,0.13333333333333333,0.6666666666666666,0.2617140230500302,0.40542850576250755,FULL_ANCHOR,1.0,OK,False,0.0,True,1,"[""eye"", ""nerve"", ""retina""]",114,11370
PPP1R3E,True,0.13333333333333333,0.6666666666666666,0.2608995846292218,0.4052248961573054,FULL_ANCHOR,1.0,OK,False,0.0,True,1,"[""eye"", ""nerve"", ""retina""]",114,11370
NLN,True,0.13333333333333333,0.6666666666666666,0.2606954160354037,0.40517385400885086,FULL_ANCHOR,1.0,OK,False,0.0,True,1,"[""eye"", ""nerve"", ""retina""]",114,11370
FSTL5,True,0.13333333333333333,0.6666666666666666,0.2582809088678159,0.40457022721695396,FULL_ANCHOR,1.0,OK,False,0.0,True,1,"[""eye"", ""nerve"", ""retina""]",114,11370
DPEP1,True,0.13333333333333333,0.52,0.5220067231093075,0.4045016807773269,FULL_ANCHOR,1.0,OK,False,0.0,False,0,"[""eye"", ""nerve"", ""retina""]",114,11370
ZNF626,True,0.13333333333333333,0.6666666666666666,0.2571449286563858,0.4042862321640964,FULL_ANCHOR,1.0,OK,False,0.0,True,1,"[""eye"", ""nerve"", ""retina""]",114,11370
NCAM2,True,0.13333333333333333,0.6666666666666666,0.2553006133958964,0.40382515334897406,FULL_ANCHOR,1.0,OK,False,0.0,True,1,"[""eye"", ""nerve"", ""retina""]",114,11370
GRAMD4,True,0.13333333333333333,0.6666666666666666,0.2550023337670697,0.4037505834417674,FULL_ANCHOR,1.0,OK,False,0.0,True,1,"[""eye"", ""nerve"", ""retina""]",114,11370
GSG1L,True,0.13333333333333333,0.6666666666666666,0.2544304395458174,0.40360760988645433,FULL_ANCHOR,1.0,OK,False,0.0,True,1,"[""eye"", ""nerve"", ""retina""]",114,11370
PSG11,True,0.13333333333333333,0.64,0.30232356798081006,0.40358089199520253,FULL_ANCHOR,1.0,OK,False,0.0,False,0,"[""eye"", ""nerve"", ""retina""]",114,11370
ZNF404,True,0.13333333333333333,0.6666666666666666,0.2536813011344664,0.4034203252836166,FULL_ANCHOR,1.0,OK,False,0.0,True,1,"[""eye"", ""nerve"", ""retina""]",114,11370
TSPAN4,True,0.13333333333333333,0.6666666666666666,0.2536376014475999,0.40340940036189993,FULL_ANCHOR,1.0,OK,False,0.0,True,1,"[""eye"", ""nerve"", ""retina""]",114,11370
FAM47E,True,0.13333333333333333,0.6666666666666666,0.2525898504491352,0.40314746261228374,FULL_ANCHOR,1.0,OK,False,0.0,True,1,"[""eye"", ""nerve"", ""retina""]",114,11370
SPNS2,True,0.13333333333333333,0.6666666666666666,0.25235293384388274,0.40308823346097067,FULL_ANCHOR,1.0,OK,False,0.0,True,1,"[""eye"", ""nerve"", ""retina""]",114,11370
FBXO31,True,0.13333333333333333,0.6666666666666666,0.25188014723137786,0.40297003680784443,FULL_ANCHOR,1.0,OK,False,0.0,True,1,"[""eye"", ""nerve"", ""retina""]",114,11370
CFAP58,True,0.13333333333333333,0.64,0.2991476261222731,0.40278690653056826,FULL_ANCHOR,1.0,OK,False,0.0,False,0,"[""eye"", ""nerve"", ""retina""]",114,11370
GGTLC2,True,0.13333333333333333,0.6666666666666666,0.25074721650522447,0.4026868041263061,FULL_ANCHOR,1.0,OK,False,0.0,True,1,"[""eye"", ""nerve"", ""retina""]",114,11370
ABI3BP,True,0.13333333333333333,0.6666666666666666,0.24893332864704212,0.4022333321617605,FULL_ANCHOR,1.0,OK,False,0.0,True,1,"[""eye"", ""nerve"", ""retina""]",114,11370
OR10Z1,True,0.13333333333333333,0.6,0.36784358210464996,0.4019608955261625,FULL_ANCHOR,1.0,OK,False,0.0,False,0,"[""eye"", ""nerve"", ""retina""]",114,11370
OR4F15,True,0.13333333333333333,0.6399999999999999,0.29472480579831584,0.4016812014495789,FULL_ANCHOR,1.0,OK,False,0.0,False,0,"[""eye"", ""nerve"", ""retina""]",114,11370
ZNF680,True,0.13333333333333333,0.6666666666666666,0.24670862034997354,0.40167715508749335,FULL_ANCHOR,1.0,OK,False,0.0,True,1,"[""eye"", ""nerve"", ""retina""]",114,11370
ZNF577,True,0.13333333333333333,0.6666666666666666,0.24641862846393253,0.4016046571159831,FULL_ANCHOR,1.0,OK,False,0.0,True,1,"[""eye"", ""nerve"", ""retina""]",114,11370
NQO2,True,0.13333333333333333,0.6666666666666666,0.24605371599910036,0.40151342899977505,FULL_ANCHOR,1.0,OK,False,0.0,True,1,"[""eye"", ""nerve"", ""retina""]",114,11370
SRRD,True,0.13333333333333333,0.6666666666666666,0.2450576222698228,0.4012644055674557,FULL_ANCHOR,1.0,OK,False,0.0,True,1,"[""eye"", ""nerve"", ""retina""]",114,11370
SLC2A11,True,0.13333333333333333,0.6666666666666666,0.2444850257650541,0.4011212564412635,FULL_ANCHOR,1.0,OK,False,0.0,True,1,"[""eye"", ""nerve"", ""retina""]",114,11370
SEMA4B,True,0.13333333333333333,0.6666666666666666,0.24442675098533154,0.40110668774633285,FULL_ANCHOR,1.0,OK,False,0.0,True,1,"[""eye"", ""nerve"", ""retina""]",114,11370
HSBP1,True,0.13333333333333333,0.6666666666666666,0.24408147654827356,0.40102036913706834,FULL_ANCHOR,1.0,OK,False,0.0,True,1,"[""eye"", ""nerve"", ""retina""]",114,11370
OR1A1,True,0.13333333333333333,0.6799999999999999,0.21872783434825777,0.4006819585870644,FULL_ANCHOR,1.0,OK,False,0.0,False,0,"[""eye"", ""nerve"", ""retina""]",114,11370
SLC24A3,True,0.13333333333333333,0.6666666666666666,0.2426254320173899,0.40065635800434746,FULL_ANCHOR,1.0,OK,False,0.0,True,1,"[""eye"", ""nerve"", ""retina""]",114,11370
LBH,True,0.13333333333333333,0.6666666666666666,0.24167065597650825,0.40041766399412704,FULL_ANCHOR,1.0,OK,False,0.0,True,1,"[""eye"", ""nerve"", ""retina""]",114,11370
CADPS2,True,0.13333333333333333,0.6666666666666666,0.2395943431780944,0.3998985857945236,FULL_ANCHOR,1.0,OK,False,0.0,True,1,"[""eye"", ""nerve"", ""retina""]",114,11370
RAPGEF6,True,0.13333333333333333,0.6666666666666666,0.23956758386062815,0.399891895965157,FULL_ANCHOR,1.0,OK,False,0.0,True,1,"[""eye"", ""nerve"", ""retina""]",114,11370
FAM204A,True,0.13333333333333333,0.6666666666666666,0.23949433664730468,0.39987358416182617,FULL_ANCHOR,1.0,OK,False,0.0,True,1,"[""eye"", ""nerve"", ""retina""]",114,11370
ZNF417,True,0.13333333333333333,0.6666666666666666,0.23905516179122813,0.399763790447807,FULL_ANCHOR,1.0,OK,False,0.0,True,1,"[""eye"", ""nerve"", ""retina""]",114,11370
PLEKHM3,True,0.13333333333333333,0.6666666666666666,0.2389011734943387,0.39972529337358464,FULL_ANCHOR,1.0,OK,False,0.0,True,1,"[""eye"", ""nerve"", ""retina""]",114,11370
TBC1D32,True,0.13333333333333333,0.6666666666666666,0.23857241306858337,0.3996431032671458,FULL_ANCHOR,1.0,OK,False,0.0,True,1,"[""eye"", ""nerve"", ""retina""]",114,11370
SLC25A18,True,0.13333333333333333,0.6666666666666666,0.23805911874561858,0.3995147796864046,FULL_ANCHOR,1.0,OK,False,0.0,True,1,"[""eye"", ""nerve"", ""retina""]",114,11370
SEC14L5,True,0.13333333333333333,0.6666666666666666,0.23802857314529857,0.39950714328632464,FULL_ANCHOR,1.0,OK,False,0.0,True,1,"[""eye"", ""nerve"", ""retina""]",114,11370
DIPK1C,True,0.13333333333333333,0.6666666666666666,0.23726400480742144,0.39931600120185534,FULL_ANCHOR,1.0,OK,False,0.0,True,1,"[""eye"", ""nerve"", ""retina""]",114,11370
ZNF84,True,0.13333333333333333,0.6666666666666666,0.23708435179438378,0.3992710879485959,FULL_ANCHOR,1.0,OK,False,0.0,True,1,"[""eye"", ""nerve"", ""retina""]",114,11370
PCBP3,True,0.13333333333333333,0.6666666666666666,0.23702733549834995,0.39925683387458744,FULL_ANCHOR,1.0,OK,False,0.0,True,1,"[""eye"", ""nerve"", ""retina""]",114,11370
CELF4,True,0.13333333333333333,0.6666666666666666,0.2366310989432747,0.39915777473581865,FULL_ANCHOR,1.0,OK,False,0.0,True,1,"[""eye"", ""nerve"", ""retina""]",114,11370
FAM220A,True,0.13333333333333333,0.6666666666666666,0.23617877936636528,0.3990446948415913,FULL_ANCHOR,1.0,OK,False,0.0,True,1,"[""eye"", ""nerve"", ""retina""]",114,11370
GSE1,True,0.13333333333333333,0.6666666666666666,0.23565140396979006,0.3989128509924475,FULL_ANCHOR,1.0,OK,False,0.0,True,1,"[""eye"", ""nerve"", ""retina""]",114,11370
CORO2B,True,0.13333333333333333,0.6666666666666666,0.23515537096114839,0.3987888427402871,FULL_ANCHOR,1.0,OK,False,0.0,True,1,"[""eye"", ""nerve"", ""retina""]",114,11370
FAM178B,True,0.13333333333333333,0.6666666666666666,0.23508770073711455,0.3987719251842786,FULL_ANCHOR,1.0,OK,False,0.0,True,1,"[""eye"", ""nerve"", ""retina""]",114,11370
OXR1,True,0.13333333333333333,0.6666666666666666,0.23427959037139556,0.3985698975928489,FULL_ANCHOR,1.0,OK,False,0.0,True,1,"[""eye"", ""nerve"", ""retina""]",114,11370
PPM1E,True,0.13333333333333333,0.6666666666666666,0.23395276416190028,0.39848819104047506,FULL_ANCHOR,1.0,OK,False,0.0,True,1,"[""eye"", ""nerve"", ""retina""]",114,11370
AGTPBP1,True,0.13333333333333333,0.6666666666666666,0.23250872495716707,0.39812718123929175,FULL_ANCHOR,1.0,OK,False,0.0,True,1,"[""eye"", ""nerve"", ""retina""]",114,11370
SPAG16,True,0.13333333333333333,0.6666666666666666,0.23239535356039578,0.3980988383900989,FULL_ANCHOR,1.0,OK,False,0.0,True,1,"[""eye"", ""nerve"", ""retina""]",114,11370
PSD3,True,0.13333333333333333,0.6666666666666666,0.23222448927644534,0.3980561223191113,FULL_ANCHOR,1.0,OK,False,0.0,True,1,"[""eye"", ""nerve"", ""retina""]",114,11370
SCYL3,True,0.13333333333333333,0.6666666666666666,0.2319689512730559,0.3979922378182639,FULL_ANCHOR,1.0,OK,False,0.0,True,1,"[""eye"", ""nerve"", ""retina""]",114,11370
SRL,True,0.13333333333333333,0.6666666666666666,0.23164295735559667,0.39791073933889914,FULL_ANCHOR,1.0,OK,False,0.0,True,1,"[""eye"", ""nerve"", ""retina""]",114,11370
FBXO16,True,0.13333333333333333,0.6666666666666666,0.23135699297120896,0.3978392482428022,FULL_ANCHOR,1.0,OK,False,0.0,True,1,"[""eye"", ""nerve"", ""retina""]",114,11370
ZNF880,True,0.13333333333333333,0.6666666666666666,0.23122434026592179,0.3978060850664804,FULL_ANCHOR,1.0,OK,False,0.0,True,1,"[""eye"", ""nerve"", ""retina""]",114,11370
RGL1,True,0.13333333333333333,0.6666666666666666,0.2312234537580056,0.39780586343950136,FULL_ANCHOR,1.0,OK,False,0.0,True,1,"[""eye"", ""nerve"", ""retina""]",114,11370
ZNF416,True,0.13333333333333333,0.6666666666666666,0.2310201714205692,0.3977550428551423,FULL_ANCHOR,1.0,OK,False,0.0,True,1,"[""eye"", ""nerve"", ""retina""]",114,11370
ATPSCKMT,True,0.13333333333333333,0.6666666666666666,0.230754402625746,0.39768860065643646,FULL_ANCHOR,1.0,OK,False,0.0,True,1,"[""eye"", ""nerve"", ""retina""]",114,11370
WSCD2,True,0.13333333333333333,0.6666666666666666,0.23027397084917914,0.3975684927122948,FULL_ANCHOR,1.0,OK,False,0.0,True,1,"[""eye"", ""nerve"", ""retina""]",114,11370
DOK6,True,0.13333333333333333,0.6666666666666666,0.22881462633091335,0.3972036565827283,FULL_ANCHOR,1.0,OK,False,0.0,True,1,"[""eye"", ""nerve"", ""retina""]",114,11370
SIGLEC14,True,0.13333333333333333,0.64,0.27650234386141537,0.39712558596535386,FULL_ANCHOR,1.0,OK,False,0.0,False,0,"[""eye"", ""nerve"", ""retina""]",114,11370
SLC14A2,True,0.13333333333333333,0.48,0.5619909476228481,0.396497736905712,FULL_ANCHOR,1.0,OK,False,0.0,False,0,"[""eye"", ""nerve"", ""retina""]",114,11370
ZNF766,True,0.13333333333333333,0.6666666666666666,0.22533392189970497,0.3963334804749262,FULL_ANCHOR,1.0,OK,False,0.0,True,1,"[""eye"", ""nerve"", ""retina""]",114,11370
EMILIN2,True,0.13333333333333333,0.6666666666666666,0.22529612507451363,0.39632403126862836,FULL_ANCHOR,1.0,OK,False,0.0,True,1,"[""eye"", ""nerve"", ""retina""]",114,11370
SFMBT2,True,0.13333333333333333,0.6666666666666666,0.22507277237460943,0.39626819309365235,FULL_ANCHOR,1.0,OK,False,0.0,True,1,"[""eye"", ""nerve"", ""retina""]",114,11370
HUNK,True,0.13333333333333333,0.6799999999999999,0.20064809968502365,0.3961620249212559,FULL_ANCHOR,1.0,OK,False,0.0,False,0,"[""eye"", ""nerve"", ""retina""]",114,11370
CHL1,True,0.13333333333333333,0.6666666666666666,0.22428193471612,0.39607048367902997,FULL_ANCHOR,1.0,OK,False,0.0,True,1,"[""eye"", ""nerve"", ""retina""]",114,11370
ZNF493,True,0.13333333333333333,0.6666666666666666,0.22270443074295931,0.3956761076857398,FULL_ANCHOR,1.0,OK,False,0.0,True,1,"[""eye"", ""nerve"", ""retina""]",114,11370
LMO4,True,0.13333333333333333,0.6666666666666666,0.2225042945571702,0.39562607363929253,FULL_ANCHOR,1.0,OK,False,0.0,True,1,"[""eye"", ""nerve"", ""retina""]",114,11370
LYRM1,True,0.13333333333333333,0.6666666666666666,0.222072783220215,0.3955181958050537,FULL_ANCHOR,1.0,OK,False,0.0,True,1,"[""eye"", ""nerve"", ""retina""]",114,11370
BMERB1,True,0.13333333333333333,0.6666666666666666,0.2215803647758336,0.3953950911939584,FULL_ANCHOR,1.0,OK,False,0.0,True,1,"[""eye"", ""nerve"", ""retina""]",114,11370
KRT33A,True,0.13333333333333333,0.56,0.4121237812838706,0.3950309453209677,FULL_ANCHOR,1.0,OK,False,0.0,False,0,"[""eye"", ""nerve"", ""retina""]",114,11370
MLXIP,True,0.13333333333333333,0.6666666666666666,0.21938861658770675,0.39484715414692667,FULL_ANCHOR,1.0,OK,False,0.0,True,1,"[""eye"", ""nerve"", ""retina""]",114,11370
ZNF761,True,0.13333333333333333,0.6666666666666666,0.21561941792853445,0.3939048544821336,FULL_ANCHOR,1.0,OK,False,0.0,True,1,"[""eye"", ""nerve"", ""retina""]",114,11370
PCNX2,True,0.13333333333333333,0.6666666666666666,0.2138228877981577,0.39345572194953937,FULL_ANCHOR,1.0,OK,False,0.0,True,1,"[""eye"", ""nerve"", ""retina""]",114,11370
ZPLD1,True,0.13333333333333333,0.56,0.4055004954388384,0.39337512385970963,FULL_ANCHOR,1.0,OK,False,0.0,False,0,"[""eye"", ""nerve"", ""retina""]",114,11370
ZHX3,True,0.13333333333333333,0.6666666666666666,0.21331833237871578,0.3933295830946789,FULL_ANCHOR,1.0,OK,False,0.0,True,1,"[""eye"", ""nerve"", ""retina""]",114,11370
CIAO2A,True,0.13333333333333333,0.6666666666666666,0.21113406340373755,0.39278351585093435,FULL_ANCHOR,1.0,OK,False,0.0,True,1,"[""eye"", ""nerve"", ""retina""]",114,11370
PHF14,True,0.13333333333333333,0.6666666666666666,0.21076106506584938,0.3926902662664623,FULL_ANCHOR,1.0,OK,False,0.0,True,1,"[""eye"", ""nerve"", ""retina""]",114,11370
FAM107A,True,0.13333333333333333,0.6666666666666666,0.21051406321812588,0.39262851580453145,FULL_ANCHOR,1.0,OK,False,0.0,True,1,"[""eye"", ""nerve"", ""retina""]",114,11370
EML2,True,0.13333333333333333,0.6666666666666666,0.20996075692690958,0.39249018923172735,FULL_ANCHOR,1.0,OK,False,0.0,True,1,"[""eye"", ""nerve"", ""retina""]",114,11370
PRR16,True,0.13333333333333333,0.6666666666666666,0.20959365568216654,0.3923984139205416,FULL_ANCHOR,1.0,OK,False,0.0,True,1,"[""eye"", ""nerve"", ""retina""]",114,11370
HCN2,True,0.13333333333333333,0.6666666666666666,0.2091431207300909,0.3922857801825227,FULL_ANCHOR,1.0,OK,False,0.0,True,1,"[""eye"", ""nerve"", ""retina""]",114,11370
NDNF,True,0.13333333333333333,0.6666666666666666,0.2091013549461394,0.3922753387365348,FULL_ANCHOR,1.0,OK,False,0.0,True,1,"[""eye"", ""nerve"", ""retina""]",114,11370
AATK,True,0.13333333333333333,0.6666666666666666,0.20908414647665458,0.3922710366191636,FULL_ANCHOR,1.0,OK,False,0.0,True,1,"[""eye"", ""nerve"", ""retina""]",114,11370
TRIQK,True,0.13333333333333333,0.6666666666666666,0.2090787733300845,0.3922696933325211,FULL_ANCHOR,1.0,OK,False,0.0,True,1,"[""eye"", ""nerve"", ""retina""]",114,11370
TM9SF3,True,0.13333333333333333,0.6666666666666666,0.208614059578158,0.3921535148945395,FULL_ANCHOR,1.0,OK,False,0.0,True,1,"[""eye"", ""nerve"", ""retina""]",114,11370
MARCHF1,True,0.13333333333333333,0.6666666666666666,0.20786461837052014,0.39196615459263,FULL_ANCHOR,1.0,OK,False,0.0,True,1,"[""eye"", ""nerve"", ""retina""]",114,11370
CLEC3A,True,0.13333333333333333,0.56,0.39980788789419897,0.3919519719735498,FULL_ANCHOR,1.0,OK,False,0.0,False,0,"[""eye"", ""nerve"", ""retina""]",114,11370
PDZD2,True,0.13333333333333333,0.6666666666666666,0.20697448895368212,0.3917436222384205,FULL_ANCHOR,1.0,OK,False,0.0,True,1,"[""eye"", ""nerve"", ""retina""]",114,11370
BRICD5,True,0.13333333333333333,0.6666666666666666,0.20467382540037227,0.391168456350093,FULL_ANCHOR,1.0,OK,False,0.0,True,1,"[""eye"", ""nerve"", ""retina""]",114,11370
SLC25A21,True,0.13333333333333333,0.6399999999999999,0.25200478759648826,0.39100119689912205,FULL_ANCHOR,1.0,OK,False,0.0,False,0,"[""eye"", ""nerve"", ""retina""]",114,11370
CADM4,True,0.13333333333333333,0.6666666666666666,0.20386905829974514,0.39096726457493625,FULL_ANCHOR,1.0,OK,False,0.0,True,1,"[""eye"", ""nerve"", ""retina""]",114,11370
ZNF57,True,0.32,0.43999999999999995,0.38773086243797894,0.3909327156094947,FULL_ANCHOR,1.0,OK,False,0.0,False,0,"[""eye"", ""nerve"", ""retina""]",114,11370
ADAMTSL1,True,0.13333333333333333,0.6399999999999999,0.25171074153386663,0.3909276853834666,FULL_ANCHOR,1.0,OK,False,0.0,False,0,"[""eye"", ""nerve"", ""retina""]",114,11370
TMEM64,True,0.13333333333333333,0.6666666666666666,0.2033784574839172,0.3908446143709793,FULL_ANCHOR,1.0,OK,False,0.0,True,1,"[""eye"", ""nerve"", ""retina""]",114,11370
ADAMTS20,True,0.13333333333333333,0.64,0.24983402885632142,0.3904585072140804,FULL_ANCHOR,1.0,OK,False,0.0,False,0,"[""eye"", ""nerve"", ""retina""]",114,11370
MILR1,True,0.13333333333333333,0.6666666666666666,0.20140227434050276,0.3903505685851257,FULL_ANCHOR,1.0,OK,False,0.0,True,1,"[""eye"", ""nerve"", ""retina""]",114,11370
OSGIN1,True,0.13333333333333333,0.6666666666666666,0.2012996154759098,0.39032490386897745,FULL_ANCHOR,1.0,OK,False,0.0,True,1,"[""eye"", ""nerve"", ""retina""]",114,11370
OSBPL1A,True,0.13333333333333333,0.6666666666666666,0.20063233285605556,0.39015808321401385,FULL_ANCHOR,1.0,OK,False,0.0,True,1,"[""eye"", ""nerve"", ""retina""]",114,11370
KRT86,True,0.13333333333333333,0.4,0.6791715681051735,0.3897928920262934,FULL_ANCHOR,1.0,OK,False,0.0,False,0,"[""eye"", ""nerve"", ""retina""]",114,11370
CPXM2,True,0.13333333333333333,0.6666666666666666,0.19848461870743173,0.3896211546768579,FULL_ANCHOR,1.0,OK,False,0.0,True,1,"[""eye"", ""nerve"", ""retina""]",114,11370
RFTN2,True,0.13333333333333333,0.6666666666666666,0.19785064562486554,0.3894626614062163,FULL_ANCHOR,1.0,OK,False,0.0,True,1,"[""eye"", ""nerve"", ""retina""]",114,11370
SLC37A1,True,0.13333333333333333,0.6666666666666666,0.19660572128204015,0.38915143032051003,FULL_ANCHOR,1.0,OK,False,0.0,True,1,"[""eye"", ""nerve"", ""retina""]",114,11370
RP1,True,0.13333333333333333,0.6666666666666666,0.19625178840253488,0.3890629471006337,FULL_ANCHOR,1.0,OK,False,0.0,True,1,"[""eye"", ""nerve"", ""retina""]",114,11370
RAP1GAP2,True,0.13333333333333333,0.6666666666666666,0.19551674735421332,0.38887918683855327,FULL_ANCHOR,1.0,OK,False,0.0,True,1,"[""eye"", ""nerve"", ""retina""]",114,11370
TMEM170A,True,0.13333333333333333,0.6666666666666666,0.1950630894518876,0.3887657723629719,FULL_ANCHOR,1.0,OK,False,0.0,True,1,"[""eye"", ""nerve"", ""retina""]",114,11370
QTGAL,True,0.32,0.52,0.23424848723753738,0.3885621218093844,FULL_ANCHOR,1.0,OK,False,0.0,False,0,"[""eye"", ""nerve"", ""retina""]",114,11370
ATRNL1,True,0.13333333333333333,0.6666666666666666,0.19424226053456184,0.38856056513364046,FULL_ANCHOR,1.0,OK,False,0.0,True,1,"[""eye"", ""nerve"", ""retina""]",114,11370
ABTB2,True,0.13333333333333333,0.6666666666666666,0.19203740180765355,0.38800935045191337,FULL_ANCHOR,1.0,OK,False,0.0,True,1,"[""eye"", ""nerve"", ""retina""]",114,11370
OR52N1,True,0.13333333333333333,0.6,0.31176617732074685,0.3879415443301867,FULL_ANCHOR,1.0,OK,False,0.0,False,0,"[""eye"", ""nerve"", ""retina""]",114,11370
LUZP2,True,0.13333333333333333,0.6666666666666666,0.19134059645229998,0.387835149113075,FULL_ANCHOR,1.0,OK,False,0.0,True,1,"[""eye"", ""nerve"", ""retina""]",114,11370
ZNG1E,True,0.13333333333333333,0.6666666666666666,0.19098514844557574,0.3877462871113939,FULL_ANCHOR,1.0,OK,False,0.0,True,1,"[""eye"", ""nerve"", ""retina""]",114,11370
SPOCK3,True,0.13333333333333333,0.6666666666666666,0.19075141713898341,0.38768785428474584,FULL_ANCHOR,1.0,OK,False,0.0,True,1,"[""eye"", ""nerve"", ""retina""]",114,11370
TERB2,True,0.13333333333333333,0.6000000000000001,0.30964278062516426,0.3874106951562911,FULL_ANCHOR,1.0,OK,False,0.0,False,0,"[""eye"", ""nerve"", ""retina""]",114,11370
RASGEF1B,True,0.13333333333333333,0.6666666666666666,0.18936518822814333,0.3873412970570358,FULL_ANCHOR,1.0,OK,False,0.0,True,1,"[""eye"", ""nerve"", ""retina""]",114,11370
CLNK,True,0.13333333333333333,0.6000000000000001,0.30922374176496725,0.38730593544124187,FULL_ANCHOR,1.0,OK,False,0.0,False,0,"[""eye"", ""nerve"", ""retina""]",114,11370
TMEM178B,True,0.1,0.6666666666666666,0.22870997432164736,0.3871774935804118,FULL_ANCHOR,1.0,OK,False,0.0,True,1,"[""eye"", ""nerve"", ""retina""]",114,11370
SHISAL1,True,0.1,0.6666666666666666,0.2285582928865982,0.3871395732216495,FULL_ANCHOR,1.0,OK,False,0.0,True,1,"[""eye"", ""nerve"", ""retina""]",114,11370
ZNF91,True,0.13333333333333333,0.6666666666666666,0.1879030756459467,0.38697576891148666,FULL_ANCHOR,1.0,OK,False,0.0,True,1,"[""eye"", ""nerve"", ""retina""]",114,11370
EMP2,True,0.13333333333333333,0.6666666666666666,0.1869017097167475,0.38672542742918686,FULL_ANCHOR,1.0,OK,False,0.0,True,1,"[""eye"", ""nerve"", ""retina""]",114,11370
OSER1,True,0.13333333333333333,0.6666666666666666,0.186059110974231,0.3865147777435577,FULL_ANCHOR,1.0,OK,False,0.0,True,1,"[""eye"", ""nerve"", ""retina""]",114,11370
NKAIN2,True,0.13333333333333333,0.6666666666666666,0.1856342407383036,0.38640856018457587,FULL_ANCHOR,1.0,OK,False,0.0,True,1,"[""eye"", ""nerve"", ""retina""]",114,11370
MTCL1,True,0.13333333333333333,0.6666666666666666,0.18483098971656836,0.38620774742914205,FULL_ANCHOR,1.0,OK,False,0.0,True,1,"[""eye"", ""nerve"", ""retina""]",114,11370
OGFRL1,True,0.13333333333333333,0.6666666666666666,0.18450845369724142,0.38612711342431033,FULL_ANCHOR,1.0,OK,False,0.0,True,1,"[""eye"", ""nerve"", ""retina""]",114,11370
HCN1,True,0.13333333333333333,0.6666666666666666,0.1836707043433275,0.38591767608583183,FULL_ANCHOR,1.0,OK,False,0.0,True,1,"[""eye"", ""nerve"", ""retina""]",114,11370
PCDHGB7,True,0.1,0.6666666666666666,0.22260177187836638,0.38565044296959156,FULL_ANCHOR,1.0,OK,False,0.0,True,1,"[""eye"", ""nerve"", ""retina""]",114,11370
PKIB,True,0.13333333333333333,0.6666666666666666,0.18199863977434083,0.38549965994358515,FULL_ANCHOR,1.0,OK,False,0.0,True,1,"[""eye"", ""nerve"", ""retina""]",114,11370
TEX14,True,0.13333333333333333,0.6000000000000001,0.3015792912125111,0.3853948228031278,FULL_ANCHOR,1.0,OK,False,0.0,False,0,"[""eye"", ""nerve"", ""retina""]",114,11370
ZNF365,True,0.13333333333333333,0.6666666666666666,0.18085295871359125,0.38521323967839777,FULL_ANCHOR,1.0,OK,False,0.0,True,1,"[""eye"", ""nerve"", ""retina""]",114,11370
VKORC1L1,True,0.13333333333333333,0.6666666666666666,0.180616603121687,0.3851541507804217,FULL_ANCHOR,1.0,OK,False,0.0,True,1,"[""eye"", ""nerve"", ""retina""]",114,11370
PLGLB1,True,0.13333333333333333,0.6666666666666666,0.1802277743601123,0.38505694359002807,FULL_ANCHOR,1.0,OK,False,0.0,True,1,"[""eye"", ""nerve"", ""retina""]",114,11370
ATP9B,True,0.13333333333333333,0.6666666666666666,0.1785377611136796,0.38463444027841986,FULL_ANCHOR,1.0,OK,False,0.0,True,1,"[""eye"", ""nerve"", ""retina""]",114,11370
BSPH1,True,0.1,0.6666666666666666,0.2170325284741984,0.38425813211854953,FULL_ANCHOR,1.0,OK,False,0.0,True,1,"[""eye"", ""nerve"", ""retina""]",114,11370
RNF44,True,0.13333333333333333,0.6666666666666666,0.17699557128294496,0.3842488928207362,FULL_ANCHOR,1.0,OK,False,0.0,True,1,"[""eye"", ""nerve"", ""retina""]",114,11370
ZNF682,True,0.13333333333333333,0.6666666666666666,0.17565412662609883,0.3839135316565247,FULL_ANCHOR,1.0,OK,False,0.0,True,1,"[""eye"", ""nerve"", ""retina""]",114,11370
FHOD3,True,0.13333333333333333,0.6666666666666666,0.17543233045974266,0.38385808261493565,FULL_ANCHOR,1.0,OK,False,0.0,True,1,"[""eye"", ""nerve"", ""retina""]",114,11370
POTEH,True,0.13333333333333333,0.6,0.29214808686796545,0.3830370217169914,FULL_ANCHOR,1.0,OK,False,0.0,False,0,"[""eye"", ""nerve"", ""retina""]",114,11370
SVEP1,True,0.13333333333333333,0.64,0.2201292101403749,0.38303230253509374,FULL_ANCHOR,1.0,OK,False,0.0,False,0,"[""eye"", ""nerve"", ""retina""]",114,11370
FRY,True,0.13333333333333333,0.6666666666666666,0.17099002770425695,0.3827475069260642,FULL_ANCHOR,1.0,OK,False,0.0,True,1,"[""eye"", ""nerve"", ""retina""]",114,11370
TRIM61,True,0.13333333333333333,0.6666666666666666,0.16771509496928588,0.3819287737423214,FULL_ANCHOR,1.0,OK,False,0.0,True,1,"[""eye"", ""nerve"", ""retina""]",114,11370
ST18,True,0.13333333333333333,0.6666666666666666,0.16509729392216546,0.38127432348054136,FULL_ANCHOR,1.0,OK,False,0.0,True,1,"[""eye"", ""nerve"", ""retina""]",114,11370
ZNF175,True,0.13333333333333333,0.6666666666666666,0.1642333279401323,0.381058331985033,FULL_ANCHOR,1.0,OK,False,0.0,True,1,"[""eye"", ""nerve"", ""retina""]",114,11370
ZNF737,True,0.13333333333333333,0.6666666666666666,0.1642333279401323,0.381058331985033,FULL_ANCHOR,1.0,OK,False,0.0,True,1,"[""eye"", ""nerve"", ""retina""]",114,11370
ZNF649,True,0.13333333333333333,0.6666666666666666,0.16337175721847733,0.3808429393046193,FULL_ANCHOR,1.0,OK,False,0.0,True,1,"[""eye"", ""nerve"", ""retina""]",114,11370
ITIH5,True,0.1,0.6666666666666666,0.19904545734524015,0.37976136433631,FULL_ANCHOR,1.0,OK,False,0.0,True,1,"[""eye"", ""nerve"", ""retina""]",114,11370
TEX29,True,0.13333333333333333,0.52,0.42279374558064575,0.37969843639516143,FULL_ANCHOR,1.0,OK,False,0.0,False,0,"[""eye"", ""nerve"", ""retina""]",114,11370
FAM181A,True,0.13333333333333333,0.48,0.4900609666051813,0.37851524165129535,FULL_ANCHOR,1.0,OK,False,0.0,False,0,"[""eye"", ""nerve"", ""retina""]",114,11370
SLC9C2,True,0.13333333333333333,0.52,0.41404007117148084,0.37751001779287024,FULL_ANCHOR,1.0,OK,False,0.0,False,0,"[""eye"", ""nerve"", ""retina""]",114,11370
MALRD1,True,0.13333333333333333,0.56,0.34113834677932364,0.37728458669483095,FULL_ANCHOR,1.0,OK,False,0.0,False,0,"[""eye"", ""nerve"", ""retina""]",114,11370
C1orf162,True,0.1,0.6666666666666666,0.18649919626620393,0.37662479906655094,FULL_ANCHOR,1.0,OK,False,0.0,True,1,"[""eye"", ""nerve"", ""retina""]",114,11370
PGCKA1,True,0.13333333333333333,0.6000000000000001,0.26647446188533275,0.37661861547133324,FULL_ANCHOR,1.0,OK,False,0.0,False,0,"[""eye"", ""nerve"", ""retina""]",114,11370
SLC35D4,True,0.13333333333333333,0.4,0.6232433157819336,0.37581082894548345,FULL_ANCHOR,1.0,OK,False,0.0,False,0,"[""eye"", ""nerve"", ""retina""]",114,11370
CFAP299,True,0.13333333333333333,0.48,0.4732971980470172,0.3743242995117543,FULL_ANCHOR,1.0,OK,False,0.0,False,0,"[""eye"", ""nerve"", ""retina""]",114,11370
ZNF329,True,0.1,0.6666666666666666,0.17401691305223838,0.37350422826305957,FULL_ANCHOR,1.0,OK,False,0.0,True,1,"[""eye"", ""nerve"", ""retina""]",114,11370
ANKRD30A,True,0.13333333333333333,0.56,0.3254684834101034,0.3733671208525259,FULL_ANCHOR,1.0,OK,False,0.0,False,0,"[""eye"", ""nerve"", ""retina""]",114,11370
ZNF26,True,0.13333333333333333,0.6000000000000001,0.2523464016559228,0.3730866004139808,FULL_ANCHOR,1.0,OK,False,0.0,False,0,"[""eye"", ""nerve"", ""retina""]",114,11370
PCDHGC4,True,0.1,0.6666666666666666,0.16509729392216546,0.37127432348054135,FULL_ANCHOR,1.0,OK,False,0.0,True,1,"[""eye"", ""nerve"", ""retina""]",114,11370
ANKRD7,True,0.13333333333333333,0.52,0.3881491614154722,0.37103729035386807,FULL_ANCHOR,1.0,OK,False,0.0,False,0,"[""eye"", ""nerve"", ""retina""]",114,11370
ZNF93,True,0.13333333333333333,0.6000000000000001,0.24247394218551405,0.37061848554637855,FULL_ANCHOR,1.0,OK,False,0.0,False,0,"[""eye"", ""nerve"", ""retina""]",114,11370
GALNT17,True,0.13333333333333333,0.52,0.3852887447958867,0.3703221861989717,FULL_ANCHOR,1.0,OK,False,0.0,False,0,"[""eye"", ""nerve"", ""retina""]",114,11370
CCDC141,True,0.13333333333333333,0.52,0.37902858944746576,0.3687571473618665,FULL_ANCHOR,1.0,OK,False,0.0,False,0,"[""eye"", ""nerve"", ""retina""]",114,11370
NLRP11,True,0.13333333333333333,0.6000000000000001,0.22972086863239036,0.36743021715809765,FULL_ANCHOR,1.0,OK,False,0.0,False,0,"[""eye"", ""nerve"", ""retina""]",114,11370
CCSER1,True,0.13333333333333333,0.6000000000000001,0.2229984327302152,0.36574960818255386,FULL_ANCHOR,1.0,OK,False,0.0,False,0,"[""eye"", ""nerve"", ""retina""]",114,11370
OR4K13,True,0.13333333333333333,0.6,0.221586873342062,0.3653967183355155,FULL_ANCHOR,1.0,OK,False,0.0,False,0,"[""eye"", ""nerve"", ""retina""]",114,11370
PROZ,True,0.13333333333333333,0.56,0.29313416780343515,0.3652835419508588,FULL_ANCHOR,1.0,OK,False,0.0,False,0,"[""eye"", ""nerve"", ""retina""]",114,11370
ZNF850,True,0.13333333333333333,0.56,0.2914445109689061,0.36486112774222657,FULL_ANCHOR,1.0,OK,False,0.0,False,0,"[""eye"", ""nerve"", ""retina""]",114,11370
IGSF10,True,0.13333333333333333,0.52,0.35489304373594244,0.36272326093398566,FULL_ANCHOR,1.0,OK,False,0.0,False,0,"[""eye"", ""nerve"", ""retina""]",114,11370
CNTNAP3,True,0.13333333333333333,0.52,0.35378181612042836,0.3624454540301071,FULL_ANCHOR,1.0,OK,False,0.0,False,0,"[""eye"", ""nerve"", ""retina""]",114,11370
CARD18,True,0.13333333333333333,0.56,0.2800600055621447,0.3620150013905362,FULL_ANCHOR,1.0,OK,False,0.0,False,0,"[""eye"", ""nerve"", ""retina""]",114,11370
GBP7,True,0.13333333333333333,0.6000000000000001,0.2079287419875855,0.3619821854968964,FULL_ANCHOR,1.0,OK,False,0.0,False,0,"[""eye"", ""nerve"", ""retina""]",114,11370
CHODL,True,0.13333333333333333,0.52,0.35160260562037926,0.36190065140509486,FULL_ANCHOR,1.0,OK,False,0.0,False,0,"[""eye"", ""nerve"", ""retina""]",114,11370
GOLGA8F,True,0.13333333333333333,0.43999999999999995,0.4934723676502818,0.36136809191257047,FULL_ANCHOR,1.0,OK,False,0.0,False,0,"[""eye"", ""nerve"", ""retina""]",114,11370
OR4N2,True,0.13333333333333333,0.5599999999999999,0.27659158566650155,0.36114789641662537,FULL_ANCHOR,1.0,OK,False,0.0,False,0,"[""eye"", ""nerve"", ""retina""]",114,11370
ENTREP2,True,0.13333333333333333,0.52,0.3467215207146489,0.3606803801786622,FULL_ANCHOR,1.0,OK,False,0.0,False,0,"[""eye"", ""nerve"", ""retina""]",114,11370
CCDC172,True,0.13333333333333333,0.52,0.3372816940096617,0.35832042350241544,FULL_ANCHOR,1.0,OK,False,0.0,False,0,"[""eye"", ""nerve"", ""retina""]",114,11370
IPCEF1,True,0.13333333333333333,0.56,0.25706073667769136,0.3562651841694229,FULL_ANCHOR,1.0,OK,False,0.0,False,0,"[""eye"", ""nerve"", ""retina""]",114,11370
AKAIN1,True,0.13333333333333333,0.56,0.2535794569148716,0.3553948642287179,FULL_ANCHOR,1.0,OK,False,0.0,False,0,"[""eye"", ""nerve"", ""retina""]",114,11370
AGR3,True,0.13333333333333333,0.52,0.3201226274695464,0.3540306568673866,FULL_ANCHOR,1.0,OK,False,0.0,False,0,"[""eye"", ""nerve"", ""retina""]",114,11370
KRTAP7-1,True,0.13333333333333333,0.36,0.604615313921635,0.35315382848040877,FULL_ANCHOR,1.0,OK,False,0.0,False,0,"[""eye"", ""nerve"", ""retina""]",114,11370
PCDHA4,True,0.13333333333333333,0.36,0.6035787887637937,0.35289469719094846,FULL_ANCHOR,1.0,OK,False,0.0,False,0,"[""eye"", ""nerve"", ""retina""]",114,11370
MYO16,True,0.13333333333333333,0.56,0.2409267518537896,0.35223168796344745,FULL_ANCHOR,1.0,OK,False,0.0,False,0,"[""eye"", ""nerve"", ""retina""]",114,11370
SLC38A8,True,0.13333333333333333,0.56,0.23662467727626676,0.35115616931906674,FULL_ANCHOR,1.0,OK,False,0.0,False,0,"[""eye"", ""nerve"", ""retina""]",114,11370
SAXO5,True,0.13333333333333333,0.56,0.2363220551310764,0.35108051378276917,FULL_ANCHOR,1.0,OK,False,0.0,False,0,"[""eye"", ""nerve"", ""retina""]",114,11370
CCDC102B,True,0.13333333333333333,0.52,0.3051671568719255,0.35029178921798143,FULL_ANCHOR,1.0,OK,False,0.0,False,0,"[""eye"", ""nerve"", ""retina""]",114,11370
STPG3,True,0.32,0.4,0.2969006831281016,0.3502251707820254,FULL_ANCHOR,1.0,OK,False,0.0,False,0,"[""eye"", ""nerve"", ""retina""]",114,11370
TAFA1,True,0.13333333333333333,0.4,0.5196568866877145,0.34991422167192865,FULL_ANCHOR,1.0,OK,False,0.0,False,0,"[""eye"", ""nerve"", ""retina""]",114,11370
GSG1L2,True,0.13333333333333333,0.56,0.22943855675475974,0.34935963918868995,FULL_ANCHOR,1.0,OK,False,0.0,False,0,"[""eye"", ""nerve"", ""retina""]",114,11370
KCNK12,True,0.13333333333333333,0.48,0.3720275052431231,0.34900687631078076,FULL_ANCHOR,1.0,OK,False,0.0,False,0,"[""eye"", ""nerve"", ""retina""]",114,11370
SCML4,True,0.13333333333333333,0.56,0.22306410941461496,0.3477660273536538,FULL_ANCHOR,1.0,OK,False,0.0,False,0,"[""eye"", ""nerve"", ""retina""]",114,11370
ATP8B4,True,0.13333333333333333,0.56,0.2219364824031852,0.34748412060079636,FULL_ANCHOR,1.0,OK,False,0.0,False,0,"[""eye"", ""nerve"", ""retina""]",114,11370
NBPF10,True,0.13333333333333333,0.43999999999999995,0.4368531291457092,0.3472132822864273,FULL_ANCHOR,1.0,OK,False,0.0,False,0,"[""eye"", ""nerve"", ""retina""]",114,11370
TIFAB,True,0.13333333333333333,0.52,0.28690185621066777,0.34572546405266696,FULL_ANCHOR,1.0,OK,False,0.0,False,0,"[""eye"", ""nerve"", ""retina""]",114,11370
ZNF430,True,0.13333333333333333,0.52,0.2853596828692221,0.34533992071730557,FULL_ANCHOR,1.0,OK,False,0.0,False,0,"[""eye"", ""nerve"", ""retina""]",114,11370
FAM81A,True,0.13333333333333333,0.52,0.27963076430442735,0.34390769107610686,FULL_ANCHOR,1.0,OK,False,0.0,False,0,"[""eye"", ""nerve"", ""retina""]",114,11370
UMODL1,True,0.13333333333333333,0.43999999999999995,0.4235616808624777,0.34389042021561944,FULL_ANCHOR,1.0,OK,False,0.0,False,0,"[""eye"", ""nerve"", ""retina""]",114,11370
GALNTL6,True,0.13333333333333333,0.43999999999999995,0.4127506232208359,0.34118765580520893,FULL_ANCHOR,1.0,OK,False,0.0,False,0,"[""eye"", ""nerve"", ""retina""]",114,11370
ABCA10,True,0.13333333333333333,0.43999999999999995,0.40505742051959703,0.3392643551298993,FULL_ANCHOR,1.0,OK,False,0.0,False,0,"[""eye"", ""nerve"", ""retina""]",114,11370
MYADML2,True,0.13333333333333333,0.52,0.2500882408737129,0.33652206021842823,FULL_ANCHOR,1.0,OK,False,0.0,False,0,"[""eye"", ""nerve"", ""retina""]",114,11370
C3orf22,True,0.13333333333333333,0.4,0.4650700160206408,0.33626750400516026,FULL_ANCHOR,1.0,OK,False,0.0,False,0,"[""eye"", ""nerve"", ""retina""]",114,11370
MB21D2,True,0.13333333333333333,0.43999999999999995,0.3926052242898844,0.3361513060724711,FULL_ANCHOR,1.0,OK,False,0.0,False,0,"[""eye"", ""nerve"", ""retina""]",114,11370
OR4D5,True,0.13333333333333333,0.5599999999999999,0.17627581698234535,0.3360689542455863,FULL_ANCHOR,1.0,OK,False,0.0,False,0,"[""eye"", ""nerve"", ""retina""]",114,11370
SLC22A25,True,0.13333333333333333,0.48,0.3188048181115929,0.3357012045278982,FULL_ANCHOR,1.0,OK,False,0.0,False,0,"[""eye"", ""nerve"", ""retina""]",114,11370
CES5A,True,0.13333333333333333,0.52,0.2455372791271319,0.335384319781783,FULL_ANCHOR,1.0,OK,False,0.0,False,0,"[""eye"", ""nerve"", ""retina""]",114,11370
NALF1,True,0.13333333333333333,0.48,0.31421605953982057,0.3345540148849552,FULL_ANCHOR,1.0,OK,False,0.0,False,0,"[""eye"", ""nerve"", ""retina""]",114,11370
TEKT5,True,0.13333333333333333,0.52,0.24052092529323427,0.3341302313233086,FULL_ANCHOR,1.0,OK,False,0.0,False,0,"[""eye"", ""nerve"", ""retina""]",114,11370
MSLNL,True,0.13333333333333333,0.43999999999999995,0.3841524110437729,0.3340381027609432,FULL_ANCHOR,1.0,OK,False,0.0,False,0,"[""eye"", ""nerve"", ""retina""]",114,11370
FAM25A,True,0.13333333333333333,0.43999999999999995,0.37761621541431445,0.33240405385357863,FULL_ANCHOR,1.0,OK,False,0.0,False,0,"[""eye"", ""nerve"", ""retina""]",114,11370
FOXB1,True,0.32,0.4,0.22540440748192125,0.33235110187048034,FULL_ANCHOR,1.0,OK,False,0.0,False,0,"[""eye"", ""nerve"", ""retina""]",114,11370
SYT14,True,0.13333333333333333,0.52,0.23221206582743315,0.3320530164568583,FULL_ANCHOR,1.0,OK,False,0.0,False,0,"[""eye"", ""nerve"", ""retina""]",114,11370
PKHD1L1,True,0.13333333333333333,0.43999999999999995,0.3630046849376236,0.3287511712344059,FULL_ANCHOR,1.0,OK,False,0.0,False,0,"[""eye"", ""nerve"", ""retina""]",114,11370
SPATA31F1,True,0.13333333333333333,0.43999999999999995,0.35991242291508135,0.32797810572877034,FULL_ANCHOR,1.0,OK,False,0.0,False,0,"[""eye"", ""nerve"", ""retina""]",114,11370
TMC5,True,0.13333333333333333,0.48,0.28759652327533375,0.32789913081883343,FULL_ANCHOR,1.0,OK,False,0.0,False,0,"[""eye"", ""nerve"", ""retina""]",114,11370
TMEM52B,True,0.13333333333333333,0.52,0.21367082330435933,0.32741770582608987,FULL_ANCHOR,1.0,OK,False,0.0,False,0,"[""eye"", ""nerve"", ""retina""]",114,11370
PCDHGB6,True,0.32,0.28,0.42126199969528955,0.3273154999238224,FULL_ANCHOR,1.0,OK,False,0.0,False,0,"[""eye"", ""nerve"", ""retina""]",114,11370
KCNJ18,True,0.13333333333333333,0.43999999999999995,0.35570098296780894,0.32692524574195225,FULL_ANCHOR,1.0,OK,False,0.0,False,0,"[""eye"", ""nerve"", ""retina""]",114,11370
NKX6-3,True,0.13333333333333333,0.43999999999999995,0.3545979362383551,0.32664948405958877,FULL_ANCHOR,1.0,OK,False,0.0,False,0,"[""eye"", ""nerve"", ""retina""]",114,11370
PLPPR5,True,0.13333333333333333,0.52,0.21041025546969963,0.3266025638674249,FULL_ANCHOR,1.0,OK,False,0.0,False,0,"[""eye"", ""nerve"", ""retina""]",114,11370
SLC45A4,True,0.13333333333333333,0.52,0.21033634442134824,0.32658408610533707,FULL_ANCHOR,1.0,OK,False,0.0,False,0,"[""eye"", ""nerve"", ""retina""]",114,11370
OXER1,True,0.13333333333333333,0.52,0.20633071448596288,0.32558267862149076,FULL_ANCHOR,1.0,OK,False,0.0,False,0,"[""eye"", ""nerve"", ""retina""]",114,11370
BRME1,True,0.13333333333333333,0.43999999999999995,0.3476759040496986,0.32491897601242464,FULL_ANCHOR,1.0,OK,False,0.0,False,0,"[""eye"", ""nerve"", ""retina""]",114,11370
ZSCAN10,True,0.13333333333333333,0.52,0.2014412578667727,0.3243603144666932,FULL_ANCHOR,1.0,OK,False,0.0,False,0,"[""eye"", ""nerve"", ""retina""]",114,11370
FSTL4,True,0.13333333333333333,0.52,0.19953916244206082,0.3238847906105152,FULL_ANCHOR,1.0,OK,False,0.0,False,0,"[""eye"", ""nerve"", ""retina""]",114,11370
MSANTD1,True,0.13333333333333333,0.48,0.2700214183325523,0.32350535458313806,FULL_ANCHOR,1.0,OK,False,0.0,False,0,"[""eye"", ""nerve"", ""retina""]",114,11370
CIMIP4,True,0.13333333333333333,0.43999999999999995,0.3375041406823097,0.32237603517057745,FULL_ANCHOR,1.0,OK,False,0.0,False,0,"[""eye"", ""nerve"", ""retina""]",114,11370
SPATA32,True,0.13333333333333333,0.48,0.260930883197313,0.32123272079932824,FULL_ANCHOR,1.0,OK,False,0.0,False,0,"[""eye"", ""nerve"", ""retina""]",114,11370
CCDC171,True,0.13333333333333333,0.43999999999999995,0.325029212026572,0.319257303006643,FULL_ANCHOR,1.0,OK,False,0.0,False,0,"[""eye"", ""nerve"", ""retina""]",114,11370
TMEM132C,True,0.13333333333333333,0.4,0.39442741913640944,0.3186068547841024,FULL_ANCHOR,1.0,OK,False,0.0,False,0,"[""eye"", ""nerve"", ""retina""]",114,11370
RFLNA,True,0.13333333333333333,0.48,0.24578870066985176,0.31744717516746296,FULL_ANCHOR,1.0,OK,False,0.0,False,0,"[""eye"", ""nerve"", ""retina""]",114,11370
KLK7,True,0.13333333333333333,0.43999999999999995,0.31553044285765836,0.3168826107144146,FULL_ANCHOR,1.0,OK,False,0.0,False,0,"[""eye"", ""nerve"", ""retina""]",114,11370
SERPINA11,True,0.32,0.36,0.23320596771933552,0.31630149192983387,FULL_ANCHOR,1.0,OK,False,0.0,False,0,"[""eye"", ""nerve"", ""retina""]",114,11370
KRTAP13-4,True,0.1,0.43999999999999995,0.35188663722667346,0.3159716593066684,FULL_ANCHOR,1.0,OK,False,0.0,False,0,"[""eye"", ""nerve"", ""retina""]",114,11370
NBPF3,True,0.13333333333333333,0.4,0.38095344315858376,0.31523836078964595,FULL_ANCHOR,1.0,OK,False,0.0,False,0,"[""eye"", ""nerve"", ""retina""]",114,11370
NPIPB8,True,0.1,0.32,0.5620253229472428,0.3145063307368107,FULL_ANCHOR,1.0,OK,False,0.0,False,0,"[""eye"", ""nerve"", ""retina""]",114,11370
DCBLD1,True,0.13333333333333333,0.48,0.22663343917548026,0.3126583597938701,FULL_ANCHOR,1.0,OK,False,0.0,False,0,"[""eye"", ""nerve"", ""retina""]",114,11370
ZSCAN5A,True,0.13333333333333333,0.48,0.21893402433100845,0.31073350608275213,FULL_ANCHOR,1.0,OK,False,0.0,False,0,"[""eye"", ""nerve"", ""retina""]",114,11370
DPRX,True,0.13333333333333333,0.36,0.4341072268656008,0.3105268067164002,FULL_ANCHOR,1.0,OK,False,0.0,False,0,"[""eye"", ""nerve"", ""retina""]",114,11370
ZBED4,True,0.13333333333333333,0.43999999999999995,0.289986976597045,0.3104967441492612,FULL_ANCHOR,1.0,OK,False,0.0,False,0,"[""eye"", ""nerve"", ""retina""]",114,11370
TOX2,True,0.13333333333333333,0.48,0.2141167212142608,0.3095291803035652,FULL_ANCHOR,1.0,OK,False,0.0,False,0,"[""eye"", ""nerve"", ""retina""]",114,11370
ZNF526,True,0.13333333333333333,0.48,0.21390099110469535,0.30947524777617386,FULL_ANCHOR,1.0,OK,False,0.0,False,0,"[""eye"", ""nerve"", ""retina""]",114,11370
LRRC69,True,0.13333333333333333,0.43999999999999995,0.2824688056644484,0.3086172014161121,FULL_ANCHOR,1.0,OK,False,0.0,False,0,"[""eye"", ""nerve"", ""retina""]",114,11370
POU5F1B,True,0.13333333333333333,0.48,0.20930782155915864,0.30832695538978966,FULL_ANCHOR,1.0,OK,False,0.0,False,0,"[""eye"", ""nerve"", ""retina""]",114,11370
ANKRD30B,True,0.13333333333333333,0.48,0.20893015817976515,0.3082325395449413,FULL_ANCHOR,1.0,OK,False,0.0,False,0,"[""eye"", ""nerve"", ""retina""]",114,11370
EPB41L4B,True,0.13333333333333333,0.48,0.19913547233111506,0.3057838680827788,FULL_ANCHOR,1.0,OK,False,0.0,False,0,"[""eye"", ""nerve"", ""retina""]",114,11370
ODF4,True,0.13333333333333333,0.4,0.3429856826615788,0.3057464206653947,FULL_ANCHOR,1.0,OK,False,0.0,False,0,"[""eye"", ""nerve"", ""retina""]",114,11370
C6orf58,True,0.13333333333333333,0.4,0.3418500134840483,0.3054625033710121,FULL_ANCHOR,1.0,OK,False,0.0,False,0,"[""eye"", ""nerve"", ""retina""]",114,11370
ALPK2,True,0.13333333333333333,0.48,0.1968934063062409,0.3052233515765602,FULL_ANCHOR,1.0,OK,False,0.0,False,0,"[""eye"", ""nerve"", ""retina""]",114,11370
ZFP64,True,0.13333333333333333,0.43999999999999995,0.26736302998556893,0.3048407574963922,FULL_ANCHOR,1.0,OK,False,0.0,False,0,"[""eye"", ""nerve"", ""retina""]",114,11370
MROH2B,True,0.13333333333333333,0.36,0.41104380794836526,0.3047609519870913,FULL_ANCHOR,1.0,OK,False,0.0,False,0,"[""eye"", ""nerve"", ""retina""]",114,11370
IQCJ,True,0.13333333333333333,0.43999999999999995,0.2585953940278232,0.3026488485069558,FULL_ANCHOR,1.0,OK,False,0.0,False,0,"[""eye"", ""nerve"", ""retina""]",114,11370
SERPINB7,True,0.13333333333333333,0.4,0.3273210015091952,0.3018302503772988,FULL_ANCHOR,1.0,OK,False,0.0,False,0,"[""eye"", ""nerve"", ""retina""]",114,11370
TMIGD3,True,0.13333333333333333,0.43999999999999995,0.24957461231191297,0.3003936530779782,FULL_ANCHOR,1.0,OK,False,0.0,False,0,"[""eye"", ""nerve"", ""retina""]",114,11370
GLB1L3,True,0.13333333333333333,0.43999999999999995,0.24949795240230338,0.3003744881005758,FULL_ANCHOR,1.0,OK,False,0.0,False,0,"[""eye"", ""nerve"", ""retina""]",114,11370
C12orf56,True,0.1,0.4,0.3595213697830544,0.2998803424457636,FULL_ANCHOR,1.0,OK,False,0.0,False,0,"[""eye"", ""nerve"", ""retina""]",114,11370
SCGB2B2,True,0.13333333333333333,0.43999999999999995,0.24626386392879007,0.29956596598219754,FULL_ANCHOR,1.0,OK,False,0.0,False,0,"[""eye"", ""nerve"", ""retina""]",114,11370
SHOC1,True,0.13333333333333333,0.4,0.3178943778285788,0.2994735944571447,FULL_ANCHOR,1.0,OK,False,0.0,False,0,"[""eye"", ""nerve"", ""retina""]",114,11370
PPP1R36,True,0.13333333333333333,0.44,0.2452632742378439,0.299315818559461,FULL_ANCHOR,1.0,OK,False,0.0,False,0,"[""eye"", ""nerve"", ""retina""]",114,11370
RAB37,True,0.13333333333333333,0.48,0.17316997741934648,0.2992924943548366,FULL_ANCHOR,1.0,OK,False,0.0,False,0,"[""eye"", ""nerve"", ""retina""]",114,11370
PCDHA11,True,0.13333333333333333,0.32,0.46115568112183186,0.299288920280458,FULL_ANCHOR,1.0,OK,False,0.0,False,0,"[""eye"", ""nerve"", ""retina""]",114,11370
PCDHA9,True,0.13333333333333333,0.28,0.525891692983073,0.2974729232457683,FULL_ANCHOR,1.0,OK,False,0.0,False,0,"[""eye"", ""nerve"", ""retina""]",114,11370
PCDHB3,True,0.13333333333333333,0.32,0.4494108388613196,0.2963527097153299,FULL_ANCHOR,1.0,OK,False,0.0,False,0,"[""eye"", ""nerve"", ""retina""]",114,11370
MINAR2,True,0.13333333333333333,0.43999999999999995,0.22998287024246128,0.2954957175606153,FULL_ANCHOR,1.0,OK,False,0.0,False,0,"[""eye"", ""nerve"", ""retina""]",114,11370
ZNF556,True,0.13333333333333333,0.36,0.37384316790168814,0.2954607919754221,FULL_ANCHOR,1.0,OK,False,0.0,False,0,"[""eye"", ""nerve"", ""retina""]",114,11370
MAP3K7CL,True,0.1,0.4,0.33781298952965333,0.29445324738241335,FULL_ANCHOR,1.0,OK,False,0.0,False,0,"[""eye"", ""nerve"", ""retina""]",114,11370
LCN8,True,0.13333333333333333,0.36,0.3677557999740516,0.2939389499935129,FULL_ANCHOR,1.0,OK,False,0.0,False,0,"[""eye"", ""nerve"", ""retina""]",114,11370
TMEM132D,True,0.13333333333333333,0.4,0.29456794281987,0.2936419857049675,FULL_ANCHOR,1.0,OK,False,0.0,False,0,"[""eye"", ""nerve"", ""retina""]",114,11370
MYMK,True,0.13333333333333333,0.4,0.2926946408888017,0.2931736602222005,FULL_ANCHOR,1.0,OK,False,0.0,False,0,"[""eye"", ""nerve"", ""retina""]",114,11370
KRTAP9-1,True,0.1,0.28,0.5424041933628208,0.2916010483407052,FULL_ANCHOR,1.0,OK,False,0.0,False,0,"[""eye"", ""nerve"", ""retina""]",114,11370
ZNF90,True,0.1,0.32,0.4697312185607211,0.2914328046401803,FULL_ANCHOR,1.0,OK,False,0.0,False,0,"[""eye"", ""nerve"", ""retina""]",114,11370
C12orf42,True,0.13333333333333333,0.4,0.2807183793476056,0.2901795948369014,FULL_ANCHOR,1.0,OK,False,0.0,False,0,"[""eye"", ""nerve"", ""retina""]",114,11370
CPNE4,True,0.13333333333333333,0.43999999999999995,0.2039201653842884,0.2889800413460721,FULL_ANCHOR,1.0,OK,False,0.0,False,0,"[""eye"", ""nerve"", ""retina""]",114,11370
ZBTB42,True,0.13333333333333333,0.4,0.27553774140558623,0.2888844353513966,FULL_ANCHOR,1.0,OK,False,0.0,False,0,"[""eye"", ""nerve"", ""retina""]",114,11370
PCDHA7,True,0.13333333333333333,0.24000000000000002,0.5578338522072516,0.2874584630518129,FULL_ANCHOR,1.0,OK,False,0.0,False,0,"[""eye"", ""nerve"", ""retina""]",114,11370
SLFN12,True,0.13333333333333333,0.43999999999999995,0.19763230992796973,0.28740807748199243,FULL_ANCHOR,1.0,OK,False,0.0,False,0,"[""eye"", ""nerve"", ""retina""]",114,11370
ZNF551,True,0.13333333333333333,0.4,0.26541051841362967,0.28635262960340746,FULL_ANCHOR,1.0,OK,False,0.0,False,0,"[""eye"", ""nerve"", ""retina""]",114,11370
SIT1,True,0.13333333333333333,0.43999999999999995,0.19224559421839593,0.286061398554599,FULL_ANCHOR,1.0,OK,False,0.0,False,0,"[""eye"", ""nerve"", ""retina""]",114,11370
ZNF443,True,0.13333333333333333,0.36,0.3361168114020292,0.2860292028505073,FULL_ANCHOR,1.0,OK,False,0.0,False,0,"[""eye"", ""nerve"", ""retina""]",114,11370
SPAG11B,True,0.13333333333333333,0.28,0.46765453791943845,0.2829136344798596,FULL_ANCHOR,1.0,OK,False,0.0,False,0,"[""eye"", ""nerve"", ""retina""]",114,11370
SAXO1,True,0.13333333333333333,0.28,0.464957239352484,0.28223930983812107,FULL_ANCHOR,1.0,OK,False,0.0,False,0,"[""eye"", ""nerve"", ""retina""]",114,11370
SPINT4,True,0.13333333333333333,0.36,0.31564832420385225,0.2809120810509631,FULL_ANCHOR,1.0,OK,False,0.0,False,0,"[""eye"", ""nerve"", ""retina""]",114,11370
MBD3L3,True,0.13333333333333333,0.28,0.4524970264661163,0.2791242566165291,FULL_ANCHOR,1.0,OK,False,0.0,False,0,"[""eye"", ""nerve"", ""retina""]",114,11370
ZNF578,True,0.13333333333333333,0.4,0.22973578672932388,0.277433946682331,FULL_ANCHOR,1.0,OK,False,0.0,False,0,"[""eye"", ""nerve"", ""retina""]",114,11370
KRTAP12-2,True,0.1,0.36,0.3331560963768031,0.27528902409420075,FULL_ANCHOR,1.0,OK,False,0.0,False,0,"[""eye"", ""nerve"", ""retina""]",114,11370
CCDC7,True,0.13333333333333333,0.32,0.36035599355559245,0.2740889983888981,FULL_ANCHOR,1.0,OK,False,0.0,False,0,"[""eye"", ""nerve"", ""retina""]",114,11370
IGFL1,True,0.13333333333333333,0.36,0.2877798110082964,0.2739449527520741,FULL_ANCHOR,1.0,OK,False,0.0,False,0,"[""eye"", ""nerve"", ""retina""]",114,11370
ADAMTS17,True,0.13333333333333333,0.4,0.20910168918497457,0.2722754222962437,FULL_ANCHOR,1.0,OK,False,0.0,False,0,"[""eye"", ""nerve"", ""retina""]",114,11370
GAB4,True,0.13333333333333333,0.36,0.2776261470619386,0.27140653676548465,FULL_ANCHOR,1.0,OK,False,0.0,False,0,"[""eye"", ""nerve"", ""retina""]",114,11370
CEMIP,True,0.13333333333333333,0.4,0.20505879614259584,0.271264699035649,FULL_ANCHOR,1.0,OK,False,0.0,False,0,"[""eye"", ""nerve"", ""retina""]",114,11370
MACC1,True,0.13333333333333333,0.4,0.2045843649040493,0.27114609122601235,FULL_ANCHOR,1.0,OK,False,0.0,False,0,"[""eye"", ""nerve"", ""retina""]",114,11370
PCDHGA12,True,0.13333333333333333,0.28,0.41421410064170383,0.26955352516042597,FULL_ANCHOR,1.0,OK,False,0.0,False,0,"[""eye"", ""nerve"", ""retina""]",114,11370
GPRC5D,True,0.13333333333333333,0.28,0.4112730706650359,0.268818267666259,FULL_ANCHOR,1.0,OK,False,0.0,False,0,"[""eye"", ""nerve"", ""retina""]",114,11370
C9orf153,True,0.13333333333333333,0.36,0.2628176058444045,0.26770440146110114,FULL_ANCHOR,1.0,OK,False,0.0,False,0,"[""eye"", ""nerve"", ""retina""]",114,11370
SLC22A24,True,0.13333333333333333,0.32,0.33047412673570953,0.2666185316839274,FULL_ANCHOR,1.0,OK,False,0.0,False,0,"[""eye"", ""nerve"", ""retina""]",114,11370
SPDYE2B,True,0.13333333333333333,0.4,0.18356496237864123,0.26589124059466035,FULL_ANCHOR,1.0,OK,False,0.0,False,0,"[""eye"", ""nerve"", ""retina""]",114,11370
TRIM75,True,0.13333333333333333,0.36,0.24903642951105295,0.26425910737776326,FULL_ANCHOR,1.0,OK,False,0.0,False,0,"[""eye"", ""nerve"", ""retina""]",114,11370
ATAD3C,True,0.13333333333333333,0.32,0.32051188774564665,0.2641279719364117,FULL_ANCHOR,1.0,OK,False,0.0,False,0,"[""eye"", ""nerve"", ""retina""]",114,11370
PCDHGA11,True,0.13333333333333333,0.32,0.3193826402351241,0.2638456600587811,FULL_ANCHOR,1.0,OK,False,0.0,False,0,"[""eye"", ""nerve"", ""retina""]",114,11370
TMEM202,True,0.13333333333333333,0.32,0.31561588474298274,0.2629039711857457,FULL_ANCHOR,1.0,OK,False,0.0,False,0,"[""eye"", ""nerve"", ""retina""]",114,11370
ANKDD1B,True,0.13333333333333333,0.32,0.31395418675957565,0.26248854668989396,FULL_ANCHOR,1.0,OK,False,0.0,False,0,"[""eye"", ""nerve"", ""retina""]",114,11370
ADAM32,True,0.13333333333333333,0.32,0.3093745498211441,0.26134363745528605,FULL_ANCHOR,1.0,OK,False,0.0,False,0,"[""eye"", ""nerve"", ""retina""]",114,11370
KRTAP4-1,True,0.1,0.32,0.3482739632506131,0.26106849081265326,FULL_ANCHOR,1.0,OK,False,0.0,False,0,"[""eye"", ""nerve"", ""retina""]",114,11370
ANXA10,True,0.13333333333333333,0.36,0.23273058576916045,0.2601826464422901,FULL_ANCHOR,1.0,OK,False,0.0,False,0,"[""eye"", ""nerve"", ""retina""]",114,11370
PCDHGB4,True,0.13333333333333333,0.28,0.37652075462776846,0.26013018865694215,FULL_ANCHOR,1.0,OK,False,0.0,False,0,"[""eye"", ""nerve"", ""retina""]",114,11370
ITPRID1,True,0.13333333333333333,0.36,0.23138141166290455,0.25984535291572614,FULL_ANCHOR,1.0,OK,False,0.0,False,0,"[""eye"", ""nerve"", ""retina""]",114,11370
XKR9,True,0.1,0.36,0.2646266023226595,0.2581566505806649,FULL_ANCHOR,1.0,OK,False,0.0,False,0,"[""eye"", ""nerve"", ""retina""]",114,11370
FOXD2,True,0.13333333333333333,0.36,0.22456761513518275,0.2581419037837957,FULL_ANCHOR,1.0,OK,False,0.0,False,0,"[""eye"", ""nerve"", ""retina""]",114,11370
CCDC192,True,0.1,0.4,0.1887748997567338,0.25719372493918347,FULL_ANCHOR,1.0,OK,False,0.0,False,0,"[""eye"", ""nerve"", ""retina""]",114,11370
BPIFB4,True,0.13333333333333333,0.32,0.28476689593279897,0.2551917239831998,FULL_ANCHOR,1.0,OK,False,0.0,False,0,"[""eye"", ""nerve"", ""retina""]",114,11370
GKN2,True,0.13333333333333333,0.32,0.2820464360210856,0.2545116090052714,FULL_ANCHOR,1.0,OK,False,0.0,False,0,"[""eye"", ""nerve"", ""retina""]",114,11370
POM121L1P,True,0.13333333333333333,0.36,0.20941241464001162,0.2543531036600029,FULL_ANCHOR,1.0,OK,False,0.0,False,0,"[""eye"", ""nerve"", ""retina""]",114,11370
MS4A5,True,0.1,0.32,0.3213134517278919,0.254328362931973,FULL_ANCHOR,1.0,OK,False,0.0,False,0,"[""eye"", ""nerve"", ""retina""]",114,11370
ZFP82,True,0.1,0.4,0.176948136741606,0.2542370341854015,FULL_ANCHOR,1.0,OK,False,0.0,False,0,"[""eye"", ""nerve"", ""retina""]",114,11370
LAIR2,True,0.13333333333333333,0.36,0.20615024682792704,0.2535375617069818,FULL_ANCHOR,1.0,OK,False,0.0,False,0,"[""eye"", ""nerve"", ""retina""]",114,11370
TEX55,True,0.13333333333333333,0.24000000000000002,0.4165792494130527,0.2521448123532632,FULL_ANCHOR,1.0,OK,False,0.0,False,0,"[""eye"", ""nerve"", ""retina""]",114,11370
SLC66A1LP,True,0.13333333333333333,0.36,0.20006737486195914,0.2520168437154898,FULL_ANCHOR,1.0,OK,False,0.0,False,0,"[""eye"", ""nerve"", ""retina""]",114,11370
CNBD1,True,0.13333333333333333,0.36,0.19570359819750066,0.25092589954937516,FULL_ANCHOR,1.0,OK,False,0.0,False,0,"[""eye"", ""nerve"", ""retina""]",114,11370
WFDC9,True,0.13333333333333333,0.32,0.2673902544433371,0.25084756361083427,FULL_ANCHOR,1.0,OK,False,0.0,False,0,"[""eye"", ""nerve"", ""retina""]",114,11370
C1orf141,True,0.13333333333333333,0.32,0.2667784283778968,0.2506946070944742,FULL_ANCHOR,1.0,OK,False,0.0,False,0,"[""eye"", ""nerve"", ""retina""]",114,11370
LIPK,True,0.13333333333333333,0.36,0.19250095472743908,0.25012523868185976,FULL_ANCHOR,1.0,OK,False,0.0,False,0,"[""eye"", ""nerve"", ""retina""]",114,11370
ZNF484,True,0.13333333333333333,0.32,0.26421442768666603,0.25005360692166656,FULL_ANCHOR,1.0,OK,False,0.0,False,0,"[""eye"", ""nerve"", ""retina""]",114,11370
CPA6,True,0.13333333333333333,0.36,0.18968926588972543,0.24942231647243138,FULL_ANCHOR,1.0,OK,False,0.0,False,0,"[""eye"", ""nerve"", ""retina""]",114,11370
WFDC12,True,0.13333333333333333,0.32,0.2592895280649043,0.24882238201622608,FULL_ANCHOR,1.0,OK,False,0.0,False,0,"[""eye"", ""nerve"", ""retina""]",114,11370
TMEM182,True,0.13333333333333333,0.32,0.2528087007854263,0.2472021751963566,FULL_ANCHOR,1.0,OK,False,0.0,False,0,"[""eye"", ""nerve"", ""retina""]",114,11370
PCDHB2,True,0.13333333333333333,0.28,0.3246856728294647,0.2471714182073662,FULL_ANCHOR,1.0,OK,False,0.0,False,0,"[""eye"", ""nerve"", ""retina""]",114,11370
CSMD2,True,0.13333333333333333,0.36,0.17979692023406058,0.24694923005851516,FULL_ANCHOR,1.0,OK,False,0.0,False,0,"[""eye"", ""nerve"", ""retina""]",114,11370
PCDHA10,True,0.13333333333333333,0.13333333333333333,0.587257749022177,0.24681443725554425,FULL_ANCHOR,1.0,OK,False,0.0,False,0,"[""eye"", ""nerve"", ""retina""]",114,11370
PCDHGC5,True,0.13333333333333333,0.32,0.2511409362352086,0.24678523405880218,FULL_ANCHOR,1.0,OK,False,0.0,False,0,"[""eye"", ""nerve"", ""retina""]",114,11370
FAM186A,True,0.1,0.36,0.21782769267537597,0.246456923168844,FULL_ANCHOR,1.0,OK,False,0.0,False,0,"[""eye"", ""nerve"", ""retina""]",114,11370
ZNF565,True,0.13333333333333333,0.36,0.1642333279401323,0.24305833198503307,FULL_ANCHOR,1.0,OK,False,0.0,False,0,"[""eye"", ""nerve"", ""retina""]",114,11370
KCNJ5-AS1,True,0.13333333333333333,0.32,0.23255968174388325,0.24213992043597082,FULL_ANCHOR,1.0,OK,False,0.0,False,0,"[""eye"", ""nerve"", ""retina""]",114,11370
ANKRD18A,True,0.1,0.36,0.1991177803644743,0.2417794450911186,FULL_ANCHOR,1.0,OK,False,0.0,False,0,"[""eye"", ""nerve"", ""retina""]",114,11370
DDTL,True,0.1,0.28,0.34068743773825616,0.24117185943456407,FULL_ANCHOR,1.0,OK,False,0.0,False,0,"[""eye"", ""nerve"", ""retina""]",114,11370
FAM218A,True,0.13333333333333333,0.24000000000000002,0.36990690268266246,0.24047672567066564,FULL_ANCHOR,1.0,OK,False,0.0,False,0,"[""eye"", ""nerve"", ""retina""]",114,11370
PCDHGA1,True,0.13333333333333333,0.28,0.2919244770566013,0.23898111926415036,FULL_ANCHOR,1.0,OK,False,0.0,False,0,"[""eye"", ""nerve"", ""retina""]",114,11370
ZNF98,True,0.1,0.36,0.18554114552205564,0.23838528638051393,FULL_ANCHOR,1.0,OK,False,0.0,False,0,"[""eye"", ""nerve"", ""retina""]",114,11370
AGBL1,True,0.13333333333333333,0.32,0.21688622018571937,0.23822155504642986,FULL_ANCHOR,1.0,OK,False,0.0,False,0,"[""eye"", ""nerve"", ""retina""]",114,11370
DEFB116,True,0.13333333333333333,0.32,0.2132560011264915,0.23731400028162292,FULL_ANCHOR,1.0,OK,False,0.0,False,0,"[""eye"", ""nerve"", ""retina""]",114,11370
SIAH3,True,0.13333333333333333,0.32,0.21302883275507306,0.23725720818876828,FULL_ANCHOR,1.0,OK,False,0.0,False,0,"[""eye"", ""nerve"", ""retina""]",114,11370
ZNF709,True,0.13333333333333333,0.32,0.20551922185564253,0.23537980546391066,FULL_ANCHOR,1.0,OK,False,0.0,False,0,"[""eye"", ""nerve"", ""retina""]",114,11370
GARIN1A,True,0.13333333333333333,0.32,0.2020443342436266,0.23451108356090666,FULL_ANCHOR,1.0,OK,False,0.0,False,0,"[""eye"", ""nerve"", ""retina""]",114,11370
ENTPD7,True,0.13333333333333333,0.32,0.19444602710623693,0.23261150677655926,FULL_ANCHOR,1.0,OK,False,0.0,False,0,"[""eye"", ""nerve"", ""retina""]",114,11370
DEFB136,True,0.13333333333333333,0.32,0.19389662519834328,0.23247415629958584,FULL_ANCHOR,1.0,OK,False,0.0,False,0,"[""eye"", ""nerve"", ""retina""]",114,11370
TMEM132B,True,0.1,0.32,0.2316972323268467,0.2319243080817117,FULL_ANCHOR,1.0,OK,False,0.0,False,0,"[""eye"", ""nerve"", ""retina""]",114,11370
DCANP1,True,0.13333333333333333,0.28,0.25960341314698987,0.2309008532867475,FULL_ANCHOR,1.0,OK,False,0.0,False,0,"[""eye"", ""nerve"", ""retina""]",114,11370
TRABD2B,True,0.13333333333333333,0.32,0.18708025357169222,0.23077006339292308,FULL_ANCHOR,1.0,OK,False,0.0,False,0,"[""eye"", ""nerve"", ""retina""]",114,11370
SLCO1B7,True,0.1,0.28,0.29404200174846684,0.22951050043711674,FULL_ANCHOR,1.0,OK,False,0.0,False,0,"[""eye"", ""nerve"", ""retina""]",114,11370
SDK1,True,0.13333333333333333,0.32,0.1815125613250351,0.2293781403312588,FULL_ANCHOR,1.0,OK,False,0.0,False,0,"[""eye"", ""nerve"", ""retina""]",114,11370
PCDHA13,True,0.1,0.24000000000000002,0.3625810286418216,0.22864525716045542,FULL_ANCHOR,1.0,OK,False,0.0,False,0,"[""eye"", ""nerve"", ""retina""]",114,11370
SHD,True,0.13333333333333333,0.32,0.17812481879346748,0.2285312046983669,FULL_ANCHOR,1.0,OK,False,0.0,False,0,"[""eye"", ""nerve"", ""retina""]",114,11370
VWA5B1,True,0.13333333333333333,0.28,0.2477095442797549,0.22792738606993876,FULL_ANCHOR,1.0,OK,False,0.0,False,0,"[""eye"", ""nerve"", ""retina""]",114,11370
ATP13A5,True,0.13333333333333333,0.32,0.1752861862330165,0.22782154655825415,FULL_ANCHOR,1.0,OK,False,0.0,False,0,"[""eye"", ""nerve"", ""retina""]",114,11370
PCDHGB1,True,0.13333333333333333,0.24000000000000002,0.31832241412353884,0.22758060353088472,FULL_ANCHOR,1.0,OK,False,0.0,False,0,"[""eye"", ""nerve"", ""retina""]",114,11370
NCKAP5,True,0.13333333333333333,0.32,0.17409935324915143,0.22752483831228787,FULL_ANCHOR,1.0,OK,False,0.0,False,0,"[""eye"", ""nerve"", ""retina""]",114,11370
SLC44A5,True,0.13333333333333333,0.28,0.24472706405998904,0.2271817660149973,FULL_ANCHOR,1.0,OK,False,0.0,False,0,"[""eye"", ""nerve"", ""retina""]",114,11370
FAM227A,True,0.1,0.32,0.2108465556442197,0.22671163891105495,FULL_ANCHOR,1.0,OK,False,0.0,False,0,"[""eye"", ""nerve"", ""retina""]",114,11370
IQCM,True,0.13333333333333333,0.32,0.1687246532660742,0.22618116331651858,FULL_ANCHOR,1.0,OK,False,0.0,False,0,"[""eye"", ""nerve"", ""retina""]",114,11370
CIMIP2A,True,0.13333333333333333,0.28,0.2402586545889372,0.22606466364723432,FULL_ANCHOR,1.0,OK,False,0.0,False,0,"[""eye"", ""nerve"", ""retina""]",114,11370
SPATA31A6,True,0.13333333333333333,0.28,0.2379569521434239,0.22548923803585602,FULL_ANCHOR,1.0,OK,False,0.0,False,0,"[""eye"", ""nerve"", ""retina""]",114,11370
C16orf95,True,0.1,0.32,0.2019696469570222,0.22449241173925555,FULL_ANCHOR,1.0,OK,False,0.0,False,0,"[""eye"", ""nerve"", ""retina""]",114,11370
KHDC1L,True,0.13333333333333333,0.24000000000000002,0.3056828776938515,0.2244207194234629,FULL_ANCHOR,1.0,OK,False,0.0,False,0,"[""eye"", ""nerve"", ""retina""]",114,11370
ARGFX,True,0.13333333333333333,0.28,0.23307550527644158,0.22426887631911044,FULL_ANCHOR,1.0,OK,False,0.0,False,0,"[""eye"", ""nerve"", ""retina""]",114,11370
SHISAL2A,True,0.1,0.32,0.19167968381069544,0.22191992095267388,FULL_ANCHOR,1.0,OK,False,0.0,False,0,"[""eye"", ""nerve"", ""retina""]",114,11370
TTC34,True,0.1,0.32,0.18485128128614653,0.22021282032153666,FULL_ANCHOR,1.0,OK,False,0.0,False,0,"[""eye"", ""nerve"", ""retina""]",114,11370
NPIPB15,True,0.1,0.32,0.18321658352282247,0.21980414588070563,FULL_ANCHOR,1.0,OK,False,0.0,False,0,"[""eye"", ""nerve"", ""retina""]",114,11370
FAM120A2P,True,0.1,0.32,0.17376571193922433,0.2174414279848061,FULL_ANCHOR,1.0,OK,False,0.0,False,0,"[""eye"", ""nerve"", ""retina""]",114,11370
KRTAP5-10,True,0.1,0.24000000000000002,0.31461444734155086,0.21665361183538773,FULL_ANCHOR,1.0,OK,False,0.0,False,0,"[""eye"", ""nerve"", ""retina""]",114,11370
ZNF257,True,0.13333333333333333,0.28,0.20012963146451224,0.2160324078661281,FULL_ANCHOR,1.0,OK,False,0.0,False,0,"[""eye"", ""nerve"", ""retina""]",114,11370
TRHDE,True,0.1,0.32,0.16509729392216546,0.21527432348054137,FULL_ANCHOR,1.0,OK,False,0.0,False,0,"[""eye"", ""nerve"", ""retina""]",114,11370
FYB2,True,0.13333333333333333,0.28,0.1953201786127879,0.214830044653197,FULL_ANCHOR,1.0,OK,False,0.0,False,0,"[""eye"", ""nerve"", ""retina""]",114,11370
CCDC28A-AS1,True,0.1,0.24000000000000002,0.29469626640061114,0.2116740666001528,FULL_ANCHOR,1.0,OK,False,0.0,False,0,"[""eye"", ""nerve"", ""retina""]",114,11370
PCDHGA7,True,0.13333333333333333,0.24000000000000002,0.2543053763298524,0.21157634408246312,FULL_ANCHOR,1.0,OK,False,0.0,False,0,"[""eye"", ""nerve"", ""retina""]",114,11370
TREML4,True,0.13333333333333333,0.28,0.17917744480112557,0.21079436120028144,FULL_ANCHOR,1.0,OK,False,0.0,False,0,"[""eye"", ""nerve"", ""retina""]",114,11370
PCDHGA4,True,0.1,0.24000000000000002,0.2903586156543914,0.21058965391359785,FULL_ANCHOR,1.0,OK,False,0.0,False,0,"[""eye"", ""nerve"", ""retina""]",114,11370
ADAM29,True,0.1,0.28,0.21144530036229262,0.20886132509057317,FULL_ANCHOR,1.0,OK,False,0.0,False,0,"[""eye"", ""nerve"", ""retina""]",114,11370
EMILIN3,True,0.13333333333333333,0.28,0.17080349527408156,0.20870087381852043,FULL_ANCHOR,1.0,OK,False,0.0,False,0,"[""eye"", ""nerve"", ""retina""]",114,11370
ZNF765,True,0.13333333333333333,0.28,0.16982823606044847,0.20845705901511216,FULL_ANCHOR,1.0,OK,False,0.0,False,0,"[""eye"", ""nerve"", ""retina""]",114,11370
ZNF20,True,0.13333333333333333,0.28,0.16337175721847733,0.20684293930461936,FULL_ANCHOR,1.0,OK,False,0.0,False,0,"[""eye"", ""nerve"", ""retina""]",114,11370
TMEM106A,True,0.13333333333333333,0.24000000000000002,0.23209808949879523,0.20602452237469882,FULL_ANCHOR,1.0,OK,False,0.0,False,0,"[""eye"", ""nerve"", ""retina""]",114,11370
PCDHAC1,True,0.1,0.28,0.1981425211508412,0.20553563028771032,FULL_ANCHOR,1.0,OK,False,0.0,False,0,"[""eye"", ""nerve"", ""retina""]",114,11370
PCDHGA3,True,0.1,0.24000000000000002,0.26569238829184244,0.20442309707296064,FULL_ANCHOR,1.0,OK,False,0.0,False,0,"[""eye"", ""nerve"", ""retina""]",114,11370
PCDHGB2,True,0.13333333333333333,0.24000000000000002,0.22415857057564847,0.20403964264391214,FULL_ANCHOR,1.0,OK,False,0.0,False,0,"[""eye"", ""nerve"", ""retina""]",114,11370
C19orf73,True,0.1,0.28,0.18343586387864225,0.20185896596966058,FULL_ANCHOR,1.0,OK,False,0.0,False,0,"[""eye"", ""nerve"", ""retina""]",114,11370
PTX4,True,0.1,0.28,0.1753055949081187,0.1998263987270297,FULL_ANCHOR,1.0,OK,False,0.0,False,0,"[""eye"", ""nerve"", ""retina""]",114,11370
PCDHGB3,True,0.1,0.24000000000000002,0.21373347020070077,0.1914333675501752,FULL_ANCHOR,1.0,OK,False,0.0,False,0,"[""eye"", ""nerve"", ""retina""]",114,11370
PCDHA1,True,0.1,0.13333333333333333,0.3960439236081682,0.18901098090204205,FULL_ANCHOR,1.0,OK,False,0.0,False,0,"[""eye"", ""nerve"", ""retina""]",114,11370
KRTAP10-12,True,0.1,0.24000000000000002,0.17718691440560785,0.18229672860140197,FULL_ANCHOR,1.0,OK,False,0.0,False,0,"[""eye"", ""nerve"", ""retina""]",114,11370
SLFN14,True,0.1,0.24000000000000002,0.16337175721847733,0.17884293930461934,FULL_ANCHOR,1.0,OK,False,0.0,False,0,"[""eye"", ""nerve"", ""retina""]",114,11370
PCED1B,True,0.1,0.24000000000000002,0.16337175721847733,0.17884293930461934,FULL_ANCHOR,1.0,OK,False,0.0,False,0,"[""eye"", ""nerve"", ""retina""]",114,11370
PCDHGA6,True,0.13333333333333333,0.13333333333333333,0.3061224382331478,0.17653060955828695,FULL_ANCHOR,1.0,OK,False,0.0,False,0,"[""eye"", ""nerve"", ""retina""]",114,11370
PCDHA3,True,0.1,0.13333333333333333,0.2905696202473147,0.16264240506182867,FULL_ANCHOR,1.0,OK,False,0.0,False,0,"[""eye"", ""nerve"", ""retina""]",114,11370
PCDHGA2,True,0.1,0.13333333333333333,0.2817922873246168,0.1604480718311542,FULL_ANCHOR,1.0,OK,False,0.0,False,0,"[""eye"", ""nerve"", ""retina""]",114,11370
PCDHGB5,True,0.13333333333333333,0.13333333333333333,0.24018978244832073,0.16004744561208017,FULL_ANCHOR,1.0,OK,False,0.0,False,0,"[""eye"", ""nerve"", ""retina""]",114,11370
PCDHGA10,True,0.1,0.13333333333333333,0.23803394629186864,0.14950848657296717,FULL_ANCHOR,1.0,OK,False,0.0,False,0,"[""eye"", ""nerve"", ""retina""]",114,11370
PCDHGA9,True,0.1,0.13333333333333333,0.23229269469580283,0.1480731736739507,FULL_ANCHOR,1.0,OK,False,0.0,False,0,"[""eye"", ""nerve"", ""retina""]",114,11370
PCDHA12,True,0.1,0.13333333333333333,0.21739028334276295,0.14434757083569072,FULL_ANCHOR,1.0,OK,False,0.0,False,0,"[""eye"", ""nerve"", ""retina""]",114,11370
SLC35G5,True,0.13333333333333333,0.13333333333333333,0.17361797968338094,0.14340449492084523,FULL_ANCHOR,1.0,OK,False,0.0,False,0,"[""eye"", ""nerve"", ""retina""]",114,11370
SCART1,True,0.1,0.13333333333333333,0.20318373268615272,0.14079593317153818,FULL_ANCHOR,1.0,OK,False,0.0,False,0,"[""eye"", ""nerve"", ""retina""]",114,11370
PCDHA8,True,0.1,0.13333333333333333,0.1950658383131458,0.13876645957828646,FULL_ANCHOR,1.0,OK,False,0.0,False,0,"[""eye"", ""nerve"", ""retina""]",114,11370
C18orf63,True,0.1,0.13333333333333333,0.18650166718979713,0.13662541679744927,FULL_ANCHOR,1.0,OK,False,0.0,False,0,"[""eye"", ""nerve"", ""retina""]",114,11370
FOXD4L4,True,0.1,0.13333333333333333,0.18488479007245803,0.1362211975181145,FULL_ANCHOR,1.0,OK,False,0.0,False,0,"[""eye"", ""nerve"", ""retina""]",114,11370
PCDHGA5,True,0.1,0.13333333333333333,0.1843893163954782,0.13609732909886954,FULL_ANCHOR,1.0,OK,False,0.0,False,0,"[""eye"", ""nerve"", ""retina""]",114,11370
PCDHGA8,True,0.1,0.13333333333333333,0.17222038292186162,0.1330550957304654,FULL_ANCHOR,1.0,OK,False,0.0,False,0,"[""eye"", ""nerve"", ""retina""]",114,11370
PCDHA6,True,0.1,0.13333333333333333,0.16683234368824215,0.13170808592206054,FULL_ANCHOR,1.0,OK,False,0.0,False,0,"[""eye"", ""nerve"", ""retina""]",114,11370
PCDHA2,True,0.1,0.13333333333333333,0.16683234368824215,0.13170808592206054,FULL_ANCHOR,1.0,OK,False,0.0,False,0,"[""eye"", ""nerve"", ""retina""]",114,11370
PCDHA5,True,0.1,0.13333333333333333,0.1642333279401323,0.13105833198503308,FULL_ANCHOR,1.0,OK,False,0.0,False,0,"[""eye"", ""nerve"", ""retina""]",114,11370
ENSG00000306847,False,0.0,0.0,0.0,0.0,NOT_IN_STRING,0.0,NOT_IN_STRING,False,0.0,False,0,"[""eye"", ""nerve"", ""retina""]",114,11370
ENSG00000307823,False,0.0,0.0,0.0,0.0,NOT_IN_STRING,0.0,NOT_IN_STRING,False,0.0,False,0,"[""eye"", ""nerve"", ""retina""]",114,11370
ENSG00000307512,False,0.0,0.0,0.0,0.0,NOT_IN_STRING,0.0,NOT_IN_STRING,False,0.0,False,0,"[""eye"", ""nerve"", ""retina""]",114,11370
ENSG00000307852,False,0.0,0.0,0.0,0.0,NOT_IN_STRING,0.0,NOT_IN_STRING,False,0.0,False,0,"[""eye"", ""nerve"", ""retina""]",114,11370
ENSG00000307856,False,0.0,0.0,0.0,0.0,NOT_IN_STRING,0.0,NOT_IN_STRING,False,0.0,False,0,"[""eye"", ""nerve"", ""retina""]",114,11370
ENSG00000307876,False,0.0,0.0,0.0,0.0,NOT_IN_STRING,0.0,NOT_IN_STRING,False,0.0,False,0,"[""eye"", ""nerve"", ""retina""]",114,11370
ENSG00000307923,False,0.0,0.0,0.0,0.0,NOT_IN_STRING,0.0,NOT_IN_STRING,False,0.0,False,0,"[""eye"", ""nerve"", ""retina""]",114,11370
ENSG00000308134,False,0.0,0.0,0.0,0.0,NOT_IN_STRING,0.0,NOT_IN_STRING,False,0.0,False,0,"[""eye"", ""nerve"", ""retina""]",114,11370
ENSG00000307967,False,0.0,0.0,0.0,0.0,NOT_IN_STRING,0.0,NOT_IN_STRING,False,0.0,False,0,"[""eye"", ""nerve"", ""retina""]",114,11370
ENSG00000307970,False,0.0,0.0,0.0,0.0,NOT_IN_STRING,0.0,NOT_IN_STRING,False,0.0,False,0,"[""eye"", ""nerve"", ""retina""]",114,11370
ENSG00000306565,False,0.0,0.0,0.0,0.0,NOT_IN_STRING,0.0,NOT_IN_STRING,False,0.0,False,0,"[""eye"", ""nerve"", ""retina""]",114,11370
ENSG00000307477,False,0.0,0.0,0.0,0.0,NOT_IN_STRING,0.0,NOT_IN_STRING,False,0.0,False,0,"[""eye"", ""nerve"", ""retina""]",114,11370
ENSG00000307977,False,0.0,0.0,0.0,0.0,NOT_IN_STRING,0.0,NOT_IN_STRING,False,0.0,False,0,"[""eye"", ""nerve"", ""retina""]",114,11370
ENSG00000307457,False,0.0,0.0,0.0,0.0,NOT_IN_STRING,0.0,NOT_IN_STRING,False,0.0,False,0,"[""eye"", ""nerve"", ""retina""]",114,11370
ENSG00000307401,False,0.0,0.0,0.0,0.0,NOT_IN_STRING,0.0,NOT_IN_STRING,False,0.0,False,0,"[""eye"", ""nerve"", ""retina""]",114,11370
ENSG00000308018,False,0.0,0.0,0.0,0.0,NOT_IN_STRING,0.0,NOT_IN_STRING,False,0.0,False,0,"[""eye"", ""nerve"", ""retina""]",114,11370
ENSG00000307814,False,0.0,0.0,0.0,0.0,NOT_IN_STRING,0.0,NOT_IN_STRING,False,0.0,False,0,"[""eye"", ""nerve"", ""retina""]",114,11370
ENSG00000308146,False,0.0,0.0,0.0,0.0,NOT_IN_STRING,0.0,NOT_IN_STRING,False,0.0,False,0,"[""eye"", ""nerve"", ""retina""]",114,11370
ENSG00000306527,False,0.0,0.0,0.0,0.0,NOT_IN_STRING,0.0,NOT_IN_STRING,False,0.0,False,0,"[""eye"", ""nerve"", ""retina""]",114,11370
ENSG00000306529,False,0.0,0.0,0.0,0.0,NOT_IN_STRING,0.0,NOT_IN_STRING,False,0.0,False,0,"[""eye"", ""nerve"", ""retina""]",114,11370
ENSG00000306545,False,0.0,0.0,0.0,0.0,NOT_IN_STRING,0.0,NOT_IN_STRING,False,0.0,False,0,"[""eye"", ""nerve"", ""retina""]",114,11370
ENSG00000307533,False,0.0,0.0,0.0,0.0,NOT_IN_STRING,0.0,NOT_IN_STRING,False,0.0,False,0,"[""eye"", ""nerve"", ""retina""]",114,11370
ENSG00000307537,False,0.0,0.0,0.0,0.0,NOT_IN_STRING,0.0,NOT_IN_STRING,False,0.0,False,0,"[""eye"", ""nerve"", ""retina""]",114,11370
ENSG00000307543,False,0.0,0.0,0.0,0.0,NOT_IN_STRING,0.0,NOT_IN_STRING,False,0.0,False,0,"[""eye"", ""nerve"", ""retina""]",114,11370
ENSG00000307564,False,0.0,0.0,0.0,0.0,NOT_IN_STRING,0.0,NOT_IN_STRING,False,0.0,False,0,"[""eye"", ""nerve"", ""retina""]",114,11370
ENSG00000307571,False,0.0,0.0,0.0,0.0,NOT_IN_STRING,0.0,NOT_IN_STRING,False,0.0,False,0,"[""eye"", ""nerve"", ""retina""]",114,11370
ENSG00000307764,False,0.0,0.0,0.0,0.0,NOT_IN_STRING,0.0,NOT_IN_STRING,False,0.0,False,0,"[""eye"", ""nerve"", ""retina""]",114,11370
ENSG00000307613,False,0.0,0.0,0.0,0.0,NOT_IN_STRING,0.0,NOT_IN_STRING,False,0.0,False,0,"[""eye"", ""nerve"", ""retina""]",114,11370
ENSG00000307641,False,0.0,0.0,0.0,0.0,NOT_IN_STRING,0.0,NOT_IN_STRING,False,0.0,False,0,"[""eye"", ""nerve"", ""retina""]",114,11370
ENSG00000307699,False,0.0,0.0,0.0,0.0,NOT_IN_STRING,0.0,NOT_IN_STRING,False,0.0,False,0,"[""eye"", ""nerve"", ""retina""]",114,11370
ENSG00000306500,False,0.0,0.0,0.0,0.0,NOT_IN_STRING,0.0,NOT_IN_STRING,False,0.0,False,0,"[""eye"", ""nerve"", ""retina""]",114,11370
ENSG00000307709,False,0.0,0.0,0.0,0.0,NOT_IN_STRING,0.0,NOT_IN_STRING,False,0.0,False,0,"[""eye"", ""nerve"", ""retina""]",114,11370
ENSG00000307726,False,0.0,0.0,0.0,0.0,NOT_IN_STRING,0.0,NOT_IN_STRING,False,0.0,False,0,"[""eye"", ""nerve"", ""retina""]",114,11370
ENSG00000307739,False,0.0,0.0,0.0,0.0,NOT_IN_STRING,0.0,NOT_IN_STRING,False,0.0,False,0,"[""eye"", ""nerve"", ""retina""]",114,11370
ENSG00000307744,False,0.0,0.0,0.0,0.0,NOT_IN_STRING,0.0,NOT_IN_STRING,False,0.0,False,0,"[""eye"", ""nerve"", ""retina""]",114,11370
ENSG00000307758,False,0.0,0.0,0.0,0.0,NOT_IN_STRING,0.0,NOT_IN_STRING,False,0.0,False,0,"[""eye"", ""nerve"", ""retina""]",114,11370
ENSG00000307760,False,0.0,0.0,0.0,0.0,NOT_IN_STRING,0.0,NOT_IN_STRING,False,0.0,False,0,"[""eye"", ""nerve"", ""retina""]",114,11370
ENSG00000307599,False,0.0,0.0,0.0,0.0,NOT_IN_STRING,0.0,NOT_IN_STRING,False,0.0,False,0,"[""eye"", ""nerve"", ""retina""]",114,11370
ENSG00000306828,False,0.0,0.0,0.0,0.0,NOT_IN_STRING,0.0,NOT_IN_STRING,False,0.0,False,0,"[""eye"", ""nerve"", ""retina""]",114,11370
ENSG00000307272,False,0.0,0.0,0.0,0.0,NOT_IN_STRING,0.0,NOT_IN_STRING,False,0.0,False,0,"[""eye"", ""nerve"", ""retina""]",114,11370
ENSG00000307177,False,0.0,0.0,0.0,0.0,NOT_IN_STRING,0.0,NOT_IN_STRING,False,0.0,False,0,"[""eye"", ""nerve"", ""retina""]",114,11370
ENSG00000307167,False,0.0,0.0,0.0,0.0,NOT_IN_STRING,0.0,NOT_IN_STRING,False,0.0,False,0,"[""eye"", ""nerve"", ""retina""]",114,11370
ENSG00000306606,False,0.0,0.0,0.0,0.0,NOT_IN_STRING,0.0,NOT_IN_STRING,False,0.0,False,0,"[""eye"", ""nerve"", ""retina""]",114,11370
ENSG00000307038,False,0.0,0.0,0.0,0.0,NOT_IN_STRING,0.0,NOT_IN_STRING,False,0.0,False,0,"[""eye"", ""nerve"", ""retina""]",114,11370
ENSG00000307018,False,0.0,0.0,0.0,0.0,NOT_IN_STRING,0.0,NOT_IN_STRING,False,0.0,False,0,"[""eye"", ""nerve"", ""retina""]",114,11370
ENSG00000306970,False,0.0,0.0,0.0,0.0,NOT_IN_STRING,0.0,NOT_IN_STRING,False,0.0,False,0,"[""eye"", ""nerve"", ""retina""]",114,11370
ENSG00000308048,False,0.0,0.0,0.0,0.0,NOT_IN_STRING,0.0,NOT_IN_STRING,False,0.0,False,0,"[""eye"", ""nerve"", ""retina""]",114,11370
ENSG00000306791,False,0.0,0.0,0.0,0.0,NOT_IN_STRING,0.0,NOT_IN_STRING,False,0.0,False,0,"[""eye"", ""nerve"", ""retina""]",114,11370
ENSG00000306608,False,0.0,0.0,0.0,0.0,NOT_IN_STRING,0.0,NOT_IN_STRING,False,0.0,False,0,"[""eye"", ""nerve"", ""retina""]",114,11370
ENSG00000306855,False,0.0,0.0,0.0,0.0,NOT_IN_STRING,0.0,NOT_IN_STRING,False,0.0,False,0,"[""eye"", ""nerve"", ""retina""]",114,11370
ENSG00000306630,False,0.0,0.0,0.0,0.0,NOT_IN_STRING,0.0,NOT_IN_STRING,False,0.0,False,0,"[""eye"", ""nerve"", ""retina""]",114,11370
ENSG00000306967,False,0.0,0.0,0.0,0.0,NOT_IN_STRING,0.0,NOT_IN_STRING,False,0.0,False,0,"[""eye"", ""nerve"", ""retina""]",114,11370
ENSG00000306648,False,0.0,0.0,0.0,0.0,NOT_IN_STRING,0.0,NOT_IN_STRING,False,0.0,False,0,"[""eye"", ""nerve"", ""retina""]",114,11370
ENSG00000306949,False,0.0,0.0,0.0,0.0,NOT_IN_STRING,0.0,NOT_IN_STRING,False,0.0,False,0,"[""eye"", ""nerve"", ""retina""]",114,11370
ENSG00000306667,False,0.0,0.0,0.0,0.0,NOT_IN_STRING,0.0,NOT_IN_STRING,False,0.0,False,0,"[""eye"", ""nerve"", ""retina""]",114,11370
ENSG00000306936,False,0.0,0.0,0.0,0.0,NOT_IN_STRING,0.0,NOT_IN_STRING,False,0.0,False,0,"[""eye"", ""nerve"", ""retina""]",114,11370
ENSG00000306805,False,0.0,0.0,0.0,0.0,NOT_IN_STRING,0.0,NOT_IN_STRING,False,0.0,False,0,"[""eye"", ""nerve"", ""retina""]",114,11370
ENSG00000307385,False,0.0,0.0,0.0,0.0,NOT_IN_STRING,0.0,NOT_IN_STRING,False,0.0,False,0,"[""eye"", ""nerve"", ""retina""]",114,11370
ENSG00000307351,False,0.0,0.0,0.0,0.0,NOT_IN_STRING,0.0,NOT_IN_STRING,False,0.0,False,0,"[""eye"", ""nerve"", ""retina""]",114,11370
ENSG00000306834,False,0.0,0.0,0.0,0.0,NOT_IN_STRING,0.0,NOT_IN_STRING,False,0.0,False,0,"[""eye"", ""nerve"", ""retina""]",114,11370
ENSG00000307349,False,0.0,0.0,0.0,0.0,NOT_IN_STRING,0.0,NOT_IN_STRING,False,0.0,False,0,"[""eye"", ""nerve"", ""retina""]",114,11370
ENSG00000307343,False,0.0,0.0,0.0,0.0,NOT_IN_STRING,0.0,NOT_IN_STRING,False,0.0,False,0,"[""eye"", ""nerve"", ""retina""]",114,11370
ENSG00000308124,False,0.0,0.0,0.0,0.0,NOT_IN_STRING,0.0,NOT_IN_STRING,False,0.0,False,0,"[""eye"", ""nerve"", ""retina""]",114,11370
ENSG00000307331,False,0.0,0.0,0.0,0.0,NOT_IN_STRING,0.0,NOT_IN_STRING,False,0.0,False,0,"[""eye"", ""nerve"", ""retina""]",114,11370
ENSG00000307323,False,0.0,0.0,0.0,0.0,NOT_IN_STRING,0.0,NOT_IN_STRING,False,0.0,False,0,"[""eye"", ""nerve"", ""retina""]",114,11370
ENSG00000308081,False,0.0,0.0,0.0,0.0,NOT_IN_STRING,0.0,NOT_IN_STRING,False,0.0,False,0,"[""eye"", ""nerve"", ""retina""]",114,11370
ENSG00000307300,False,0.0,0.0,0.0,0.0,NOT_IN_STRING,0.0,NOT_IN_STRING,False,0.0,False,0,"[""eye"", ""nerve"", ""retina""]",114,11370
ENSG00000307317,False,0.0,0.0,0.0,0.0,NOT_IN_STRING,0.0,NOT_IN_STRING,False,0.0,False,0,"[""eye"", ""nerve"", ""retina""]",114,11370
ENSG00000308084,False,0.0,0.0,0.0,0.0,NOT_IN_STRING,0.0,NOT_IN_STRING,False,0.0,False,0,"[""eye"", ""nerve"", ""retina""]",114,11370
ENSG00000306598,False,0.0,0.0,0.0,0.0,NOT_IN_STRING,0.0,NOT_IN_STRING,False,0.0,False,0,"[""eye"", ""nerve"", ""retina""]",114,11370
ENSG00000308094,False,0.0,0.0,0.0,0.0,NOT_IN_STRING,0.0,NOT_IN_STRING,False,0.0,False,0,"[""eye"", ""nerve"", ""retina""]",114,11370
ENSG00000306848,False,0.0,0.0,0.0,0.0,NOT_IN_STRING,0.0,NOT_IN_STRING,False,0.0,False,0,"[""eye"", ""nerve"", ""retina""]",114,11370
ENSG00000306602,False,0.0,0.0,0.0,0.0,NOT_IN_STRING,0.0,NOT_IN_STRING,False,0.0,False,0,"[""eye"", ""nerve"", ""retina""]",114,11370
ENSG00000308099,False,0.0,0.0,0.0,0.0,NOT_IN_STRING,0.0,NOT_IN_STRING,False,0.0,False,0,"[""eye"", ""nerve"", ""retina""]",114,11370
ENSG00000308106,False,0.0,0.0,0.0,0.0,NOT_IN_STRING,0.0,NOT_IN_STRING,False,0.0,False,0,"[""eye"", ""nerve"", ""retina""]",114,11370
ENSG00000308116,False,0.0,0.0,0.0,0.0,NOT_IN_STRING,0.0,NOT_IN_STRING,False,0.0,False,0,"[""eye"", ""nerve"", ""retina""]",114,11370
ENSG00000307318,False,0.0,0.0,0.0,0.0,NOT_IN_STRING,0.0,NOT_IN_STRING,False,0.0,False,0,"[""eye"", ""nerve"", ""retina""]",114,11370
FKBP9P1,False,0.0,0.0,0.0,0.0,NOT_IN_STRING,0.0,NOT_IN_STRING,False,0.0,False,0,"[""eye"", ""nerve"", ""retina""]",114,11370
FLJ40194,False,0.0,0.0,0.0,0.0,NOT_IN_STRING,0.0,NOT_IN_STRING,False,0.0,False,0,"[""eye"", ""nerve"", ""retina""]",114,11370
FLJ43315,False,0.0,0.0,0.0,0.0,NOT_IN_STRING,0.0,NOT_IN_STRING,False,0.0,False,0,"[""eye"", ""nerve"", ""retina""]",114,11370
FLYWCH1P1,False,0.0,0.0,0.0,0.0,NOT_IN_STRING,0.0,NOT_IN_STRING,False,0.0,False,0,"[""eye"", ""nerve"", ""retina""]",114,11370
FOLH1B,False,0.0,0.0,0.0,0.0,NOT_IN_STRING,0.0,NOT_IN_STRING,False,0.0,False,0,"[""eye"", ""nerve"", ""retina""]",114,11370
FOXD2-AS1,False,0.0,0.0,0.0,0.0,NOT_IN_STRING,0.0,NOT_IN_STRING,False,0.0,False,0,"[""eye"", ""nerve"", ""retina""]",114,11370
FOXG1-AS1,False,0.0,0.0,0.0,0.0,NOT_IN_STRING,0.0,NOT_IN_STRING,False,0.0,False,0,"[""eye"", ""nerve"", ""retina""]",114,11370
FOXO6-AS1,False,0.0,0.0,0.0,0.0,NOT_IN_STRING,0.0,NOT_IN_STRING,False,0.0,False,0,"[""eye"", ""nerve"", ""retina""]",114,11370
FRG2EP,False,0.0,0.0,0.0,0.0,NOT_IN_STRING,0.0,NOT_IN_STRING,False,0.0,False,0,"[""eye"", ""nerve"", ""retina""]",114,11370
FRMD4A-AS2,False,0.0,0.0,0.0,0.0,NOT_IN_STRING,0.0,NOT_IN_STRING,False,0.0,False,0,"[""eye"", ""nerve"", ""retina""]",114,11370
FRMD6-AS2,False,0.0,0.0,0.0,0.0,NOT_IN_STRING,0.0,NOT_IN_STRING,False,0.0,False,0,"[""eye"", ""nerve"", ""retina""]",114,11370
GACAT2,False,0.0,0.0,0.0,0.0,NOT_IN_STRING,0.0,NOT_IN_STRING,False,0.0,False,0,"[""eye"", ""nerve"", ""retina""]",114,11370
GALNT13-AS1,False,0.0,0.0,0.0,0.0,NOT_IN_STRING,0.0,NOT_IN_STRING,False,0.0,False,0,"[""eye"", ""nerve"", ""retina""]",114,11370
GAPDHP30,False,0.0,0.0,0.0,0.0,NOT_IN_STRING,0.0,NOT_IN_STRING,False,0.0,False,0,"[""eye"", ""nerve"", ""retina""]",114,11370
ENSG00000306504,False,0.0,0.0,0.0,0.0,NOT_IN_STRING,0.0,NOT_IN_STRING,False,0.0,False,0,"[""eye"", ""nerve"", ""retina""]",114,11370
GAPLINC,False,0.0,0.0,0.0,0.0,NOT_IN_STRING,0.0,NOT_IN_STRING,False,0.0,False,0,"[""eye"", ""nerve"", ""retina""]",114,11370
GAS1RR,False,0.0,0.0,0.0,0.0,NOT_IN_STRING,0.0,NOT_IN_STRING,False,0.0,False,0,"[""eye"", ""nerve"", ""retina""]",114,11370
GCAWKR,False,0.0,0.0,0.0,0.0,NOT_IN_STRING,0.0,NOT_IN_STRING,False,0.0,False,0,"[""eye"", ""nerve"", ""retina""]",114,11370
GFOD3P,False,0.0,0.0,0.0,0.0,NOT_IN_STRING,0.0,NOT_IN_STRING,False,0.0,False,0,"[""eye"", ""nerve"", ""retina""]",114,11370
GIRGL,False,0.0,0.0,0.0,0.0,NOT_IN_STRING,0.0,NOT_IN_STRING,False,0.0,False,0,"[""eye"", ""nerve"", ""retina""]",114,11370
GOLGA2P11,False,0.0,0.0,0.0,0.0,NOT_IN_STRING,0.0,NOT_IN_STRING,False,0.0,False,0,"[""eye"", ""nerve"", ""retina""]",114,11370
GOLGA2P6,False,0.0,0.0,0.0,0.0,NOT_IN_STRING,0.0,NOT_IN_STRING,False,0.0,False,0,"[""eye"", ""nerve"", ""retina""]",114,11370
GOLGA6L25,False,0.0,0.0,0.0,0.0,NOT_IN_STRING,0.0,NOT_IN_STRING,False,0.0,False,0,"[""eye"", ""nerve"", ""retina""]",114,11370
GOLGA6L5P,False,0.0,0.0,0.0,0.0,NOT_IN_STRING,0.0,NOT_IN_STRING,False,0.0,False,0,"[""eye"", ""nerve"", ""retina""]",114,11370
GOLGA8CP,False,0.0,0.0,0.0,0.0,NOT_IN_STRING,0.0,NOT_IN_STRING,False,0.0,False,0,"[""eye"", ""nerve"", ""retina""]",114,11370
GOLM2P1,False,0.0,0.0,0.0,0.0,NOT_IN_STRING,0.0,NOT_IN_STRING,False,0.0,False,0,"[""eye"", ""nerve"", ""retina""]",114,11370
GOSR2-DT,False,0.0,0.0,0.0,0.0,NOT_IN_STRING,0.0,NOT_IN_STRING,False,0.0,False,0,"[""eye"", ""nerve"", ""retina""]",114,11370
GP6-AS1,False,0.0,0.0,0.0,0.0,NOT_IN_STRING,0.0,NOT_IN_STRING,False,0.0,False,0,"[""eye"", ""nerve"", ""retina""]",114,11370
GPAT4-AS1,False,0.0,0.0,0.0,0.0,NOT_IN_STRING,0.0,NOT_IN_STRING,False,0.0,False,0,"[""eye"", ""nerve"", ""retina""]",114,11370
GAPDHP68,False,0.0,0.0,0.0,0.0,NOT_IN_STRING,0.0,NOT_IN_STRING,False,0.0,False,0,"[""eye"", ""nerve"", ""retina""]",114,11370
ENTPD1-AS1,False,0.0,0.0,0.0,0.0,NOT_IN_STRING,0.0,NOT_IN_STRING,False,0.0,False,0,"[""eye"", ""nerve"", ""retina""]",114,11370
EP300-AS1,False,0.0,0.0,0.0,0.0,NOT_IN_STRING,0.0,NOT_IN_STRING,False,0.0,False,0,"[""eye"", ""nerve"", ""retina""]",114,11370
ERCC6L2-AS1,False,0.0,0.0,0.0,0.0,NOT_IN_STRING,0.0,NOT_IN_STRING,False,0.0,False,0,"[""eye"", ""nerve"", ""retina""]",114,11370
ERVH48-1,False,0.0,0.0,0.0,0.0,NOT_IN_STRING,0.0,NOT_IN_STRING,False,0.0,False,0,"[""eye"", ""nerve"", ""retina""]",114,11370
ESRRAP1,False,0.0,0.0,0.0,0.0,NOT_IN_STRING,0.0,NOT_IN_STRING,False,0.0,False,0,"[""eye"", ""nerve"", ""retina""]",114,11370
ETS2-AS1,False,0.0,0.0,0.0,0.0,NOT_IN_STRING,0.0,NOT_IN_STRING,False,0.0,False,0,"[""eye"", ""nerve"", ""retina""]",114,11370
FAM131B-AS2,False,0.0,0.0,0.0,0.0,NOT_IN_STRING,0.0,NOT_IN_STRING,False,0.0,False,0,"[""eye"", ""nerve"", ""retina""]",114,11370
FAM138E,False,0.0,0.0,0.0,0.0,NOT_IN_STRING,0.0,NOT_IN_STRING,False,0.0,False,0,"[""eye"", ""nerve"", ""retina""]",114,11370
FAM174A-DT,False,0.0,0.0,0.0,0.0,NOT_IN_STRING,0.0,NOT_IN_STRING,False,0.0,False,0,"[""eye"", ""nerve"", ""retina""]",114,11370
FAM181A-AS1,False,0.0,0.0,0.0,0.0,NOT_IN_STRING,0.0,NOT_IN_STRING,False,0.0,False,0,"[""eye"", ""nerve"", ""retina""]",114,11370
FAM230C,False,0.0,0.0,0.0,0.0,NOT_IN_STRING,0.0,NOT_IN_STRING,False,0.0,False,0,"[""eye"", ""nerve"", ""retina""]",114,11370
FAM230E,False,0.0,0.0,0.0,0.0,NOT_IN_STRING,0.0,NOT_IN_STRING,False,0.0,False,0,"[""eye"", ""nerve"", ""retina""]",114,11370
FAM230I,False,0.0,0.0,0.0,0.0,NOT_IN_STRING,0.0,NOT_IN_STRING,False,0.0,False,0,"[""eye"", ""nerve"", ""retina""]",114,11370
FAM238C,False,0.0,0.0,0.0,0.0,NOT_IN_STRING,0.0,NOT_IN_STRING,False,0.0,False,0,"[""eye"", ""nerve"", ""retina""]",114,11370
FHIP1A-DT,False,0.0,0.0,0.0,0.0,NOT_IN_STRING,0.0,NOT_IN_STRING,False,0.0,False,0,"[""eye"", ""nerve"", ""retina""]",114,11370
FAM83B,False,0.0,0.0,0.0,0.0,NOT_IN_STRING,0.0,NOT_IN_STRING,False,0.0,False,0,"[""eye"", ""nerve"", ""retina""]",114,11370
FAM86DP,False,0.0,0.0,0.0,0.0,NOT_IN_STRING,0.0,NOT_IN_STRING,False,0.0,False,0,"[""eye"", ""nerve"", ""retina""]",114,11370
FAM90A12,False,0.0,0.0,0.0,0.0,NOT_IN_STRING,0.0,NOT_IN_STRING,False,0.0,False,0,"[""eye"", ""nerve"", ""retina""]",114,11370
FAM90A27P,False,0.0,0.0,0.0,0.0,NOT_IN_STRING,0.0,NOT_IN_STRING,False,0.0,False,0,"[""eye"", ""nerve"", ""retina""]",114,11370
FAM90A28P,False,0.0,0.0,0.0,0.0,NOT_IN_STRING,0.0,NOT_IN_STRING,False,0.0,False,0,"[""eye"", ""nerve"", ""retina""]",114,11370
FAM99A,False,0.0,0.0,0.0,0.0,NOT_IN_STRING,0.0,NOT_IN_STRING,False,0.0,False,0,"[""eye"", ""nerve"", ""retina""]",114,11370
FBXO38-DT,False,0.0,0.0,0.0,0.0,NOT_IN_STRING,0.0,NOT_IN_STRING,False,0.0,False,0,"[""eye"", ""nerve"", ""retina""]",114,11370
FDX1P2,False,0.0,0.0,0.0,0.0,NOT_IN_STRING,0.0,NOT_IN_STRING,False,0.0,False,0,"[""eye"", ""nerve"", ""retina""]",114,11370
FEN1P1,False,0.0,0.0,0.0,0.0,NOT_IN_STRING,0.0,NOT_IN_STRING,False,0.0,False,0,"[""eye"", ""nerve"", ""retina""]",114,11370
FENDRR,False,0.0,0.0,0.0,0.0,NOT_IN_STRING,0.0,NOT_IN_STRING,False,0.0,False,0,"[""eye"", ""nerve"", ""retina""]",114,11370
FER1L6-AS2,False,0.0,0.0,0.0,0.0,NOT_IN_STRING,0.0,NOT_IN_STRING,False,0.0,False,0,"[""eye"", ""nerve"", ""retina""]",114,11370
FGF14-IT1,False,0.0,0.0,0.0,0.0,NOT_IN_STRING,0.0,NOT_IN_STRING,False,0.0,False,0,"[""eye"", ""nerve"", ""retina""]",114,11370
FGF7P2,False,0.0,0.0,0.0,0.0,NOT_IN_STRING,0.0,NOT_IN_STRING,False,0.0,False,0,"[""eye"", ""nerve"", ""retina""]",114,11370
FGF7P3,False,0.0,0.0,0.0,0.0,NOT_IN_STRING,0.0,NOT_IN_STRING,False,0.0,False,0,"[""eye"", ""nerve"", ""retina""]",114,11370
FGFR1OP2P1,False,0.0,0.0,0.0,0.0,NOT_IN_STRING,0.0,NOT_IN_STRING,False,0.0,False,0,"[""eye"", ""nerve"", ""retina""]",114,11370
FAM32DP,False,0.0,0.0,0.0,0.0,NOT_IN_STRING,0.0,NOT_IN_STRING,False,0.0,False,0,"[""eye"", ""nerve"", ""retina""]",114,11370
IGHA2,False,0.0,0.0,0.0,0.0,NOT_IN_STRING,0.0,NOT_IN_STRING,False,0.0,False,0,"[""eye"", ""nerve"", ""retina""]",114,11370
IGHG1,False,0.0,0.0,0.0,0.0,NOT_IN_STRING,0.0,NOT_IN_STRING,False,0.0,True,1,"[""eye"", ""nerve"", ""retina""]",114,11370
IGHG2,False,0.0,0.0,0.0,0.0,NOT_IN_STRING,0.0,NOT_IN_STRING,False,0.0,False,0,"[""eye"", ""nerve"", ""retina""]",114,11370
IGHV1-69D,False,0.0,0.0,0.0,0.0,NOT_IN_STRING,0.0,NOT_IN_STRING,False,0.0,False,0,"[""eye"", ""nerve"", ""retina""]",114,11370
IGHV2-70,False,0.0,0.0,0.0,0.0,NOT_IN_STRING,0.0,NOT_IN_STRING,False,0.0,False,0,"[""eye"", ""nerve"", ""retina""]",114,11370
IGHV3-20,False,0.0,0.0,0.0,0.0,NOT_IN_STRING,0.0,NOT_IN_STRING,False,0.0,False,0,"[""eye"", ""nerve"", ""retina""]",114,11370
IGHV3-29,False,0.0,0.0,0.0,0.0,NOT_IN_STRING,0.0,NOT_IN_STRING,False,0.0,False,0,"[""eye"", ""nerve"", ""retina""]",114,11370
IGHV3-30,False,0.0,0.0,0.0,0.0,NOT_IN_STRING,0.0,NOT_IN_STRING,False,0.0,False,0,"[""eye"", ""nerve"", ""retina""]",114,11370
IGHV3-41,False,0.0,0.0,0.0,0.0,NOT_IN_STRING,0.0,NOT_IN_STRING,False,0.0,False,0,"[""eye"", ""nerve"", ""retina""]",114,11370
IGHV3-6,False,0.0,0.0,0.0,0.0,NOT_IN_STRING,0.0,NOT_IN_STRING,False,0.0,False,0,"[""eye"", ""nerve"", ""retina""]",114,11370
IGHV3-64,False,0.0,0.0,0.0,0.0,NOT_IN_STRING,0.0,NOT_IN_STRING,False,0.0,False,0,"[""eye"", ""nerve"", ""retina""]",114,11370
IGHV3-65,False,0.0,0.0,0.0,0.0,NOT_IN_STRING,0.0,NOT_IN_STRING,False,0.0,False,0,"[""eye"", ""nerve"", ""retina""]",114,11370
IGHV3-71,False,0.0,0.0,0.0,0.0,NOT_IN_STRING,0.0,NOT_IN_STRING,False,0.0,False,0,"[""eye"", ""nerve"", ""retina""]",114,11370
IGHV3OR15-7,False,0.0,0.0,0.0,0.0,NOT_IN_STRING,0.0,NOT_IN_STRING,False,0.0,False,0,"[""eye"", ""nerve"", ""retina""]",114,11370
GPC5-AS2,False,0.0,0.0,0.0,0.0,NOT_IN_STRING,0.0,NOT_IN_STRING,False,0.0,False,0,"[""eye"", ""nerve"", ""retina""]",114,11370
IGHVII-30-21,False,0.0,0.0,0.0,0.0,NOT_IN_STRING,0.0,NOT_IN_STRING,False,0.0,False,0,"[""eye"", ""nerve"", ""retina""]",114,11370
IGHVII-40-1,False,0.0,0.0,0.0,0.0,NOT_IN_STRING,0.0,NOT_IN_STRING,False,0.0,False,0,"[""eye"", ""nerve"", ""retina""]",114,11370
IGKV1-22,False,0.0,0.0,0.0,0.0,NOT_IN_STRING,0.0,NOT_IN_STRING,False,0.0,False,0,"[""eye"", ""nerve"", ""retina""]",114,11370
IGKV1-5,False,0.0,0.0,0.0,0.0,NOT_IN_STRING,0.0,NOT_IN_STRING,False,0.0,False,0,"[""eye"", ""nerve"", ""retina""]",114,11370
IGKV2-23,False,0.0,0.0,0.0,0.0,NOT_IN_STRING,0.0,NOT_IN_STRING,False,0.0,False,0,"[""eye"", ""nerve"", ""retina""]",114,11370
IGLV1-40,False,0.0,0.0,0.0,0.0,NOT_IN_STRING,0.0,NOT_IN_STRING,False,0.0,False,0,"[""eye"", ""nerve"", ""retina""]",114,11370
IGLV1-41,False,0.0,0.0,0.0,0.0,NOT_IN_STRING,0.0,NOT_IN_STRING,False,0.0,False,0,"[""eye"", ""nerve"", ""retina""]",114,11370
IGLV2-33,False,0.0,0.0,0.0,0.0,NOT_IN_STRING,0.0,NOT_IN_STRING,False,0.0,False,0,"[""eye"", ""nerve"", ""retina""]",114,11370
IGLV2-34,False,0.0,0.0,0.0,0.0,NOT_IN_STRING,0.0,NOT_IN_STRING,False,0.0,False,0,"[""eye"", ""nerve"", ""retina""]",114,11370
IGLV3-1,False,0.0,0.0,0.0,0.0,NOT_IN_STRING,0.0,NOT_IN_STRING,False,0.0,False,0,"[""eye"", ""nerve"", ""retina""]",114,11370
IGLV3-29,False,0.0,0.0,0.0,0.0,NOT_IN_STRING,0.0,NOT_IN_STRING,False,0.0,False,0,"[""eye"", ""nerve"", ""retina""]",114,11370
IGLVI-63,False,0.0,0.0,0.0,0.0,NOT_IN_STRING,0.0,NOT_IN_STRING,False,0.0,False,0,"[""eye"", ""nerve"", ""retina""]",114,11370
IGLVIV-64,False,0.0,0.0,0.0,0.0,NOT_IN_STRING,0.0,NOT_IN_STRING,False,0.0,False,0,"[""eye"", ""nerve"", ""retina""]",114,11370
IGLVIVOR22-1,False,0.0,0.0,0.0,0.0,NOT_IN_STRING,0.0,NOT_IN_STRING,False,0.0,False,0,"[""eye"", ""nerve"", ""retina""]",114,11370
IGHV4-31,False,0.0,0.0,0.0,0.0,NOT_IN_STRING,0.0,NOT_IN_STRING,False,0.0,False,0,"[""eye"", ""nerve"", ""retina""]",114,11370
GPM6BP3,False,0.0,0.0,0.0,0.0,NOT_IN_STRING,0.0,NOT_IN_STRING,False,0.0,False,0,"[""eye"", ""nerve"", ""retina""]",114,11370
GRHL3-AS1,False,0.0,0.0,0.0,0.0,NOT_IN_STRING,0.0,NOT_IN_STRING,False,0.0,False,0,"[""eye"", ""nerve"", ""retina""]",114,11370
GRK3-AS1,False,0.0,0.0,0.0,0.0,NOT_IN_STRING,0.0,NOT_IN_STRING,False,0.0,False,0,"[""eye"", ""nerve"", ""retina""]",114,11370
GRK5-IT1,False,0.0,0.0,0.0,0.0,NOT_IN_STRING,0.0,NOT_IN_STRING,False,0.0,False,0,"[""eye"", ""nerve"", ""retina""]",114,11370
GRM7-AS1,False,0.0,0.0,0.0,0.0,NOT_IN_STRING,0.0,NOT_IN_STRING,False,0.0,False,0,"[""eye"", ""nerve"", ""retina""]",114,11370
GSTCD-AS1,False,0.0,0.0,0.0,0.0,NOT_IN_STRING,0.0,NOT_IN_STRING,False,0.0,False,0,"[""eye"", ""nerve"", ""retina""]",114,11370
GTF2I-AS1,False,0.0,0.0,0.0,0.0,NOT_IN_STRING,0.0,NOT_IN_STRING,False,0.0,False,0,"[""eye"", ""nerve"", ""retina""]",114,11370
GZMH-AS1,False,0.0,0.0,0.0,0.0,NOT_IN_STRING,0.0,NOT_IN_STRING,False,0.0,False,0,"[""eye"", ""nerve"", ""retina""]",114,11370
H1-9P,False,0.0,0.0,0.0,0.0,NOT_IN_STRING,0.0,NOT_IN_STRING,False,0.0,False,0,"[""eye"", ""nerve"", ""retina""]",114,11370
H2AZP1,False,0.0,0.0,0.0,0.0,NOT_IN_STRING,0.0,NOT_IN_STRING,False,0.0,False,0,"[""eye"", ""nerve"", ""retina""]",114,11370
H3P32,False,0.0,0.0,0.0,0.0,NOT_IN_STRING,0.0,NOT_IN_STRING,False,0.0,False,0,"[""eye"", ""nerve"", ""retina""]",114,11370
H3P37,False,0.0,0.0,0.0,0.0,NOT_IN_STRING,0.0,NOT_IN_STRING,False,0.0,False,0,"[""eye"", ""nerve"", ""retina""]",114,11370
HAUS6P3,False,0.0,0.0,0.0,0.0,NOT_IN_STRING,0.0,NOT_IN_STRING,False,0.0,False,0,"[""eye"", ""nerve"", ""retina""]",114,11370
HLA-DRB6,False,0.0,0.0,0.0,0.0,NOT_IN_STRING,0.0,NOT_IN_STRING,False,0.0,False,0,"[""eye"", ""nerve"", ""retina""]",114,11370
IGBP1C,False,0.0,0.0,0.0,0.0,NOT_IN_STRING,0.0,NOT_IN_STRING,False,0.0,False,0,"[""eye"", ""nerve"", ""retina""]",114,11370
HLA-J,False,0.0,0.0,0.0,0.0,NOT_IN_STRING,0.0,NOT_IN_STRING,False,0.0,False,0,"[""eye"", ""nerve"", ""retina""]",114,11370
HMGA1P6,False,0.0,0.0,0.0,0.0,NOT_IN_STRING,0.0,NOT_IN_STRING,False,0.0,False,0,"[""eye"", ""nerve"", ""retina""]",114,11370
ENSG00000298005,False,0.0,0.0,0.0,0.0,NOT_IN_STRING,0.0,NOT_IN_STRING,False,0.0,False,0,"[""eye"", ""nerve"", ""retina""]",114,11370
HMGN2P47,False,0.0,0.0,0.0,0.0,NOT_IN_STRING,0.0,NOT_IN_STRING,False,0.0,False,0,"[""eye"", ""nerve"", ""retina""]",114,11370
HMGN2P6,False,0.0,0.0,0.0,0.0,NOT_IN_STRING,0.0,NOT_IN_STRING,False,0.0,False,0,"[""eye"", ""nerve"", ""retina""]",114,11370
HNF1A-AS1,False,0.0,0.0,0.0,0.0,NOT_IN_STRING,0.0,NOT_IN_STRING,False,0.0,False,0,"[""eye"", ""nerve"", ""retina""]",114,11370
HNRNPA1P10,False,0.0,0.0,0.0,0.0,NOT_IN_STRING,0.0,NOT_IN_STRING,False,0.0,False,0,"[""eye"", ""nerve"", ""retina""]",114,11370
HOXD-AS2,False,0.0,0.0,0.0,0.0,NOT_IN_STRING,0.0,NOT_IN_STRING,False,0.0,False,0,"[""eye"", ""nerve"", ""retina""]",114,11370
HPYR1,False,0.0,0.0,0.0,0.0,NOT_IN_STRING,0.0,NOT_IN_STRING,False,0.0,False,0,"[""eye"", ""nerve"", ""retina""]",114,11370
HSPA8P8,False,0.0,0.0,0.0,0.0,NOT_IN_STRING,0.0,NOT_IN_STRING,False,0.0,False,0,"[""eye"", ""nerve"", ""retina""]",114,11370
HTR3E-AS1,False,0.0,0.0,0.0,0.0,NOT_IN_STRING,0.0,NOT_IN_STRING,False,0.0,False,0,"[""eye"", ""nerve"", ""retina""]",114,11370
HTRA1-AS1,False,0.0,0.0,0.0,0.0,NOT_IN_STRING,0.0,NOT_IN_STRING,False,0.0,False,0,"[""eye"", ""nerve"", ""retina""]",114,11370
ENSG00000297960,False,0.0,0.0,0.0,0.0,NOT_IN_STRING,0.0,NOT_IN_STRING,False,0.0,False,0,"[""eye"", ""nerve"", ""retina""]",114,11370
IDH2-DT,False,0.0,0.0,0.0,0.0,NOT_IN_STRING,0.0,NOT_IN_STRING,False,0.0,False,0,"[""eye"", ""nerve"", ""retina""]",114,11370
IDI1P3,False,0.0,0.0,0.0,0.0,NOT_IN_STRING,0.0,NOT_IN_STRING,False,0.0,False,0,"[""eye"", ""nerve"", ""retina""]",114,11370
HLA-F-AS1,False,0.0,0.0,0.0,0.0,NOT_IN_STRING,0.0,NOT_IN_STRING,False,0.0,False,0,"[""eye"", ""nerve"", ""retina""]",114,11370
ENSG00000308661,False,0.0,0.0,0.0,0.0,NOT_IN_STRING,0.0,NOT_IN_STRING,False,0.0,False,0,"[""eye"", ""nerve"", ""retina""]",114,11370
ENSG00000308667,False,0.0,0.0,0.0,0.0,NOT_IN_STRING,0.0,NOT_IN_STRING,False,0.0,False,0,"[""eye"", ""nerve"", ""retina""]",114,11370
ENSG00000308670,False,0.0,0.0,0.0,0.0,NOT_IN_STRING,0.0,NOT_IN_STRING,False,0.0,False,0,"[""eye"", ""nerve"", ""retina""]",114,11370
ENSG00000308674,False,0.0,0.0,0.0,0.0,NOT_IN_STRING,0.0,NOT_IN_STRING,False,0.0,False,0,"[""eye"", ""nerve"", ""retina""]",114,11370
ENSG00000308694,False,0.0,0.0,0.0,0.0,NOT_IN_STRING,0.0,NOT_IN_STRING,False,0.0,False,0,"[""eye"", ""nerve"", ""retina""]",114,11370
ENSG00000308706,False,0.0,0.0,0.0,0.0,NOT_IN_STRING,0.0,NOT_IN_STRING,False,0.0,False,0,"[""eye"", ""nerve"", ""retina""]",114,11370
ENSG00000308708,False,0.0,0.0,0.0,0.0,NOT_IN_STRING,0.0,NOT_IN_STRING,False,0.0,False,0,"[""eye"", ""nerve"", ""retina""]",114,11370
ENSG00000308736,False,0.0,0.0,0.0,0.0,NOT_IN_STRING,0.0,NOT_IN_STRING,False,0.0,False,0,"[""eye"", ""nerve"", ""retina""]",114,11370
ENSG00000308756,False,0.0,0.0,0.0,0.0,NOT_IN_STRING,0.0,NOT_IN_STRING,False,0.0,False,0,"[""eye"", ""nerve"", ""retina""]",114,11370
ENSG00000308759,False,0.0,0.0,0.0,0.0,NOT_IN_STRING,0.0,NOT_IN_STRING,False,0.0,False,0,"[""eye"", ""nerve"", ""retina""]",114,11370
ENSG00000308760,False,0.0,0.0,0.0,0.0,NOT_IN_STRING,0.0,NOT_IN_STRING,False,0.0,False,0,"[""eye"", ""nerve"", ""retina""]",114,11370
ENSG00000308794,False,0.0,0.0,0.0,0.0,NOT_IN_STRING,0.0,NOT_IN_STRING,False,0.0,False,0,"[""eye"", ""nerve"", ""retina""]",114,11370
ENSG00000308802,False,0.0,0.0,0.0,0.0,NOT_IN_STRING,0.0,NOT_IN_STRING,False,0.0,False,0,"[""eye"", ""nerve"", ""retina""]",114,11370
ENSG00000308819,False,0.0,0.0,0.0,0.0,NOT_IN_STRING,0.0,NOT_IN_STRING,False,0.0,False,0,"[""eye"", ""nerve"", ""retina""]",114,11370
ENSG00000310559,False,0.0,0.0,0.0,0.0,NOT_IN_STRING,0.0,NOT_IN_STRING,False,0.0,False,0,"[""eye"", ""nerve"", ""retina""]",114,11370
ENSG00000308834,False,0.0,0.0,0.0,0.0,NOT_IN_STRING,0.0,NOT_IN_STRING,False,0.0,False,0,"[""eye"", ""nerve"", ""retina""]",114,11370
ENSG00000308866,False,0.0,0.0,0.0,0.0,NOT_IN_STRING,0.0,NOT_IN_STRING,False,0.0,False,0,"[""eye"", ""nerve"", ""retina""]",114,11370
ENSG00000308873,False,0.0,0.0,0.0,0.0,NOT_IN_STRING,0.0,NOT_IN_STRING,False,0.0,False,0,"[""eye"", ""nerve"", ""retina""]",114,11370
ENSG00000308918,False,0.0,0.0,0.0,0.0,NOT_IN_STRING,0.0,NOT_IN_STRING,False,0.0,False,0,"[""eye"", ""nerve"", ""retina""]",114,11370
ENSG00000308929,False,0.0,0.0,0.0,0.0,NOT_IN_STRING,0.0,NOT_IN_STRING,False,0.0,False,0,"[""eye"", ""nerve"", ""retina""]",114,11370
ENSG00000308972,False,0.0,0.0,0.0,0.0,NOT_IN_STRING,0.0,NOT_IN_STRING,False,0.0,False,0,"[""eye"", ""nerve"", ""retina""]",114,11370
ENSG00000308986,False,0.0,0.0,0.0,0.0,NOT_IN_STRING,0.0,NOT_IN_STRING,False,0.0,False,0,"[""eye"", ""nerve"", ""retina""]",114,11370
ENSG00000309001,False,0.0,0.0,0.0,0.0,NOT_IN_STRING,0.0,NOT_IN_STRING,False,0.0,False,0,"[""eye"", ""nerve"", ""retina""]",114,11370
ENSG00000309021,False,0.0,0.0,0.0,0.0,NOT_IN_STRING,0.0,NOT_IN_STRING,False,0.0,False,0,"[""eye"", ""nerve"", ""retina""]",114,11370
ENSG00000309034,False,0.0,0.0,0.0,0.0,NOT_IN_STRING,0.0,NOT_IN_STRING,False,0.0,False,0,"[""eye"", ""nerve"", ""retina""]",114,11370
ENSG00000309086,False,0.0,0.0,0.0,0.0,NOT_IN_STRING,0.0,NOT_IN_STRING,False,0.0,False,0,"[""eye"", ""nerve"", ""retina""]",114,11370
ENSG00000309124,False,0.0,0.0,0.0,0.0,NOT_IN_STRING,0.0,NOT_IN_STRING,False,0.0,False,0,"[""eye"", ""nerve"", ""retina""]",114,11370
ENSG00000309148,False,0.0,0.0,0.0,0.0,NOT_IN_STRING,0.0,NOT_IN_STRING,False,0.0,False,0,"[""eye"", ""nerve"", ""retina""]",114,11370
ENSG00000309166,False,0.0,0.0,0.0,0.0,NOT_IN_STRING,0.0,NOT_IN_STRING,False,0.0,False,0,"[""eye"", ""nerve"", ""retina""]",114,11370
ENSG00000308832,False,0.0,0.0,0.0,0.0,NOT_IN_STRING,0.0,NOT_IN_STRING,False,0.0,False,0,"[""eye"", ""nerve"", ""retina""]",114,11370
ENSG00000308149,False,0.0,0.0,0.0,0.0,NOT_IN_STRING,0.0,NOT_IN_STRING,False,0.0,False,0,"[""eye"", ""nerve"", ""retina""]",114,11370
ENSG00000308165,False,0.0,0.0,0.0,0.0,NOT_IN_STRING,0.0,NOT_IN_STRING,False,0.0,False,0,"[""eye"", ""nerve"", ""retina""]",114,11370
ENSG00000308202,False,0.0,0.0,0.0,0.0,NOT_IN_STRING,0.0,NOT_IN_STRING,False,0.0,False,0,"[""eye"", ""nerve"", ""retina""]",114,11370
ENSG00000308209,False,0.0,0.0,0.0,0.0,NOT_IN_STRING,0.0,NOT_IN_STRING,False,0.0,False,0,"[""eye"", ""nerve"", ""retina""]",114,11370
ENSG00000308222,False,0.0,0.0,0.0,0.0,NOT_IN_STRING,0.0,NOT_IN_STRING,False,0.0,False,0,"[""eye"", ""nerve"", ""retina""]",114,11370
ENSG00000308224,False,0.0,0.0,0.0,0.0,NOT_IN_STRING,0.0,NOT_IN_STRING,False,0.0,False,0,"[""eye"", ""nerve"", ""retina""]",114,11370
ENSG00000308238,False,0.0,0.0,0.0,0.0,NOT_IN_STRING,0.0,NOT_IN_STRING,False,0.0,False,0,"[""eye"", ""nerve"", ""retina""]",114,11370
ENSG00000308243,False,0.0,0.0,0.0,0.0,NOT_IN_STRING,0.0,NOT_IN_STRING,False,0.0,False,0,"[""eye"", ""nerve"", ""retina""]",114,11370
ENSG00000308249,False,0.0,0.0,0.0,0.0,NOT_IN_STRING,0.0,NOT_IN_STRING,False,0.0,False,0,"[""eye"", ""nerve"", ""retina""]",114,11370
ENSG00000308254,False,0.0,0.0,0.0,0.0,NOT_IN_STRING,0.0,NOT_IN_STRING,False,0.0,False,0,"[""eye"", ""nerve"", ""retina""]",114,11370
ENSG00000308257,False,0.0,0.0,0.0,0.0,NOT_IN_STRING,0.0,NOT_IN_STRING,False,0.0,False,0,"[""eye"", ""nerve"", ""retina""]",114,11370
ENSG00000308262,False,0.0,0.0,0.0,0.0,NOT_IN_STRING,0.0,NOT_IN_STRING,False,0.0,False,0,"[""eye"", ""nerve"", ""retina""]",114,11370
ENSG00000308271,False,0.0,0.0,0.0,0.0,NOT_IN_STRING,0.0,NOT_IN_STRING,False,0.0,False,0,"[""eye"", ""nerve"", ""retina""]",114,11370
ENSG00000308303,False,0.0,0.0,0.0,0.0,NOT_IN_STRING,0.0,NOT_IN_STRING,False,0.0,False,0,"[""eye"", ""nerve"", ""retina""]",114,11370
ENSG00000308656,False,0.0,0.0,0.0,0.0,NOT_IN_STRING,0.0,NOT_IN_STRING,False,0.0,False,0,"[""eye"", ""nerve"", ""retina""]",114,11370
ENSG00000308369,False,0.0,0.0,0.0,0.0,NOT_IN_STRING,0.0,NOT_IN_STRING,False,0.0,False,0,"[""eye"", ""nerve"", ""retina""]",114,11370
ENSG00000308408,False,0.0,0.0,0.0,0.0,NOT_IN_STRING,0.0,NOT_IN_STRING,False,0.0,False,0,"[""eye"", ""nerve"", ""retina""]",114,11370
ENSG00000308428,False,0.0,0.0,0.0,0.0,NOT_IN_STRING,0.0,NOT_IN_STRING,False,0.0,False,0,"[""eye"", ""nerve"", ""retina""]",114,11370
ENSG00000308429,False,0.0,0.0,0.0,0.0,NOT_IN_STRING,0.0,NOT_IN_STRING,False,0.0,False,0,"[""eye"", ""nerve"", ""retina""]",114,11370
ENSG00000308440,False,0.0,0.0,0.0,0.0,NOT_IN_STRING,0.0,NOT_IN_STRING,False,0.0,False,0,"[""eye"", ""nerve"", ""retina""]",114,11370
ENSG00000308450,False,0.0,0.0,0.0,0.0,NOT_IN_STRING,0.0,NOT_IN_STRING,False,0.0,False,0,"[""eye"", ""nerve"", ""retina""]",114,11370
ENSG00000308455,False,0.0,0.0,0.0,0.0,NOT_IN_STRING,0.0,NOT_IN_STRING,False,0.0,False,0,"[""eye"", ""nerve"", ""retina""]",114,11370
ENSG00000308458,False,0.0,0.0,0.0,0.0,NOT_IN_STRING,0.0,NOT_IN_STRING,False,0.0,False,0,"[""eye"", ""nerve"", ""retina""]",114,11370
ENSG00000308489,False,0.0,0.0,0.0,0.0,NOT_IN_STRING,0.0,NOT_IN_STRING,False,0.0,False,0,"[""eye"", ""nerve"", ""retina""]",114,11370
ENSG00000308513,False,0.0,0.0,0.0,0.0,NOT_IN_STRING,0.0,NOT_IN_STRING,False,0.0,False,0,"[""eye"", ""nerve"", ""retina""]",114,11370
ENSG00000308531,False,0.0,0.0,0.0,0.0,NOT_IN_STRING,0.0,NOT_IN_STRING,False,0.0,False,0,"[""eye"", ""nerve"", ""retina""]",114,11370
ENSG00000308554,False,0.0,0.0,0.0,0.0,NOT_IN_STRING,0.0,NOT_IN_STRING,False,0.0,False,0,"[""eye"", ""nerve"", ""retina""]",114,11370
ENSG00000308572,False,0.0,0.0,0.0,0.0,NOT_IN_STRING,0.0,NOT_IN_STRING,False,0.0,False,0,"[""eye"", ""nerve"", ""retina""]",114,11370
ENSG00000308601,False,0.0,0.0,0.0,0.0,NOT_IN_STRING,0.0,NOT_IN_STRING,False,0.0,False,0,"[""eye"", ""nerve"", ""retina""]",114,11370
ENSG00000308608,False,0.0,0.0,0.0,0.0,NOT_IN_STRING,0.0,NOT_IN_STRING,False,0.0,False,0,"[""eye"", ""nerve"", ""retina""]",114,11370
ENSG00000308344,False,0.0,0.0,0.0,0.0,NOT_IN_STRING,0.0,NOT_IN_STRING,False,0.0,False,0,"[""eye"", ""nerve"", ""retina""]",114,11370
ENSG00000309911,False,0.0,0.0,0.0,0.0,NOT_IN_STRING,0.0,NOT_IN_STRING,False,0.0,False,0,"[""eye"", ""nerve"", ""retina""]",114,11370
ENSG00000309924,False,0.0,0.0,0.0,0.0,NOT_IN_STRING,0.0,NOT_IN_STRING,False,0.0,False,0,"[""eye"", ""nerve"", ""retina""]",114,11370
ENSG00000309926,False,0.0,0.0,0.0,0.0,NOT_IN_STRING,0.0,NOT_IN_STRING,False,0.0,False,0,"[""eye"", ""nerve"", ""retina""]",114,11370
ENSG00000309949,False,0.0,0.0,0.0,0.0,NOT_IN_STRING,0.0,NOT_IN_STRING,False,0.0,False,0,"[""eye"", ""nerve"", ""retina""]",114,11370
ENSG00000309994,False,0.0,0.0,0.0,0.0,NOT_IN_STRING,0.0,NOT_IN_STRING,False,0.0,False,0,"[""eye"", ""nerve"", ""retina""]",114,11370
ENSG00000310039,False,0.0,0.0,0.0,0.0,NOT_IN_STRING,0.0,NOT_IN_STRING,False,0.0,False,0,"[""eye"", ""nerve"", ""retina""]",114,11370
ENSG00000310043,False,0.0,0.0,0.0,0.0,NOT_IN_STRING,0.0,NOT_IN_STRING,False,0.0,False,0,"[""eye"", ""nerve"", ""retina""]",114,11370
ENSG00000310054,False,0.0,0.0,0.0,0.0,NOT_IN_STRING,0.0,NOT_IN_STRING,False,0.0,False,0,"[""eye"", ""nerve"", ""retina""]",114,11370
ENSG00000310097,False,0.0,0.0,0.0,0.0,NOT_IN_STRING,0.0,NOT_IN_STRING,False,0.0,False,0,"[""eye"", ""nerve"", ""retina""]",114,11370
ENSG00000310147,False,0.0,0.0,0.0,0.0,NOT_IN_STRING,0.0,NOT_IN_STRING,False,0.0,False,0,"[""eye"", ""nerve"", ""retina""]",114,11370
ENSG00000310153,False,0.0,0.0,0.0,0.0,NOT_IN_STRING,0.0,NOT_IN_STRING,False,0.0,False,0,"[""eye"", ""nerve"", ""retina""]",114,11370
ENSG00000310234,False,0.0,0.0,0.0,0.0,NOT_IN_STRING,0.0,NOT_IN_STRING,False,0.0,False,0,"[""eye"", ""nerve"", ""retina""]",114,11370
ENSG00000310293,False,0.0,0.0,0.0,0.0,NOT_IN_STRING,0.0,NOT_IN_STRING,False,0.0,False,0,"[""eye"", ""nerve"", ""retina""]",114,11370
ENSG00000310294,False,0.0,0.0,0.0,0.0,NOT_IN_STRING,0.0,NOT_IN_STRING,False,0.0,False,0,"[""eye"", ""nerve"", ""retina""]",114,11370
ENSG00000309201,False,0.0,0.0,0.0,0.0,NOT_IN_STRING,0.0,NOT_IN_STRING,False,0.0,False,0,"[""eye"", ""nerve"", ""retina""]",114,11370
ENSG00000310328,False,0.0,0.0,0.0,0.0,NOT_IN_STRING,0.0,NOT_IN_STRING,False,0.0,False,0,"[""eye"", ""nerve"", ""retina""]",114,11370
ENSG00000310333,False,0.0,0.0,0.0,0.0,NOT_IN_STRING,0.0,NOT_IN_STRING,False,0.0,False,0,"[""eye"", ""nerve"", ""retina""]",114,11370
ENSG00000310335,False,0.0,0.0,0.0,0.0,NOT_IN_STRING,0.0,NOT_IN_STRING,False,0.0,False,0,"[""eye"", ""nerve"", ""retina""]",114,11370
ENSG00000310343,False,0.0,0.0,0.0,0.0,NOT_IN_STRING,0.0,NOT_IN_STRING,False,0.0,False,0,"[""eye"", ""nerve"", ""retina""]",114,11370
ENSG00000310362,False,0.0,0.0,0.0,0.0,NOT_IN_STRING,0.0,NOT_IN_STRING,False,0.0,False,0,"[""eye"", ""nerve"", ""retina""]",114,11370
ENSG00000310416,False,0.0,0.0,0.0,0.0,NOT_IN_STRING,0.0,NOT_IN_STRING,False,0.0,False,0,"[""eye"", ""nerve"", ""retina""]",114,11370
ENSG00000310417,False,0.0,0.0,0.0,0.0,NOT_IN_STRING,0.0,NOT_IN_STRING,False,0.0,False,0,"[""eye"", ""nerve"", ""retina""]",114,11370
ENSG00000310434,False,0.0,0.0,0.0,0.0,NOT_IN_STRING,0.0,NOT_IN_STRING,False,0.0,False,0,"[""eye"", ""nerve"", ""retina""]",114,11370
ENSG00000310462,False,0.0,0.0,0.0,0.0,NOT_IN_STRING,0.0,NOT_IN_STRING,False,0.0,False,0,"[""eye"", ""nerve"", ""retina""]",114,11370
ENSG00000310478,False,0.0,0.0,0.0,0.0,NOT_IN_STRING,0.0,NOT_IN_STRING,False,0.0,False,0,"[""eye"", ""nerve"", ""retina""]",114,11370
ENSG00000310504,False,0.0,0.0,0.0,0.0,NOT_IN_STRING,0.0,NOT_IN_STRING,False,0.0,False,0,"[""eye"", ""nerve"", ""retina""]",114,11370
ENSG00000310511,False,0.0,0.0,0.0,0.0,NOT_IN_STRING,0.0,NOT_IN_STRING,False,0.0,False,0,"[""eye"", ""nerve"", ""retina""]",114,11370
ENSG00000310519,False,0.0,0.0,0.0,0.0,NOT_IN_STRING,0.0,NOT_IN_STRING,False,0.0,False,0,"[""eye"", ""nerve"", ""retina""]",114,11370
ENSG00000310523,False,0.0,0.0,0.0,0.0,NOT_IN_STRING,0.0,NOT_IN_STRING,False,0.0,False,0,"[""eye"", ""nerve"", ""retina""]",114,11370
ENSG00000310306,False,0.0,0.0,0.0,0.0,NOT_IN_STRING,0.0,NOT_IN_STRING,False,0.0,False,0,"[""eye"", ""nerve"", ""retina""]",114,11370
ENSG00000309203,False,0.0,0.0,0.0,0.0,NOT_IN_STRING,0.0,NOT_IN_STRING,False,0.0,False,0,"[""eye"", ""nerve"", ""retina""]",114,11370
ENSG00000309213,False,0.0,0.0,0.0,0.0,NOT_IN_STRING,0.0,NOT_IN_STRING,False,0.0,False,0,"[""eye"", ""nerve"", ""retina""]",114,11370
ENSG00000309226,False,0.0,0.0,0.0,0.0,NOT_IN_STRING,0.0,NOT_IN_STRING,False,0.0,False,0,"[""eye"", ""nerve"", ""retina""]",114,11370
ENSG00000309250,False,0.0,0.0,0.0,0.0,NOT_IN_STRING,0.0,NOT_IN_STRING,False,0.0,False,0,"[""eye"", ""nerve"", ""retina""]",114,11370
ENSG00000309260,False,0.0,0.0,0.0,0.0,NOT_IN_STRING,0.0,NOT_IN_STRING,False,0.0,False,0,"[""eye"", ""nerve"", ""retina""]",114,11370
ENSG00000309309,False,0.0,0.0,0.0,0.0,NOT_IN_STRING,0.0,NOT_IN_STRING,False,0.0,False,0,"[""eye"", ""nerve"", ""retina""]",114,11370
ENSG00000309320,False,0.0,0.0,0.0,0.0,NOT_IN_STRING,0.0,NOT_IN_STRING,False,0.0,False,0,"[""eye"", ""nerve"", ""retina""]",114,11370
ENSG00000309353,False,0.0,0.0,0.0,0.0,NOT_IN_STRING,0.0,NOT_IN_STRING,False,0.0,False,0,"[""eye"", ""nerve"", ""retina""]",114,11370
ENSG00000309385,False,0.0,0.0,0.0,0.0,NOT_IN_STRING,0.0,NOT_IN_STRING,False,0.0,False,0,"[""eye"", ""nerve"", ""retina""]",114,11370
ENSG00000309406,False,0.0,0.0,0.0,0.0,NOT_IN_STRING,0.0,NOT_IN_STRING,False,0.0,False,0,"[""eye"", ""nerve"", ""retina""]",114,11370
ENSG00000309439,False,0.0,0.0,0.0,0.0,NOT_IN_STRING,0.0,NOT_IN_STRING,False,0.0,False,0,"[""eye"", ""nerve"", ""retina""]",114,11370
ENSG00000309483,False,0.0,0.0,0.0,0.0,NOT_IN_STRING,0.0,NOT_IN_STRING,False,0.0,False,0,"[""eye"", ""nerve"", ""retina""]",114,11370
ENSG00000309500,False,0.0,0.0,0.0,0.0,NOT_IN_STRING,0.0,NOT_IN_STRING,False,0.0,False,0,"[""eye"", ""nerve"", ""retina""]",114,11370
ENSG00000309561,False,0.0,0.0,0.0,0.0,NOT_IN_STRING,0.0,NOT_IN_STRING,False,0.0,False,0,"[""eye"", ""nerve"", ""retina""]",114,11370
ENSG00000309906,False,0.0,0.0,0.0,0.0,NOT_IN_STRING,0.0,NOT_IN_STRING,False,0.0,False,0,"[""eye"", ""nerve"", ""retina""]",114,11370
ENSG00000309593,False,0.0,0.0,0.0,0.0,NOT_IN_STRING,0.0,NOT_IN_STRING,False,0.0,False,0,"[""eye"", ""nerve"", ""retina""]",114,11370
ENSG00000309603,False,0.0,0.0,0.0,0.0,NOT_IN_STRING,0.0,NOT_IN_STRING,False,0.0,False,0,"[""eye"", ""nerve"", ""retina""]",114,11370
ENSG00000309644,False,0.0,0.0,0.0,0.0,NOT_IN_STRING,0.0,NOT_IN_STRING,False,0.0,False,0,"[""eye"", ""nerve"", ""retina""]",114,11370
ENSG00000309656,False,0.0,0.0,0.0,0.0,NOT_IN_STRING,0.0,NOT_IN_STRING,False,0.0,False,0,"[""eye"", ""nerve"", ""retina""]",114,11370
ENSG00000309657,False,0.0,0.0,0.0,0.0,NOT_IN_STRING,0.0,NOT_IN_STRING,False,0.0,False,0,"[""eye"", ""nerve"", ""retina""]",114,11370
ENSG00000309732,False,0.0,0.0,0.0,0.0,NOT_IN_STRING,0.0,NOT_IN_STRING,False,0.0,False,0,"[""eye"", ""nerve"", ""retina""]",114,11370
ENSG00000309733,False,0.0,0.0,0.0,0.0,NOT_IN_STRING,0.0,NOT_IN_STRING,False,0.0,False,0,"[""eye"", ""nerve"", ""retina""]",114,11370
ENSG00000309801,False,0.0,0.0,0.0,0.0,NOT_IN_STRING,0.0,NOT_IN_STRING,False,0.0,False,0,"[""eye"", ""nerve"", ""retina""]",114,11370
ENSG00000309815,False,0.0,0.0,0.0,0.0,NOT_IN_STRING,0.0,NOT_IN_STRING,False,0.0,False,0,"[""eye"", ""nerve"", ""retina""]",114,11370
ENSG00000309832,False,0.0,0.0,0.0,0.0,NOT_IN_STRING,0.0,NOT_IN_STRING,False,0.0,False,0,"[""eye"", ""nerve"", ""retina""]",114,11370
ENSG00000309840,False,0.0,0.0,0.0,0.0,NOT_IN_STRING,0.0,NOT_IN_STRING,False,0.0,False,0,"[""eye"", ""nerve"", ""retina""]",114,11370
ENSG00000309847,False,0.0,0.0,0.0,0.0,NOT_IN_STRING,0.0,NOT_IN_STRING,False,0.0,False,0,"[""eye"", ""nerve"", ""retina""]",114,11370
ENSG00000309871,False,0.0,0.0,0.0,0.0,NOT_IN_STRING,0.0,NOT_IN_STRING,False,0.0,False,0,"[""eye"", ""nerve"", ""retina""]",114,11370
ENSG00000309872,False,0.0,0.0,0.0,0.0,NOT_IN_STRING,0.0,NOT_IN_STRING,False,0.0,False,0,"[""eye"", ""nerve"", ""retina""]",114,11370
ENSG00000309897,False,0.0,0.0,0.0,0.0,NOT_IN_STRING,0.0,NOT_IN_STRING,False,0.0,False,0,"[""eye"", ""nerve"", ""retina""]",114,11370
ENSG00000309577,False,0.0,0.0,0.0,0.0,NOT_IN_STRING,0.0,NOT_IN_STRING,False,0.0,False,0,"[""eye"", ""nerve"", ""retina""]",114,11370
ENSG00000300907,False,0.0,0.0,0.0,0.0,NOT_IN_STRING,0.0,NOT_IN_STRING,False,0.0,False,0,"[""eye"", ""nerve"", ""retina""]",114,11370
ENSG00000300910,False,0.0,0.0,0.0,0.0,NOT_IN_STRING,0.0,NOT_IN_STRING,False,0.0,False,0,"[""eye"", ""nerve"", ""retina""]",114,11370
ENSG00000300928,False,0.0,0.0,0.0,0.0,NOT_IN_STRING,0.0,NOT_IN_STRING,False,0.0,False,0,"[""eye"", ""nerve"", ""retina""]",114,11370
ENSG00000300957,False,0.0,0.0,0.0,0.0,NOT_IN_STRING,0.0,NOT_IN_STRING,False,0.0,False,0,"[""eye"", ""nerve"", ""retina""]",114,11370
ENSG00000300975,False,0.0,0.0,0.0,0.0,NOT_IN_STRING,0.0,NOT_IN_STRING,False,0.0,False,0,"[""eye"", ""nerve"", ""retina""]",114,11370
ENSG00000300988,False,0.0,0.0,0.0,0.0,NOT_IN_STRING,0.0,NOT_IN_STRING,False,0.0,False,0,"[""eye"", ""nerve"", ""retina""]",114,11370
ENSG00000300993,False,0.0,0.0,0.0,0.0,NOT_IN_STRING,0.0,NOT_IN_STRING,False,0.0,False,0,"[""eye"", ""nerve"", ""retina""]",114,11370
ENSG00000300998,False,0.0,0.0,0.0,0.0,NOT_IN_STRING,0.0,NOT_IN_STRING,False,0.0,False,0,"[""eye"", ""nerve"", ""retina""]",114,11370
ENSG00000301019,False,0.0,0.0,0.0,0.0,NOT_IN_STRING,0.0,NOT_IN_STRING,False,0.0,False,0,"[""eye"", ""nerve"", ""retina""]",114,11370
ENSG00000301022,False,0.0,0.0,0.0,0.0,NOT_IN_STRING,0.0,NOT_IN_STRING,False,0.0,False,0,"[""eye"", ""nerve"", ""retina""]",114,11370
ENSG00000301081,False,0.0,0.0,0.0,0.0,NOT_IN_STRING,0.0,NOT_IN_STRING,False,0.0,False,0,"[""eye"", ""nerve"", ""retina""]",114,11370
ENSG00000301084,False,0.0,0.0,0.0,0.0,NOT_IN_STRING,0.0,NOT_IN_STRING,False,0.0,False,0,"[""eye"", ""nerve"", ""retina""]",114,11370
IL12B-AS1,False,0.0,0.0,0.0,0.0,NOT_IN_STRING,0.0,NOT_IN_STRING,False,0.0,False,0,"[""eye"", ""nerve"", ""retina""]",114,11370
ENSG00000301150,False,0.0,0.0,0.0,0.0,NOT_IN_STRING,0.0,NOT_IN_STRING,False,0.0,False,0,"[""eye"", ""nerve"", ""retina""]",114,11370
ENSG00000301175,False,0.0,0.0,0.0,0.0,NOT_IN_STRING,0.0,NOT_IN_STRING,False,0.0,False,0,"[""eye"", ""nerve"", ""retina""]",114,11370
ENSG00000301198,False,0.0,0.0,0.0,0.0,NOT_IN_STRING,0.0,NOT_IN_STRING,False,0.0,False,0,"[""eye"", ""nerve"", ""retina""]",114,11370
ENSG00000301219,False,0.0,0.0,0.0,0.0,NOT_IN_STRING,0.0,NOT_IN_STRING,False,0.0,False,0,"[""eye"", ""nerve"", ""retina""]",114,11370
ENSG00000301227,False,0.0,0.0,0.0,0.0,NOT_IN_STRING,0.0,NOT_IN_STRING,False,0.0,False,0,"[""eye"", ""nerve"", ""retina""]",114,11370
ENSG00000301258,False,0.0,0.0,0.0,0.0,NOT_IN_STRING,0.0,NOT_IN_STRING,False,0.0,False,0,"[""eye"", ""nerve"", ""retina""]",114,11370
ENSG00000301273,False,0.0,0.0,0.0,0.0,NOT_IN_STRING,0.0,NOT_IN_STRING,False,0.0,False,0,"[""eye"", ""nerve"", ""retina""]",114,11370
ENSG00000301295,False,0.0,0.0,0.0,0.0,NOT_IN_STRING,0.0,NOT_IN_STRING,False,0.0,False,0,"[""eye"", ""nerve"", ""retina""]",114,11370
ENSG00000301299,False,0.0,0.0,0.0,0.0,NOT_IN_STRING,0.0,NOT_IN_STRING,False,0.0,False,0,"[""eye"", ""nerve"", ""retina""]",114,11370
ENSG00000301306,False,0.0,0.0,0.0,0.0,NOT_IN_STRING,0.0,NOT_IN_STRING,False,0.0,False,0,"[""eye"", ""nerve"", ""retina""]",114,11370
ENSG00000301317,False,0.0,0.0,0.0,0.0,NOT_IN_STRING,0.0,NOT_IN_STRING,False,0.0,False,0,"[""eye"", ""nerve"", ""retina""]",114,11370
ENSG00000301321,False,0.0,0.0,0.0,0.0,NOT_IN_STRING,0.0,NOT_IN_STRING,False,0.0,False,0,"[""eye"", ""nerve"", ""retina""]",114,11370
ENSG00000301342,False,0.0,0.0,0.0,0.0,NOT_IN_STRING,0.0,NOT_IN_STRING,False,0.0,False,0,"[""eye"", ""nerve"", ""retina""]",114,11370
ENSG00000301112,False,0.0,0.0,0.0,0.0,NOT_IN_STRING,0.0,NOT_IN_STRING,False,0.0,False,0,"[""eye"", ""nerve"", ""retina""]",114,11370
ENSG00000300286,False,0.0,0.0,0.0,0.0,NOT_IN_STRING,0.0,NOT_IN_STRING,False,0.0,False,0,"[""eye"", ""nerve"", ""retina""]",114,11370
ENSG00000300318,False,0.0,0.0,0.0,0.0,NOT_IN_STRING,0.0,NOT_IN_STRING,False,0.0,False,0,"[""eye"", ""nerve"", ""retina""]",114,11370
ENSG00000300375,False,0.0,0.0,0.0,0.0,NOT_IN_STRING,0.0,NOT_IN_STRING,False,0.0,False,0,"[""eye"", ""nerve"", ""retina""]",114,11370
ENSG00000300407,False,0.0,0.0,0.0,0.0,NOT_IN_STRING,0.0,NOT_IN_STRING,False,0.0,False,0,"[""eye"", ""nerve"", ""retina""]",114,11370
ENSG00000300412,False,0.0,0.0,0.0,0.0,NOT_IN_STRING,0.0,NOT_IN_STRING,False,0.0,False,0,"[""eye"", ""nerve"", ""retina""]",114,11370
ENSG00000300443,False,0.0,0.0,0.0,0.0,NOT_IN_STRING,0.0,NOT_IN_STRING,False,0.0,False,0,"[""eye"", ""nerve"", ""retina""]",114,11370
ENSG00000300446,False,0.0,0.0,0.0,0.0,NOT_IN_STRING,0.0,NOT_IN_STRING,False,0.0,False,0,"[""eye"", ""nerve"", ""retina""]",114,11370
ENSG00000300456,False,0.0,0.0,0.0,0.0,NOT_IN_STRING,0.0,NOT_IN_STRING,False,0.0,False,0,"[""eye"", ""nerve"", ""retina""]",114,11370
ENSG00000300496,False,0.0,0.0,0.0,0.0,NOT_IN_STRING,0.0,NOT_IN_STRING,False,0.0,False,0,"[""eye"", ""nerve"", ""retina""]",114,11370
ENSG00000300532,False,0.0,0.0,0.0,0.0,NOT_IN_STRING,0.0,NOT_IN_STRING,False,0.0,False,0,"[""eye"", ""nerve"", ""retina""]",114,11370
ENSG00000300579,False,0.0,0.0,0.0,0.0,NOT_IN_STRING,0.0,NOT_IN_STRING,False,0.0,False,0,"[""eye"", ""nerve"", ""retina""]",114,11370
ENSG00000300594,False,0.0,0.0,0.0,0.0,NOT_IN_STRING,0.0,NOT_IN_STRING,False,0.0,False,0,"[""eye"", ""nerve"", ""retina""]",114,11370
ENSG00000300897,False,0.0,0.0,0.0,0.0,NOT_IN_STRING,0.0,NOT_IN_STRING,False,0.0,False,0,"[""eye"", ""nerve"", ""retina""]",114,11370
ENSG00000300600,False,0.0,0.0,0.0,0.0,NOT_IN_STRING,0.0,NOT_IN_STRING,False,0.0,False,0,"[""eye"", ""nerve"", ""retina""]",114,11370
ENSG00000300622,False,0.0,0.0,0.0,0.0,NOT_IN_STRING,0.0,NOT_IN_STRING,False,0.0,False,0,"[""eye"", ""nerve"", ""retina""]",114,11370
ENSG00000300650,False,0.0,0.0,0.0,0.0,NOT_IN_STRING,0.0,NOT_IN_STRING,False,0.0,False,0,"[""eye"", ""nerve"", ""retina""]",114,11370
ENSG00000300685,False,0.0,0.0,0.0,0.0,NOT_IN_STRING,0.0,NOT_IN_STRING,False,0.0,False,0,"[""eye"", ""nerve"", ""retina""]",114,11370
ENSG00000300709,False,0.0,0.0,0.0,0.0,NOT_IN_STRING,0.0,NOT_IN_STRING,False,0.0,False,0,"[""eye"", ""nerve"", ""retina""]",114,11370
ENSG00000300763,False,0.0,0.0,0.0,0.0,NOT_IN_STRING,0.0,NOT_IN_STRING,False,0.0,False,0,"[""eye"", ""nerve"", ""retina""]",114,11370
ENSG00000300771,False,0.0,0.0,0.0,0.0,NOT_IN_STRING,0.0,NOT_IN_STRING,False,0.0,False,0,"[""eye"", ""nerve"", ""retina""]",114,11370
ENSG00000300777,False,0.0,0.0,0.0,0.0,NOT_IN_STRING,0.0,NOT_IN_STRING,False,0.0,False,0,"[""eye"", ""nerve"", ""retina""]",114,11370
ENSG00000300778,False,0.0,0.0,0.0,0.0,NOT_IN_STRING,0.0,NOT_IN_STRING,False,0.0,False,0,"[""eye"", ""nerve"", ""retina""]",114,11370
ENSG00000300831,False,0.0,0.0,0.0,0.0,NOT_IN_STRING,0.0,NOT_IN_STRING,False,0.0,False,0,"[""eye"", ""nerve"", ""retina""]",114,11370
ENSG00000300834,False,0.0,0.0,0.0,0.0,NOT_IN_STRING,0.0,NOT_IN_STRING,False,0.0,False,0,"[""eye"", ""nerve"", ""retina""]",114,11370
ENSG00000300857,False,0.0,0.0,0.0,0.0,NOT_IN_STRING,0.0,NOT_IN_STRING,False,0.0,False,0,"[""eye"", ""nerve"", ""retina""]",114,11370
ENSG00000300881,False,0.0,0.0,0.0,0.0,NOT_IN_STRING,0.0,NOT_IN_STRING,False,0.0,False,0,"[""eye"", ""nerve"", ""retina""]",114,11370
ENSG00000300599,False,0.0,0.0,0.0,0.0,NOT_IN_STRING,0.0,NOT_IN_STRING,False,0.0,False,0,"[""eye"", ""nerve"", ""retina""]",114,11370
ENSG00000302131,False,0.0,0.0,0.0,0.0,NOT_IN_STRING,0.0,NOT_IN_STRING,False,0.0,False,0,"[""eye"", ""nerve"", ""retina""]",114,11370
ENSG00000302136,False,0.0,0.0,0.0,0.0,NOT_IN_STRING,0.0,NOT_IN_STRING,False,0.0,False,0,"[""eye"", ""nerve"", ""retina""]",114,11370
ENSG00000302153,False,0.0,0.0,0.0,0.0,NOT_IN_STRING,0.0,NOT_IN_STRING,False,0.0,False,0,"[""eye"", ""nerve"", ""retina""]",114,11370
ENSG00000302156,False,0.0,0.0,0.0,0.0,NOT_IN_STRING,0.0,NOT_IN_STRING,False,0.0,False,0,"[""eye"", ""nerve"", ""retina""]",114,11370
ENSG00000302157,False,0.0,0.0,0.0,0.0,NOT_IN_STRING,0.0,NOT_IN_STRING,False,0.0,False,0,"[""eye"", ""nerve"", ""retina""]",114,11370
ENSG00000302217,False,0.0,0.0,0.0,0.0,NOT_IN_STRING,0.0,NOT_IN_STRING,False,0.0,False,0,"[""eye"", ""nerve"", ""retina""]",114,11370
ENSG00000302234,False,0.0,0.0,0.0,0.0,NOT_IN_STRING,0.0,NOT_IN_STRING,False,0.0,False,0,"[""eye"", ""nerve"", ""retina""]",114,11370
ENSG00000302257,False,0.0,0.0,0.0,0.0,NOT_IN_STRING,0.0,NOT_IN_STRING,False,0.0,False,0,"[""eye"", ""nerve"", ""retina""]",114,11370
ENSG00000302265,False,0.0,0.0,0.0,0.0,NOT_IN_STRING,0.0,NOT_IN_STRING,False,0.0,False,0,"[""eye"", ""nerve"", ""retina""]",114,11370
ENSG00000302333,False,0.0,0.0,0.0,0.0,NOT_IN_STRING,0.0,NOT_IN_STRING,False,0.0,False,0,"[""eye"", ""nerve"", ""retina""]",114,11370
ENSG00000302387,False,0.0,0.0,0.0,0.0,NOT_IN_STRING,0.0,NOT_IN_STRING,False,0.0,False,0,"[""eye"", ""nerve"", ""retina""]",114,11370
ENSG00000302391,False,0.0,0.0,0.0,0.0,NOT_IN_STRING,0.0,NOT_IN_STRING,False,0.0,False,0,"[""eye"", ""nerve"", ""retina""]",114,11370
ENSG00000301438,False,0.0,0.0,0.0,0.0,NOT_IN_STRING,0.0,NOT_IN_STRING,False,0.0,False,0,"[""eye"", ""nerve"", ""retina""]",114,11370
ENSG00000302397,False,0.0,0.0,0.0,0.0,NOT_IN_STRING,0.0,NOT_IN_STRING,False,0.0,False,0,"[""eye"", ""nerve"", ""retina""]",114,11370
ENSG00000302410,False,0.0,0.0,0.0,0.0,NOT_IN_STRING,0.0,NOT_IN_STRING,False,0.0,False,0,"[""eye"", ""nerve"", ""retina""]",114,11370
ENSG00000302430,False,0.0,0.0,0.0,0.0,NOT_IN_STRING,0.0,NOT_IN_STRING,False,0.0,False,0,"[""eye"", ""nerve"", ""retina""]",114,11370
ENSG00000302457,False,0.0,0.0,0.0,0.0,NOT_IN_STRING,0.0,NOT_IN_STRING,False,0.0,False,0,"[""eye"", ""nerve"", ""retina""]",114,11370
ENSG00000302462,False,0.0,0.0,0.0,0.0,NOT_IN_STRING,0.0,NOT_IN_STRING,False,0.0,False,0,"[""eye"", ""nerve"", ""retina""]",114,11370
ENSG00000302468,False,0.0,0.0,0.0,0.0,NOT_IN_STRING,0.0,NOT_IN_STRING,False,0.0,False,0,"[""eye"", ""nerve"", ""retina""]",114,11370
ENSG00000302479,False,0.0,0.0,0.0,0.0,NOT_IN_STRING,0.0,NOT_IN_STRING,False,0.0,False,0,"[""eye"", ""nerve"", ""retina""]",114,11370
ENSG00000302499,False,0.0,0.0,0.0,0.0,NOT_IN_STRING,0.0,NOT_IN_STRING,False,0.0,False,0,"[""eye"", ""nerve"", ""retina""]",114,11370
ENSG00000302507,False,0.0,0.0,0.0,0.0,NOT_IN_STRING,0.0,NOT_IN_STRING,False,0.0,False,0,"[""eye"", ""nerve"", ""retina""]",114,11370
ENSG00000302518,False,0.0,0.0,0.0,0.0,NOT_IN_STRING,0.0,NOT_IN_STRING,False,0.0,False,0,"[""eye"", ""nerve"", ""retina""]",114,11370
ENSG00000302537,False,0.0,0.0,0.0,0.0,NOT_IN_STRING,0.0,NOT_IN_STRING,False,0.0,False,0,"[""eye"", ""nerve"", ""retina""]",114,11370
ENSG00000302548,False,0.0,0.0,0.0,0.0,NOT_IN_STRING,0.0,NOT_IN_STRING,False,0.0,False,0,"[""eye"", ""nerve"", ""retina""]",114,11370
ENSG00000302557,False,0.0,0.0,0.0,0.0,NOT_IN_STRING,0.0,NOT_IN_STRING,False,0.0,False,0,"[""eye"", ""nerve"", ""retina""]",114,11370
ENSG00000302393,False,0.0,0.0,0.0,0.0,NOT_IN_STRING,0.0,NOT_IN_STRING,False,0.0,False,0,"[""eye"", ""nerve"", ""retina""]",114,11370
ENSG00000301479,False,0.0,0.0,0.0,0.0,NOT_IN_STRING,0.0,NOT_IN_STRING,False,0.0,False,0,"[""eye"", ""nerve"", ""retina""]",114,11370
ENSG00000301491,False,0.0,0.0,0.0,0.0,NOT_IN_STRING,0.0,NOT_IN_STRING,False,0.0,False,0,"[""eye"", ""nerve"", ""retina""]",114,11370
ENSG00000301499,False,0.0,0.0,0.0,0.0,NOT_IN_STRING,0.0,NOT_IN_STRING,False,0.0,False,0,"[""eye"", ""nerve"", ""retina""]",114,11370
ENSG00000301522,False,0.0,0.0,0.0,0.0,NOT_IN_STRING,0.0,NOT_IN_STRING,False,0.0,False,0,"[""eye"", ""nerve"", ""retina""]",114,11370
ENSG00000301548,False,0.0,0.0,0.0,0.0,NOT_IN_STRING,0.0,NOT_IN_STRING,False,0.0,False,0,"[""eye"", ""nerve"", ""retina""]",114,11370
ENSG00000301560,False,0.0,0.0,0.0,0.0,NOT_IN_STRING,0.0,NOT_IN_STRING,False,0.0,False,0,"[""eye"", ""nerve"", ""retina""]",114,11370
ENSG00000301564,False,0.0,0.0,0.0,0.0,NOT_IN_STRING,0.0,NOT_IN_STRING,False,0.0,False,0,"[""eye"", ""nerve"", ""retina""]",114,11370
ENSG00000301624,False,0.0,0.0,0.0,0.0,NOT_IN_STRING,0.0,NOT_IN_STRING,False,0.0,False,0,"[""eye"", ""nerve"", ""retina""]",114,11370
ENSG00000301626,False,0.0,0.0,0.0,0.0,NOT_IN_STRING,0.0,NOT_IN_STRING,False,0.0,False,0,"[""eye"", ""nerve"", ""retina""]",114,11370
ENSG00000301636,False,0.0,0.0,0.0,0.0,NOT_IN_STRING,0.0,NOT_IN_STRING,False,0.0,False,0,"[""eye"", ""nerve"", ""retina""]",114,11370
ENSG00000301659,False,0.0,0.0,0.0,0.0,NOT_IN_STRING,0.0,NOT_IN_STRING,False,0.0,False,0,"[""eye"", ""nerve"", ""retina""]",114,11370
ENSG00000301666,False,0.0,0.0,0.0,0.0,NOT_IN_STRING,0.0,NOT_IN_STRING,False,0.0,False,0,"[""eye"", ""nerve"", ""retina""]",114,11370
ENSG00000302126,False,0.0,0.0,0.0,0.0,NOT_IN_STRING,0.0,NOT_IN_STRING,False,0.0,False,0,"[""eye"", ""nerve"", ""retina""]",114,11370
ENSG00000301739,False,0.0,0.0,0.0,0.0,NOT_IN_STRING,0.0,NOT_IN_STRING,False,0.0,False,0,"[""eye"", ""nerve"", ""retina""]",114,11370
ENSG00000301745,False,0.0,0.0,0.0,0.0,NOT_IN_STRING,0.0,NOT_IN_STRING,False,0.0,False,0,"[""eye"", ""nerve"", ""retina""]",114,11370
ENSG00000301781,False,0.0,0.0,0.0,0.0,NOT_IN_STRING,0.0,NOT_IN_STRING,False,0.0,False,0,"[""eye"", ""nerve"", ""retina""]",114,11370
ENSG00000301804,False,0.0,0.0,0.0,0.0,NOT_IN_STRING,0.0,NOT_IN_STRING,False,0.0,False,0,"[""eye"", ""nerve"", ""retina""]",114,11370
ENSG00000301870,False,0.0,0.0,0.0,0.0,NOT_IN_STRING,0.0,NOT_IN_STRING,False,0.0,False,0,"[""eye"", ""nerve"", ""retina""]",114,11370
ENSG00000301906,False,0.0,0.0,0.0,0.0,NOT_IN_STRING,0.0,NOT_IN_STRING,False,0.0,False,0,"[""eye"", ""nerve"", ""retina""]",114,11370
ENSG00000301926,False,0.0,0.0,0.0,0.0,NOT_IN_STRING,0.0,NOT_IN_STRING,False,0.0,False,0,"[""eye"", ""nerve"", ""retina""]",114,11370
ENSG00000301946,False,0.0,0.0,0.0,0.0,NOT_IN_STRING,0.0,NOT_IN_STRING,False,0.0,False,0,"[""eye"", ""nerve"", ""retina""]",114,11370
ENSG00000302037,False,0.0,0.0,0.0,0.0,NOT_IN_STRING,0.0,NOT_IN_STRING,False,0.0,False,0,"[""eye"", ""nerve"", ""retina""]",114,11370
ENSG00000302067,False,0.0,0.0,0.0,0.0,NOT_IN_STRING,0.0,NOT_IN_STRING,False,0.0,False,0,"[""eye"", ""nerve"", ""retina""]",114,11370
ENSG00000302111,False,0.0,0.0,0.0,0.0,NOT_IN_STRING,0.0,NOT_IN_STRING,False,0.0,False,0,"[""eye"", ""nerve"", ""retina""]",114,11370
ENSG00000302114,False,0.0,0.0,0.0,0.0,NOT_IN_STRING,0.0,NOT_IN_STRING,False,0.0,False,0,"[""eye"", ""nerve"", ""retina""]",114,11370
ENSG00000302122,False,0.0,0.0,0.0,0.0,NOT_IN_STRING,0.0,NOT_IN_STRING,False,0.0,False,0,"[""eye"", ""nerve"", ""retina""]",114,11370
ENSG00000301723,False,0.0,0.0,0.0,0.0,NOT_IN_STRING,0.0,NOT_IN_STRING,False,0.0,False,0,"[""eye"", ""nerve"", ""retina""]",114,11370
ENSG00000298738,False,0.0,0.0,0.0,0.0,NOT_IN_STRING,0.0,NOT_IN_STRING,False,0.0,False,0,"[""eye"", ""nerve"", ""retina""]",114,11370
ENSG00000298765,False,0.0,0.0,0.0,0.0,NOT_IN_STRING,0.0,NOT_IN_STRING,False,0.0,False,0,"[""eye"", ""nerve"", ""retina""]",114,11370
ENSG00000298780,False,0.0,0.0,0.0,0.0,NOT_IN_STRING,0.0,NOT_IN_STRING,False,0.0,False,0,"[""eye"", ""nerve"", ""retina""]",114,11370
ENSG00000298783,False,0.0,0.0,0.0,0.0,NOT_IN_STRING,0.0,NOT_IN_STRING,False,0.0,False,0,"[""eye"", ""nerve"", ""retina""]",114,11370
ENSG00000298810,False,0.0,0.0,0.0,0.0,NOT_IN_STRING,0.0,NOT_IN_STRING,False,0.0,False,0,"[""eye"", ""nerve"", ""retina""]",114,11370
ENSG00000298825,False,0.0,0.0,0.0,0.0,NOT_IN_STRING,0.0,NOT_IN_STRING,False,0.0,False,0,"[""eye"", ""nerve"", ""retina""]",114,11370
ENSG00000298826,False,0.0,0.0,0.0,0.0,NOT_IN_STRING,0.0,NOT_IN_STRING,False,0.0,False,0,"[""eye"", ""nerve"", ""retina""]",114,11370
ENSG00000298832,False,0.0,0.0,0.0,0.0,NOT_IN_STRING,0.0,NOT_IN_STRING,False,0.0,False,0,"[""eye"", ""nerve"", ""retina""]",114,11370
ENSG00000298854,False,0.0,0.0,0.0,0.0,NOT_IN_STRING,0.0,NOT_IN_STRING,False,0.0,False,0,"[""eye"", ""nerve"", ""retina""]",114,11370
ENSG00000298894,False,0.0,0.0,0.0,0.0,NOT_IN_STRING,0.0,NOT_IN_STRING,False,0.0,False,0,"[""eye"", ""nerve"", ""retina""]",114,11370
ENSG00000298897,False,0.0,0.0,0.0,0.0,NOT_IN_STRING,0.0,NOT_IN_STRING,False,0.0,False,0,"[""eye"", ""nerve"", ""retina""]",114,11370
ENSG00000298985,False,0.0,0.0,0.0,0.0,NOT_IN_STRING,0.0,NOT_IN_STRING,False,0.0,False,0,"[""eye"", ""nerve"", ""retina""]",114,11370
ENSG00000300261,False,0.0,0.0,0.0,0.0,NOT_IN_STRING,0.0,NOT_IN_STRING,False,0.0,False,0,"[""eye"", ""nerve"", ""retina""]",114,11370
ENSG00000299043,False,0.0,0.0,0.0,0.0,NOT_IN_STRING,0.0,NOT_IN_STRING,False,0.0,False,0,"[""eye"", ""nerve"", ""retina""]",114,11370
ENSG00000299064,False,0.0,0.0,0.0,0.0,NOT_IN_STRING,0.0,NOT_IN_STRING,False,0.0,False,0,"[""eye"", ""nerve"", ""retina""]",114,11370
ENSG00000299083,False,0.0,0.0,0.0,0.0,NOT_IN_STRING,0.0,NOT_IN_STRING,False,0.0,False,0,"[""eye"", ""nerve"", ""retina""]",114,11370
ENSG00000299090,False,0.0,0.0,0.0,0.0,NOT_IN_STRING,0.0,NOT_IN_STRING,False,0.0,False,0,"[""eye"", ""nerve"", ""retina""]",114,11370
ENSG00000299094,False,0.0,0.0,0.0,0.0,NOT_IN_STRING,0.0,NOT_IN_STRING,False,0.0,False,0,"[""eye"", ""nerve"", ""retina""]",114,11370
ENSG00000299102,False,0.0,0.0,0.0,0.0,NOT_IN_STRING,0.0,NOT_IN_STRING,False,0.0,False,0,"[""eye"", ""nerve"", ""retina""]",114,11370
ENSG00000299144,False,0.0,0.0,0.0,0.0,NOT_IN_STRING,0.0,NOT_IN_STRING,False,0.0,False,0,"[""eye"", ""nerve"", ""retina""]",114,11370
ENSG00000299150,False,0.0,0.0,0.0,0.0,NOT_IN_STRING,0.0,NOT_IN_STRING,False,0.0,False,0,"[""eye"", ""nerve"", ""retina""]",114,11370
ENSG00000299161,False,0.0,0.0,0.0,0.0,NOT_IN_STRING,0.0,NOT_IN_STRING,False,0.0,False,0,"[""eye"", ""nerve"", ""retina""]",114,11370
ENSG00000299211,False,0.0,0.0,0.0,0.0,NOT_IN_STRING,0.0,NOT_IN_STRING,False,0.0,False,0,"[""eye"", ""nerve"", ""retina""]",114,11370
ENSG00000299223,False,0.0,0.0,0.0,0.0,NOT_IN_STRING,0.0,NOT_IN_STRING,False,0.0,False,0,"[""eye"", ""nerve"", ""retina""]",114,11370
ENSG00000299278,False,0.0,0.0,0.0,0.0,NOT_IN_STRING,0.0,NOT_IN_STRING,False,0.0,False,0,"[""eye"", ""nerve"", ""retina""]",114,11370
ENSG00000299293,False,0.0,0.0,0.0,0.0,NOT_IN_STRING,0.0,NOT_IN_STRING,False,0.0,False,0,"[""eye"", ""nerve"", ""retina""]",114,11370
ENSG00000298997,False,0.0,0.0,0.0,0.0,NOT_IN_STRING,0.0,NOT_IN_STRING,False,0.0,False,0,"[""eye"", ""nerve"", ""retina""]",114,11370
ENSG00000298278,False,0.0,0.0,0.0,0.0,NOT_IN_STRING,0.0,NOT_IN_STRING,False,0.0,False,0,"[""eye"", ""nerve"", ""retina""]",114,11370
ENSG00000298267,False,0.0,0.0,0.0,0.0,NOT_IN_STRING,0.0,NOT_IN_STRING,False,0.0,False,0,"[""eye"", ""nerve"", ""retina""]",114,11370
ENSG00000298286,False,0.0,0.0,0.0,0.0,NOT_IN_STRING,0.0,NOT_IN_STRING,False,0.0,False,0,"[""eye"", ""nerve"", ""retina""]",114,11370
ENSG00000298296,False,0.0,0.0,0.0,0.0,NOT_IN_STRING,0.0,NOT_IN_STRING,False,0.0,False,0,"[""eye"", ""nerve"", ""retina""]",114,11370
ENSG00000298258,False,0.0,0.0,0.0,0.0,NOT_IN_STRING,0.0,NOT_IN_STRING,False,0.0,False,0,"[""eye"", ""nerve"", ""retina""]",114,11370
ENSG00000298334,False,0.0,0.0,0.0,0.0,NOT_IN_STRING,0.0,NOT_IN_STRING,False,0.0,False,0,"[""eye"", ""nerve"", ""retina""]",114,11370
ENSG00000298378,False,0.0,0.0,0.0,0.0,NOT_IN_STRING,0.0,NOT_IN_STRING,False,0.0,False,0,"[""eye"", ""nerve"", ""retina""]",114,11370
ENSG00000298407,False,0.0,0.0,0.0,0.0,NOT_IN_STRING,0.0,NOT_IN_STRING,False,0.0,False,0,"[""eye"", ""nerve"", ""retina""]",114,11370
ENSG00000298420,False,0.0,0.0,0.0,0.0,NOT_IN_STRING,0.0,NOT_IN_STRING,False,0.0,False,0,"[""eye"", ""nerve"", ""retina""]",114,11370
ENSG00000298437,False,0.0,0.0,0.0,0.0,NOT_IN_STRING,0.0,NOT_IN_STRING,False,0.0,False,0,"[""eye"", ""nerve"", ""retina""]",114,11370
ENSG00000298475,False,0.0,0.0,0.0,0.0,NOT_IN_STRING,0.0,NOT_IN_STRING,False,0.0,False,0,"[""eye"", ""nerve"", ""retina""]",114,11370
ENSG00000298486,False,0.0,0.0,0.0,0.0,NOT_IN_STRING,0.0,NOT_IN_STRING,False,0.0,False,0,"[""eye"", ""nerve"", ""retina""]",114,11370
ENSG00000298729,False,0.0,0.0,0.0,0.0,NOT_IN_STRING,0.0,NOT_IN_STRING,False,0.0,False,0,"[""eye"", ""nerve"", ""retina""]",114,11370
ENSG00000298503,False,0.0,0.0,0.0,0.0,NOT_IN_STRING,0.0,NOT_IN_STRING,False,0.0,False,0,"[""eye"", ""nerve"", ""retina""]",114,11370
ENSG00000298250,False,0.0,0.0,0.0,0.0,NOT_IN_STRING,0.0,NOT_IN_STRING,False,0.0,False,0,"[""eye"", ""nerve"", ""retina""]",114,11370
ENSG00000298519,False,0.0,0.0,0.0,0.0,NOT_IN_STRING,0.0,NOT_IN_STRING,False,0.0,False,0,"[""eye"", ""nerve"", ""retina""]",114,11370
ENSG00000298554,False,0.0,0.0,0.0,0.0,NOT_IN_STRING,0.0,NOT_IN_STRING,False,0.0,False,0,"[""eye"", ""nerve"", ""retina""]",114,11370
ENSG00000298577,False,0.0,0.0,0.0,0.0,NOT_IN_STRING,0.0,NOT_IN_STRING,False,0.0,False,0,"[""eye"", ""nerve"", ""retina""]",114,11370
ENSG00000298599,False,0.0,0.0,0.0,0.0,NOT_IN_STRING,0.0,NOT_IN_STRING,False,0.0,False,0,"[""eye"", ""nerve"", ""retina""]",114,11370
ENSG00000298600,False,0.0,0.0,0.0,0.0,NOT_IN_STRING,0.0,NOT_IN_STRING,False,0.0,False,0,"[""eye"", ""nerve"", ""retina""]",114,11370
ENSG00000298611,False,0.0,0.0,0.0,0.0,NOT_IN_STRING,0.0,NOT_IN_STRING,False,0.0,False,0,"[""eye"", ""nerve"", ""retina""]",114,11370
ENSG00000298208,False,0.0,0.0,0.0,0.0,NOT_IN_STRING,0.0,NOT_IN_STRING,False,0.0,False,0,"[""eye"", ""nerve"", ""retina""]",114,11370
ENSG00000298621,False,0.0,0.0,0.0,0.0,NOT_IN_STRING,0.0,NOT_IN_STRING,False,0.0,False,0,"[""eye"", ""nerve"", ""retina""]",114,11370
ENSG00000298642,False,0.0,0.0,0.0,0.0,NOT_IN_STRING,0.0,NOT_IN_STRING,False,0.0,False,0,"[""eye"", ""nerve"", ""retina""]",114,11370
ENSG00000298662,False,0.0,0.0,0.0,0.0,NOT_IN_STRING,0.0,NOT_IN_STRING,False,0.0,False,0,"[""eye"", ""nerve"", ""retina""]",114,11370
ENSG00000298678,False,0.0,0.0,0.0,0.0,NOT_IN_STRING,0.0,NOT_IN_STRING,False,0.0,False,0,"[""eye"", ""nerve"", ""retina""]",114,11370
ENSG00000298499,False,0.0,0.0,0.0,0.0,NOT_IN_STRING,0.0,NOT_IN_STRING,False,0.0,False,0,"[""eye"", ""nerve"", ""retina""]",114,11370
ENSG00000299721,False,0.0,0.0,0.0,0.0,NOT_IN_STRING,0.0,NOT_IN_STRING,False,0.0,False,0,"[""eye"", ""nerve"", ""retina""]",114,11370
ENSG00000299733,False,0.0,0.0,0.0,0.0,NOT_IN_STRING,0.0,NOT_IN_STRING,False,0.0,False,0,"[""eye"", ""nerve"", ""retina""]",114,11370
ENSG00000299797,False,0.0,0.0,0.0,0.0,NOT_IN_STRING,0.0,NOT_IN_STRING,False,0.0,False,0,"[""eye"", ""nerve"", ""retina""]",114,11370
ENSG00000299829,False,0.0,0.0,0.0,0.0,NOT_IN_STRING,0.0,NOT_IN_STRING,False,0.0,False,0,"[""eye"", ""nerve"", ""retina""]",114,11370
ENSG00000298161,False,0.0,0.0,0.0,0.0,NOT_IN_STRING,0.0,NOT_IN_STRING,False,0.0,False,0,"[""eye"", ""nerve"", ""retina""]",114,11370
ENSG00000299845,False,0.0,0.0,0.0,0.0,NOT_IN_STRING,0.0,NOT_IN_STRING,False,0.0,False,0,"[""eye"", ""nerve"", ""retina""]",114,11370
ENSG00000299848,False,0.0,0.0,0.0,0.0,NOT_IN_STRING,0.0,NOT_IN_STRING,False,0.0,False,0,"[""eye"", ""nerve"", ""retina""]",114,11370
ENSG00000299858,False,0.0,0.0,0.0,0.0,NOT_IN_STRING,0.0,NOT_IN_STRING,False,0.0,False,0,"[""eye"", ""nerve"", ""retina""]",114,11370
ENSG00000299861,False,0.0,0.0,0.0,0.0,NOT_IN_STRING,0.0,NOT_IN_STRING,False,0.0,False,0,"[""eye"", ""nerve"", ""retina""]",114,11370
ENSG00000299888,False,0.0,0.0,0.0,0.0,NOT_IN_STRING,0.0,NOT_IN_STRING,False,0.0,False,0,"[""eye"", ""nerve"", ""retina""]",114,11370
ENSG00000299911,False,0.0,0.0,0.0,0.0,NOT_IN_STRING,0.0,NOT_IN_STRING,False,0.0,False,0,"[""eye"", ""nerve"", ""retina""]",114,11370
ENSG00000299916,False,0.0,0.0,0.0,0.0,NOT_IN_STRING,0.0,NOT_IN_STRING,False,0.0,False,0,"[""eye"", ""nerve"", ""retina""]",114,11370
ENSG00000299312,False,0.0,0.0,0.0,0.0,NOT_IN_STRING,0.0,NOT_IN_STRING,False,0.0,False,0,"[""eye"", ""nerve"", ""retina""]",114,11370
ENSG00000299930,False,0.0,0.0,0.0,0.0,NOT_IN_STRING,0.0,NOT_IN_STRING,False,0.0,False,0,"[""eye"", ""nerve"", ""retina""]",114,11370
ENSG00000299932,False,0.0,0.0,0.0,0.0,NOT_IN_STRING,0.0,NOT_IN_STRING,False,0.0,False,0,"[""eye"", ""nerve"", ""retina""]",114,11370
ENSG00000299948,False,0.0,0.0,0.0,0.0,NOT_IN_STRING,0.0,NOT_IN_STRING,False,0.0,False,0,"[""eye"", ""nerve"", ""retina""]",114,11370
ENSG00000299978,False,0.0,0.0,0.0,0.0,NOT_IN_STRING,0.0,NOT_IN_STRING,False,0.0,False,0,"[""eye"", ""nerve"", ""retina""]",114,11370
ENSG00000300019,False,0.0,0.0,0.0,0.0,NOT_IN_STRING,0.0,NOT_IN_STRING,False,0.0,False,0,"[""eye"", ""nerve"", ""retina""]",114,11370
ENSG00000300022,False,0.0,0.0,0.0,0.0,NOT_IN_STRING,0.0,NOT_IN_STRING,False,0.0,False,0,"[""eye"", ""nerve"", ""retina""]",114,11370
ENSG00000300107,False,0.0,0.0,0.0,0.0,NOT_IN_STRING,0.0,NOT_IN_STRING,False,0.0,False,0,"[""eye"", ""nerve"", ""retina""]",114,11370
ENSG00000300142,False,0.0,0.0,0.0,0.0,NOT_IN_STRING,0.0,NOT_IN_STRING,False,0.0,False,0,"[""eye"", ""nerve"", ""retina""]",114,11370
ENSG00000300176,False,0.0,0.0,0.0,0.0,NOT_IN_STRING,0.0,NOT_IN_STRING,False,0.0,False,0,"[""eye"", ""nerve"", ""retina""]",114,11370
ENSG00000300182,False,0.0,0.0,0.0,0.0,NOT_IN_STRING,0.0,NOT_IN_STRING,False,0.0,False,0,"[""eye"", ""nerve"", ""retina""]",114,11370
ENSG00000300183,False,0.0,0.0,0.0,0.0,NOT_IN_STRING,0.0,NOT_IN_STRING,False,0.0,False,0,"[""eye"", ""nerve"", ""retina""]",114,11370
ENSG00000300185,False,0.0,0.0,0.0,0.0,NOT_IN_STRING,0.0,NOT_IN_STRING,False,0.0,False,0,"[""eye"", ""nerve"", ""retina""]",114,11370
ENSG00000300199,False,0.0,0.0,0.0,0.0,NOT_IN_STRING,0.0,NOT_IN_STRING,False,0.0,False,0,"[""eye"", ""nerve"", ""retina""]",114,11370
ENSG00000298150,False,0.0,0.0,0.0,0.0,NOT_IN_STRING,0.0,NOT_IN_STRING,False,0.0,False,0,"[""eye"", ""nerve"", ""retina""]",114,11370
ENSG00000299354,False,0.0,0.0,0.0,0.0,NOT_IN_STRING,0.0,NOT_IN_STRING,False,0.0,False,0,"[""eye"", ""nerve"", ""retina""]",114,11370
ENSG00000299356,False,0.0,0.0,0.0,0.0,NOT_IN_STRING,0.0,NOT_IN_STRING,False,0.0,False,0,"[""eye"", ""nerve"", ""retina""]",114,11370
ENSG00000299357,False,0.0,0.0,0.0,0.0,NOT_IN_STRING,0.0,NOT_IN_STRING,False,0.0,False,0,"[""eye"", ""nerve"", ""retina""]",114,11370
ENSG00000299397,False,0.0,0.0,0.0,0.0,NOT_IN_STRING,0.0,NOT_IN_STRING,False,0.0,False,0,"[""eye"", ""nerve"", ""retina""]",114,11370
ENSG00000299407,False,0.0,0.0,0.0,0.0,NOT_IN_STRING,0.0,NOT_IN_STRING,False,0.0,False,0,"[""eye"", ""nerve"", ""retina""]",114,11370
ENSG00000299420,False,0.0,0.0,0.0,0.0,NOT_IN_STRING,0.0,NOT_IN_STRING,False,0.0,False,0,"[""eye"", ""nerve"", ""retina""]",114,11370
ENSG00000299427,False,0.0,0.0,0.0,0.0,NOT_IN_STRING,0.0,NOT_IN_STRING,False,0.0,False,0,"[""eye"", ""nerve"", ""retina""]",114,11370
ENSG00000299434,False,0.0,0.0,0.0,0.0,NOT_IN_STRING,0.0,NOT_IN_STRING,False,0.0,False,0,"[""eye"", ""nerve"", ""retina""]",114,11370
ENSG00000299445,False,0.0,0.0,0.0,0.0,NOT_IN_STRING,0.0,NOT_IN_STRING,False,0.0,False,0,"[""eye"", ""nerve"", ""retina""]",114,11370
ENSG00000298193,False,0.0,0.0,0.0,0.0,NOT_IN_STRING,0.0,NOT_IN_STRING,False,0.0,False,0,"[""eye"", ""nerve"", ""retina""]",114,11370
ENSG00000299446,False,0.0,0.0,0.0,0.0,NOT_IN_STRING,0.0,NOT_IN_STRING,False,0.0,False,0,"[""eye"", ""nerve"", ""retina""]",114,11370
ENSG00000299481,False,0.0,0.0,0.0,0.0,NOT_IN_STRING,0.0,NOT_IN_STRING,False,0.0,False,0,"[""eye"", ""nerve"", ""retina""]",114,11370
ENSG00000299538,False,0.0,0.0,0.0,0.0,NOT_IN_STRING,0.0,NOT_IN_STRING,False,0.0,False,0,"[""eye"", ""nerve"", ""retina""]",114,11370
ENSG00000298183,False,0.0,0.0,0.0,0.0,NOT_IN_STRING,0.0,NOT_IN_STRING,False,0.0,False,0,"[""eye"", ""nerve"", ""retina""]",114,11370
ENSG00000299562,False,0.0,0.0,0.0,0.0,NOT_IN_STRING,0.0,NOT_IN_STRING,False,0.0,False,0,"[""eye"", ""nerve"", ""retina""]",114,11370
ENSG00000299567,False,0.0,0.0,0.0,0.0,NOT_IN_STRING,0.0,NOT_IN_STRING,False,0.0,False,0,"[""eye"", ""nerve"", ""retina""]",114,11370
ENSG00000299608,False,0.0,0.0,0.0,0.0,NOT_IN_STRING,0.0,NOT_IN_STRING,False,0.0,False,0,"[""eye"", ""nerve"", ""retina""]",114,11370
ENSG00000299614,False,0.0,0.0,0.0,0.0,NOT_IN_STRING,0.0,NOT_IN_STRING,False,0.0,False,0,"[""eye"", ""nerve"", ""retina""]",114,11370
ENSG00000299646,False,0.0,0.0,0.0,0.0,NOT_IN_STRING,0.0,NOT_IN_STRING,False,0.0,False,0,"[""eye"", ""nerve"", ""retina""]",114,11370
ENSG00000299650,False,0.0,0.0,0.0,0.0,NOT_IN_STRING,0.0,NOT_IN_STRING,False,0.0,False,0,"[""eye"", ""nerve"", ""retina""]",114,11370
ENSG00000299661,False,0.0,0.0,0.0,0.0,NOT_IN_STRING,0.0,NOT_IN_STRING,False,0.0,False,0,"[""eye"", ""nerve"", ""retina""]",114,11370
ENSG00000299676,False,0.0,0.0,0.0,0.0,NOT_IN_STRING,0.0,NOT_IN_STRING,False,0.0,False,0,"[""eye"", ""nerve"", ""retina""]",114,11370
ENSG00000299681,False,0.0,0.0,0.0,0.0,NOT_IN_STRING,0.0,NOT_IN_STRING,False,0.0,False,0,"[""eye"", ""nerve"", ""retina""]",114,11370
ENSG00000299691,False,0.0,0.0,0.0,0.0,NOT_IN_STRING,0.0,NOT_IN_STRING,False,0.0,False,0,"[""eye"", ""nerve"", ""retina""]",114,11370
ENSG00000299692,False,0.0,0.0,0.0,0.0,NOT_IN_STRING,0.0,NOT_IN_STRING,False,0.0,False,0,"[""eye"", ""nerve"", ""retina""]",114,11370
ENSG00000299701,False,0.0,0.0,0.0,0.0,NOT_IN_STRING,0.0,NOT_IN_STRING,False,0.0,False,0,"[""eye"", ""nerve"", ""retina""]",114,11370
ENSG00000299717,False,0.0,0.0,0.0,0.0,NOT_IN_STRING,0.0,NOT_IN_STRING,False,0.0,False,0,"[""eye"", ""nerve"", ""retina""]",114,11370
ENSG00000299551,False,0.0,0.0,0.0,0.0,NOT_IN_STRING,0.0,NOT_IN_STRING,False,0.0,False,0,"[""eye"", ""nerve"", ""retina""]",114,11370
ENSG00000305077,False,0.0,0.0,0.0,0.0,NOT_IN_STRING,0.0,NOT_IN_STRING,False,0.0,False,0,"[""eye"", ""nerve"", ""retina""]",114,11370
ENSG00000305113,False,0.0,0.0,0.0,0.0,NOT_IN_STRING,0.0,NOT_IN_STRING,False,0.0,False,0,"[""eye"", ""nerve"", ""retina""]",114,11370
ENSG00000305162,False,0.0,0.0,0.0,0.0,NOT_IN_STRING,0.0,NOT_IN_STRING,False,0.0,False,0,"[""eye"", ""nerve"", ""retina""]",114,11370
ENSG00000305172,False,0.0,0.0,0.0,0.0,NOT_IN_STRING,0.0,NOT_IN_STRING,False,0.0,False,0,"[""eye"", ""nerve"", ""retina""]",114,11370
ENSG00000305178,False,0.0,0.0,0.0,0.0,NOT_IN_STRING,0.0,NOT_IN_STRING,False,0.0,False,0,"[""eye"", ""nerve"", ""retina""]",114,11370
ENSG00000305183,False,0.0,0.0,0.0,0.0,NOT_IN_STRING,0.0,NOT_IN_STRING,False,0.0,False,0,"[""eye"", ""nerve"", ""retina""]",114,11370
ENSG00000305229,False,0.0,0.0,0.0,0.0,NOT_IN_STRING,0.0,NOT_IN_STRING,False,0.0,False,0,"[""eye"", ""nerve"", ""retina""]",114,11370
ENSG00000305248,False,0.0,0.0,0.0,0.0,NOT_IN_STRING,0.0,NOT_IN_STRING,False,0.0,False,0,"[""eye"", ""nerve"", ""retina""]",114,11370
ENSG00000305314,False,0.0,0.0,0.0,0.0,NOT_IN_STRING,0.0,NOT_IN_STRING,False,0.0,False,0,"[""eye"", ""nerve"", ""retina""]",114,11370
ENSG00000305323,False,0.0,0.0,0.0,0.0,NOT_IN_STRING,0.0,NOT_IN_STRING,False,0.0,False,0,"[""eye"", ""nerve"", ""retina""]",114,11370
ENSG00000305326,False,0.0,0.0,0.0,0.0,NOT_IN_STRING,0.0,NOT_IN_STRING,False,0.0,False,0,"[""eye"", ""nerve"", ""retina""]",114,11370
ENSG00000305329,False,0.0,0.0,0.0,0.0,NOT_IN_STRING,0.0,NOT_IN_STRING,False,0.0,False,0,"[""eye"", ""nerve"", ""retina""]",114,11370
ENSG00000302564,False,0.0,0.0,0.0,0.0,NOT_IN_STRING,0.0,NOT_IN_STRING,False,0.0,False,0,"[""eye"", ""nerve"", ""retina""]",114,11370
ENSG00000305416,False,0.0,0.0,0.0,0.0,NOT_IN_STRING,0.0,NOT_IN_STRING,False,0.0,False,0,"[""eye"", ""nerve"", ""retina""]",114,11370
ENSG00000305433,False,0.0,0.0,0.0,0.0,NOT_IN_STRING,0.0,NOT_IN_STRING,False,0.0,False,0,"[""eye"", ""nerve"", ""retina""]",114,11370
ENSG00000305445,False,0.0,0.0,0.0,0.0,NOT_IN_STRING,0.0,NOT_IN_STRING,False,0.0,False,0,"[""eye"", ""nerve"", ""retina""]",114,11370
ENSG00000305461,False,0.0,0.0,0.0,0.0,NOT_IN_STRING,0.0,NOT_IN_STRING,False,0.0,False,0,"[""eye"", ""nerve"", ""retina""]",114,11370
ENSG00000305466,False,0.0,0.0,0.0,0.0,NOT_IN_STRING,0.0,NOT_IN_STRING,False,0.0,False,0,"[""eye"", ""nerve"", ""retina""]",114,11370
ENSG00000305509,False,0.0,0.0,0.0,0.0,NOT_IN_STRING,0.0,NOT_IN_STRING,False,0.0,False,0,"[""eye"", ""nerve"", ""retina""]",114,11370
ENSG00000305521,False,0.0,0.0,0.0,0.0,NOT_IN_STRING,0.0,NOT_IN_STRING,False,0.0,False,0,"[""eye"", ""nerve"", ""retina""]",114,11370
ENSG00000305527,False,0.0,0.0,0.0,0.0,NOT_IN_STRING,0.0,NOT_IN_STRING,False,0.0,False,0,"[""eye"", ""nerve"", ""retina""]",114,11370
ENSG00000305530,False,0.0,0.0,0.0,0.0,NOT_IN_STRING,0.0,NOT_IN_STRING,False,0.0,False,0,"[""eye"", ""nerve"", ""retina""]",114,11370
ENSG00000305556,False,0.0,0.0,0.0,0.0,NOT_IN_STRING,0.0,NOT_IN_STRING,False,0.0,False,0,"[""eye"", ""nerve"", ""retina""]",114,11370
ENSG00000305561,False,0.0,0.0,0.0,0.0,NOT_IN_STRING,0.0,NOT_IN_STRING,False,0.0,False,0,"[""eye"", ""nerve"", ""retina""]",114,11370
ENSG00000305585,False,0.0,0.0,0.0,0.0,NOT_IN_STRING,0.0,NOT_IN_STRING,False,0.0,False,0,"[""eye"", ""nerve"", ""retina""]",114,11370
ENSG00000305662,False,0.0,0.0,0.0,0.0,NOT_IN_STRING,0.0,NOT_IN_STRING,False,0.0,False,0,"[""eye"", ""nerve"", ""retina""]",114,11370
ENSG00000305398,False,0.0,0.0,0.0,0.0,NOT_IN_STRING,0.0,NOT_IN_STRING,False,0.0,False,0,"[""eye"", ""nerve"", ""retina""]",114,11370
ENSG00000304547,False,0.0,0.0,0.0,0.0,NOT_IN_STRING,0.0,NOT_IN_STRING,False,0.0,False,0,"[""eye"", ""nerve"", ""retina""]",114,11370
ENSG00000304562,False,0.0,0.0,0.0,0.0,NOT_IN_STRING,0.0,NOT_IN_STRING,False,0.0,False,0,"[""eye"", ""nerve"", ""retina""]",114,11370
ENSG00000304579,False,0.0,0.0,0.0,0.0,NOT_IN_STRING,0.0,NOT_IN_STRING,False,0.0,False,0,"[""eye"", ""nerve"", ""retina""]",114,11370
ENSG00000304652,False,0.0,0.0,0.0,0.0,NOT_IN_STRING,0.0,NOT_IN_STRING,False,0.0,False,0,"[""eye"", ""nerve"", ""retina""]",114,11370
ENSG00000304653,False,0.0,0.0,0.0,0.0,NOT_IN_STRING,0.0,NOT_IN_STRING,False,0.0,False,0,"[""eye"", ""nerve"", ""retina""]",114,11370
ENSG00000304675,False,0.0,0.0,0.0,0.0,NOT_IN_STRING,0.0,NOT_IN_STRING,False,0.0,False,0,"[""eye"", ""nerve"", ""retina""]",114,11370
ENSG00000304691,False,0.0,0.0,0.0,0.0,NOT_IN_STRING,0.0,NOT_IN_STRING,False,0.0,False,0,"[""eye"", ""nerve"", ""retina""]",114,11370
ENSG00000304698,False,0.0,0.0,0.0,0.0,NOT_IN_STRING,0.0,NOT_IN_STRING,False,0.0,False,0,"[""eye"", ""nerve"", ""retina""]",114,11370
ENSG00000304744,False,0.0,0.0,0.0,0.0,NOT_IN_STRING,0.0,NOT_IN_STRING,False,0.0,False,0,"[""eye"", ""nerve"", ""retina""]",114,11370
ENSG00000304752,False,0.0,0.0,0.0,0.0,NOT_IN_STRING,0.0,NOT_IN_STRING,False,0.0,False,0,"[""eye"", ""nerve"", ""retina""]",114,11370
ENSG00000304753,False,0.0,0.0,0.0,0.0,NOT_IN_STRING,0.0,NOT_IN_STRING,False,0.0,False,0,"[""eye"", ""nerve"", ""retina""]",114,11370
ENSG00000304765,False,0.0,0.0,0.0,0.0,NOT_IN_STRING,0.0,NOT_IN_STRING,False,0.0,False,0,"[""eye"", ""nerve"", ""retina""]",114,11370
ENSG00000305062,False,0.0,0.0,0.0,0.0,NOT_IN_STRING,0.0,NOT_IN_STRING,False,0.0,False,0,"[""eye"", ""nerve"", ""retina""]",114,11370
ENSG00000304769,False,0.0,0.0,0.0,0.0,NOT_IN_STRING,0.0,NOT_IN_STRING,False,0.0,False,0,"[""eye"", ""nerve"", ""retina""]",114,11370
ENSG00000304775,False,0.0,0.0,0.0,0.0,NOT_IN_STRING,0.0,NOT_IN_STRING,False,0.0,False,0,"[""eye"", ""nerve"", ""retina""]",114,11370
ENSG00000304798,False,0.0,0.0,0.0,0.0,NOT_IN_STRING,0.0,NOT_IN_STRING,False,0.0,False,0,"[""eye"", ""nerve"", ""retina""]",114,11370
ENSG00000304822,False,0.0,0.0,0.0,0.0,NOT_IN_STRING,0.0,NOT_IN_STRING,False,0.0,False,0,"[""eye"", ""nerve"", ""retina""]",114,11370
ENSG00000304893,False,0.0,0.0,0.0,0.0,NOT_IN_STRING,0.0,NOT_IN_STRING,False,0.0,False,0,"[""eye"", ""nerve"", ""retina""]",114,11370
ENSG00000304935,False,0.0,0.0,0.0,0.0,NOT_IN_STRING,0.0,NOT_IN_STRING,False,0.0,False,0,"[""eye"", ""nerve"", ""retina""]",114,11370
ENSG00000304962,False,0.0,0.0,0.0,0.0,NOT_IN_STRING,0.0,NOT_IN_STRING,False,0.0,False,0,"[""eye"", ""nerve"", ""retina""]",114,11370
ENSG00000304984,False,0.0,0.0,0.0,0.0,NOT_IN_STRING,0.0,NOT_IN_STRING,False,0.0,False,0,"[""eye"", ""nerve"", ""retina""]",114,11370
ENSG00000304988,False,0.0,0.0,0.0,0.0,NOT_IN_STRING,0.0,NOT_IN_STRING,False,0.0,False,0,"[""eye"", ""nerve"", ""retina""]",114,11370
ENSG00000304996,False,0.0,0.0,0.0,0.0,NOT_IN_STRING,0.0,NOT_IN_STRING,False,0.0,False,0,"[""eye"", ""nerve"", ""retina""]",114,11370
ENSG00000305002,False,0.0,0.0,0.0,0.0,NOT_IN_STRING,0.0,NOT_IN_STRING,False,0.0,False,0,"[""eye"", ""nerve"", ""retina""]",114,11370
ENSG00000305007,False,0.0,0.0,0.0,0.0,NOT_IN_STRING,0.0,NOT_IN_STRING,False,0.0,False,0,"[""eye"", ""nerve"", ""retina""]",114,11370
ENSG00000305043,False,0.0,0.0,0.0,0.0,NOT_IN_STRING,0.0,NOT_IN_STRING,False,0.0,False,0,"[""eye"", ""nerve"", ""retina""]",114,11370
ENSG00000304768,False,0.0,0.0,0.0,0.0,NOT_IN_STRING,0.0,NOT_IN_STRING,False,0.0,False,0,"[""eye"", ""nerve"", ""retina""]",114,11370
ENSG00000306101,False,0.0,0.0,0.0,0.0,NOT_IN_STRING,0.0,NOT_IN_STRING,False,0.0,False,0,"[""eye"", ""nerve"", ""retina""]",114,11370
ENSG00000306107,False,0.0,0.0,0.0,0.0,NOT_IN_STRING,0.0,NOT_IN_STRING,False,0.0,False,0,"[""eye"", ""nerve"", ""retina""]",114,11370
ENSG00000306132,False,0.0,0.0,0.0,0.0,NOT_IN_STRING,0.0,NOT_IN_STRING,False,0.0,False,0,"[""eye"", ""nerve"", ""retina""]",114,11370
ENSG00000306146,False,0.0,0.0,0.0,0.0,NOT_IN_STRING,0.0,NOT_IN_STRING,False,0.0,False,0,"[""eye"", ""nerve"", ""retina""]",114,11370
ENSG00000306190,False,0.0,0.0,0.0,0.0,NOT_IN_STRING,0.0,NOT_IN_STRING,False,0.0,False,0,"[""eye"", ""nerve"", ""retina""]",114,11370
ENSG00000306213,False,0.0,0.0,0.0,0.0,NOT_IN_STRING,0.0,NOT_IN_STRING,False,0.0,False,0,"[""eye"", ""nerve"", ""retina""]",114,11370
ENSG00000306221,False,0.0,0.0,0.0,0.0,NOT_IN_STRING,0.0,NOT_IN_STRING,False,0.0,False,0,"[""eye"", ""nerve"", ""retina""]",114,11370
ENSG00000306224,False,0.0,0.0,0.0,0.0,NOT_IN_STRING,0.0,NOT_IN_STRING,False,0.0,False,0,"[""eye"", ""nerve"", ""retina""]",114,11370
ENSG00000306231,False,0.0,0.0,0.0,0.0,NOT_IN_STRING,0.0,NOT_IN_STRING,False,0.0,False,0,"[""eye"", ""nerve"", ""retina""]",114,11370
ENSG00000306238,False,0.0,0.0,0.0,0.0,NOT_IN_STRING,0.0,NOT_IN_STRING,False,0.0,False,0,"[""eye"", ""nerve"", ""retina""]",114,11370
ENSG00000306274,False,0.0,0.0,0.0,0.0,NOT_IN_STRING,0.0,NOT_IN_STRING,False,0.0,False,0,"[""eye"", ""nerve"", ""retina""]",114,11370
ENSG00000306276,False,0.0,0.0,0.0,0.0,NOT_IN_STRING,0.0,NOT_IN_STRING,False,0.0,False,0,"[""eye"", ""nerve"", ""retina""]",114,11370
ENSG00000305663,False,0.0,0.0,0.0,0.0,NOT_IN_STRING,0.0,NOT_IN_STRING,False,0.0,False,0,"[""eye"", ""nerve"", ""retina""]",114,11370
ENSG00000306329,False,0.0,0.0,0.0,0.0,NOT_IN_STRING,0.0,NOT_IN_STRING,False,0.0,False,0,"[""eye"", ""nerve"", ""retina""]",114,11370
ENSG00000306343,False,0.0,0.0,0.0,0.0,NOT_IN_STRING,0.0,NOT_IN_STRING,False,0.0,False,0,"[""eye"", ""nerve"", ""retina""]",114,11370
ENSG00000306347,False,0.0,0.0,0.0,0.0,NOT_IN_STRING,0.0,NOT_IN_STRING,False,0.0,False,0,"[""eye"", ""nerve"", ""retina""]",114,11370
ENSG00000306353,False,0.0,0.0,0.0,0.0,NOT_IN_STRING,0.0,NOT_IN_STRING,False,0.0,False,0,"[""eye"", ""nerve"", ""retina""]",114,11370
ENSG00000306360,False,0.0,0.0,0.0,0.0,NOT_IN_STRING,0.0,NOT_IN_STRING,False,0.0,False,0,"[""eye"", ""nerve"", ""retina""]",114,11370
ENSG00000306384,False,0.0,0.0,0.0,0.0,NOT_IN_STRING,0.0,NOT_IN_STRING,False,0.0,False,0,"[""eye"", ""nerve"", ""retina""]",114,11370
ENSG00000306401,False,0.0,0.0,0.0,0.0,NOT_IN_STRING,0.0,NOT_IN_STRING,False,0.0,False,0,"[""eye"", ""nerve"", ""retina""]",114,11370
ENSG00000306435,False,0.0,0.0,0.0,0.0,NOT_IN_STRING,0.0,NOT_IN_STRING,False,0.0,False,0,"[""eye"", ""nerve"", ""retina""]",114,11370
ENSG00000306472,False,0.0,0.0,0.0,0.0,NOT_IN_STRING,0.0,NOT_IN_STRING,False,0.0,False,0,"[""eye"", ""nerve"", ""retina""]",114,11370
ENSG00000306483,False,0.0,0.0,0.0,0.0,NOT_IN_STRING,0.0,NOT_IN_STRING,False,0.0,False,0,"[""eye"", ""nerve"", ""retina""]",114,11370
ENSG00000306489,False,0.0,0.0,0.0,0.0,NOT_IN_STRING,0.0,NOT_IN_STRING,False,0.0,False,0,"[""eye"", ""nerve"", ""retina""]",114,11370
ENSG00000306493,False,0.0,0.0,0.0,0.0,NOT_IN_STRING,0.0,NOT_IN_STRING,False,0.0,False,0,"[""eye"", ""nerve"", ""retina""]",114,11370
ENSG00000306499,False,0.0,0.0,0.0,0.0,NOT_IN_STRING,0.0,NOT_IN_STRING,False,0.0,False,0,"[""eye"", ""nerve"", ""retina""]",114,11370
ENSG00000306299,False,0.0,0.0,0.0,0.0,NOT_IN_STRING,0.0,NOT_IN_STRING,False,0.0,False,0,"[""eye"", ""nerve"", ""retina""]",114,11370
ENSG00000305668,False,0.0,0.0,0.0,0.0,NOT_IN_STRING,0.0,NOT_IN_STRING,False,0.0,False,0,"[""eye"", ""nerve"", ""retina""]",114,11370
ENSG00000305672,False,0.0,0.0,0.0,0.0,NOT_IN_STRING,0.0,NOT_IN_STRING,False,0.0,False,0,"[""eye"", ""nerve"", ""retina""]",114,11370
ENSG00000305684,False,0.0,0.0,0.0,0.0,NOT_IN_STRING,0.0,NOT_IN_STRING,False,0.0,False,0,"[""eye"", ""nerve"", ""retina""]",114,11370
ENSG00000305710,False,0.0,0.0,0.0,0.0,NOT_IN_STRING,0.0,NOT_IN_STRING,False,0.0,False,0,"[""eye"", ""nerve"", ""retina""]",114,11370
ENSG00000305711,False,0.0,0.0,0.0,0.0,NOT_IN_STRING,0.0,NOT_IN_STRING,False,0.0,False,0,"[""eye"", ""nerve"", ""retina""]",114,11370
ENSG00000305714,False,0.0,0.0,0.0,0.0,NOT_IN_STRING,0.0,NOT_IN_STRING,False,0.0,False,0,"[""eye"", ""nerve"", ""retina""]",114,11370
ENSG00000305731,False,0.0,0.0,0.0,0.0,NOT_IN_STRING,0.0,NOT_IN_STRING,False,0.0,False,0,"[""eye"", ""nerve"", ""retina""]",114,11370
ENSG00000305734,False,0.0,0.0,0.0,0.0,NOT_IN_STRING,0.0,NOT_IN_STRING,False,0.0,False,0,"[""eye"", ""nerve"", ""retina""]",114,11370
ENSG00000305735,False,0.0,0.0,0.0,0.0,NOT_IN_STRING,0.0,NOT_IN_STRING,False,0.0,False,0,"[""eye"", ""nerve"", ""retina""]",114,11370
ENSG00000305753,False,0.0,0.0,0.0,0.0,NOT_IN_STRING,0.0,NOT_IN_STRING,False,0.0,False,0,"[""eye"", ""nerve"", ""retina""]",114,11370
ENSG00000305779,False,0.0,0.0,0.0,0.0,NOT_IN_STRING,0.0,NOT_IN_STRING,False,0.0,False,0,"[""eye"", ""nerve"", ""retina""]",114,11370
ENSG00000305792,False,0.0,0.0,0.0,0.0,NOT_IN_STRING,0.0,NOT_IN_STRING,False,0.0,False,0,"[""eye"", ""nerve"", ""retina""]",114,11370
ENSG00000306051,False,0.0,0.0,0.0,0.0,NOT_IN_STRING,0.0,NOT_IN_STRING,False,0.0,False,0,"[""eye"", ""nerve"", ""retina""]",114,11370
ENSG00000305809,False,0.0,0.0,0.0,0.0,NOT_IN_STRING,0.0,NOT_IN_STRING,False,0.0,False,0,"[""eye"", ""nerve"", ""retina""]",114,11370
ENSG00000305816,False,0.0,0.0,0.0,0.0,NOT_IN_STRING,0.0,NOT_IN_STRING,False,0.0,False,0,"[""eye"", ""nerve"", ""retina""]",114,11370
ENSG00000305824,False,0.0,0.0,0.0,0.0,NOT_IN_STRING,0.0,NOT_IN_STRING,False,0.0,False,0,"[""eye"", ""nerve"", ""retina""]",114,11370
ENSG00000305845,False,0.0,0.0,0.0,0.0,NOT_IN_STRING,0.0,NOT_IN_STRING,False,0.0,False,0,"[""eye"", ""nerve"", ""retina""]",114,11370
ENSG00000305853,False,0.0,0.0,0.0,0.0,NOT_IN_STRING,0.0,NOT_IN_STRING,False,0.0,False,0,"[""eye"", ""nerve"", ""retina""]",114,11370
ENSG00000305855,False,0.0,0.0,0.0,0.0,NOT_IN_STRING,0.0,NOT_IN_STRING,False,0.0,False,0,"[""eye"", ""nerve"", ""retina""]",114,11370
ENSG00000305875,False,0.0,0.0,0.0,0.0,NOT_IN_STRING,0.0,NOT_IN_STRING,False,0.0,False,0,"[""eye"", ""nerve"", ""retina""]",114,11370
ENSG00000305907,False,0.0,0.0,0.0,0.0,NOT_IN_STRING,0.0,NOT_IN_STRING,False,0.0,False,0,"[""eye"", ""nerve"", ""retina""]",114,11370
ENSG00000305929,False,0.0,0.0,0.0,0.0,NOT_IN_STRING,0.0,NOT_IN_STRING,False,0.0,False,0,"[""eye"", ""nerve"", ""retina""]",114,11370
ENSG00000305944,False,0.0,0.0,0.0,0.0,NOT_IN_STRING,0.0,NOT_IN_STRING,False,0.0,False,0,"[""eye"", ""nerve"", ""retina""]",114,11370
ENSG00000305957,False,0.0,0.0,0.0,0.0,NOT_IN_STRING,0.0,NOT_IN_STRING,False,0.0,False,0,"[""eye"", ""nerve"", ""retina""]",114,11370
ENSG00000305961,False,0.0,0.0,0.0,0.0,NOT_IN_STRING,0.0,NOT_IN_STRING,False,0.0,False,0,"[""eye"", ""nerve"", ""retina""]",114,11370
ENSG00000305983,False,0.0,0.0,0.0,0.0,NOT_IN_STRING,0.0,NOT_IN_STRING,False,0.0,False,0,"[""eye"", ""nerve"", ""retina""]",114,11370
ENSG00000305799,False,0.0,0.0,0.0,0.0,NOT_IN_STRING,0.0,NOT_IN_STRING,False,0.0,False,0,"[""eye"", ""nerve"", ""retina""]",114,11370
ENSG00000303098,False,0.0,0.0,0.0,0.0,NOT_IN_STRING,0.0,NOT_IN_STRING,False,0.0,False,0,"[""eye"", ""nerve"", ""retina""]",114,11370
ENSG00000303111,False,0.0,0.0,0.0,0.0,NOT_IN_STRING,0.0,NOT_IN_STRING,False,0.0,False,0,"[""eye"", ""nerve"", ""retina""]",114,11370
ENSG00000303121,False,0.0,0.0,0.0,0.0,NOT_IN_STRING,0.0,NOT_IN_STRING,False,0.0,False,0,"[""eye"", ""nerve"", ""retina""]",114,11370
ENSG00000303199,False,0.0,0.0,0.0,0.0,NOT_IN_STRING,0.0,NOT_IN_STRING,False,0.0,False,0,"[""eye"", ""nerve"", ""retina""]",114,11370
ENSG00000303204,False,0.0,0.0,0.0,0.0,NOT_IN_STRING,0.0,NOT_IN_STRING,False,0.0,False,0,"[""eye"", ""nerve"", ""retina""]",114,11370
ENSG00000303205,False,0.0,0.0,0.0,0.0,NOT_IN_STRING,0.0,NOT_IN_STRING,False,0.0,False,0,"[""eye"", ""nerve"", ""retina""]",114,11370
ENSG00000303225,False,0.0,0.0,0.0,0.0,NOT_IN_STRING,0.0,NOT_IN_STRING,False,0.0,False,0,"[""eye"", ""nerve"", ""retina""]",114,11370
ENSG00000303227,False,0.0,0.0,0.0,0.0,NOT_IN_STRING,0.0,NOT_IN_STRING,False,0.0,False,0,"[""eye"", ""nerve"", ""retina""]",114,11370
ENSG00000303264,False,0.0,0.0,0.0,0.0,NOT_IN_STRING,0.0,NOT_IN_STRING,False,0.0,False,0,"[""eye"", ""nerve"", ""retina""]",114,11370
ENSG00000303272,False,0.0,0.0,0.0,0.0,NOT_IN_STRING,0.0,NOT_IN_STRING,False,0.0,False,0,"[""eye"", ""nerve"", ""retina""]",114,11370
ENSG00000303278,False,0.0,0.0,0.0,0.0,NOT_IN_STRING,0.0,NOT_IN_STRING,False,0.0,False,0,"[""eye"", ""nerve"", ""retina""]",114,11370
ENSG00000303288,False,0.0,0.0,0.0,0.0,NOT_IN_STRING,0.0,NOT_IN_STRING,False,0.0,False,0,"[""eye"", ""nerve"", ""retina""]",114,11370
ENSG00000304541,False,0.0,0.0,0.0,0.0,NOT_IN_STRING,0.0,NOT_IN_STRING,False,0.0,False,0,"[""eye"", ""nerve"", ""retina""]",114,11370
ENSG00000303312,False,0.0,0.0,0.0,0.0,NOT_IN_STRING,0.0,NOT_IN_STRING,False,0.0,False,0,"[""eye"", ""nerve"", ""retina""]",114,11370
ENSG00000303318,False,0.0,0.0,0.0,0.0,NOT_IN_STRING,0.0,NOT_IN_STRING,False,0.0,False,0,"[""eye"", ""nerve"", ""retina""]",114,11370
ENSG00000303326,False,0.0,0.0,0.0,0.0,NOT_IN_STRING,0.0,NOT_IN_STRING,False,0.0,False,0,"[""eye"", ""nerve"", ""retina""]",114,11370
ENSG00000303350,False,0.0,0.0,0.0,0.0,NOT_IN_STRING,0.0,NOT_IN_STRING,False,0.0,False,0,"[""eye"", ""nerve"", ""retina""]",114,11370
ENSG00000303366,False,0.0,0.0,0.0,0.0,NOT_IN_STRING,0.0,NOT_IN_STRING,False,0.0,False,0,"[""eye"", ""nerve"", ""retina""]",114,11370
ENSG00000303378,False,0.0,0.0,0.0,0.0,NOT_IN_STRING,0.0,NOT_IN_STRING,False,0.0,False,0,"[""eye"", ""nerve"", ""retina""]",114,11370
ENSG00000303393,False,0.0,0.0,0.0,0.0,NOT_IN_STRING,0.0,NOT_IN_STRING,False,0.0,False,0,"[""eye"", ""nerve"", ""retina""]",114,11370
ENSG00000303474,False,0.0,0.0,0.0,0.0,NOT_IN_STRING,0.0,NOT_IN_STRING,False,0.0,False,0,"[""eye"", ""nerve"", ""retina""]",114,11370
ENSG00000303475,False,0.0,0.0,0.0,0.0,NOT_IN_STRING,0.0,NOT_IN_STRING,False,0.0,False,0,"[""eye"", ""nerve"", ""retina""]",114,11370
ENSG00000303504,False,0.0,0.0,0.0,0.0,NOT_IN_STRING,0.0,NOT_IN_STRING,False,0.0,False,0,"[""eye"", ""nerve"", ""retina""]",114,11370
ENSG00000303520,False,0.0,0.0,0.0,0.0,NOT_IN_STRING,0.0,NOT_IN_STRING,False,0.0,False,0,"[""eye"", ""nerve"", ""retina""]",114,11370
ENSG00000303565,False,0.0,0.0,0.0,0.0,NOT_IN_STRING,0.0,NOT_IN_STRING,False,0.0,False,0,"[""eye"", ""nerve"", ""retina""]",114,11370
ENSG00000303571,False,0.0,0.0,0.0,0.0,NOT_IN_STRING,0.0,NOT_IN_STRING,False,0.0,False,0,"[""eye"", ""nerve"", ""retina""]",114,11370
ENSG00000303307,False,0.0,0.0,0.0,0.0,NOT_IN_STRING,0.0,NOT_IN_STRING,False,0.0,False,0,"[""eye"", ""nerve"", ""retina""]",114,11370
ENSG00000302567,False,0.0,0.0,0.0,0.0,NOT_IN_STRING,0.0,NOT_IN_STRING,False,0.0,False,0,"[""eye"", ""nerve"", ""retina""]",114,11370
ENSG00000302596,False,0.0,0.0,0.0,0.0,NOT_IN_STRING,0.0,NOT_IN_STRING,False,0.0,False,0,"[""eye"", ""nerve"", ""retina""]",114,11370
ENSG00000302609,False,0.0,0.0,0.0,0.0,NOT_IN_STRING,0.0,NOT_IN_STRING,False,0.0,False,0,"[""eye"", ""nerve"", ""retina""]",114,11370
ENSG00000302628,False,0.0,0.0,0.0,0.0,NOT_IN_STRING,0.0,NOT_IN_STRING,False,0.0,False,0,"[""eye"", ""nerve"", ""retina""]",114,11370
ENSG00000302643,False,0.0,0.0,0.0,0.0,NOT_IN_STRING,0.0,NOT_IN_STRING,False,0.0,False,0,"[""eye"", ""nerve"", ""retina""]",114,11370
ENSG00000302649,False,0.0,0.0,0.0,0.0,NOT_IN_STRING,0.0,NOT_IN_STRING,False,0.0,False,0,"[""eye"", ""nerve"", ""retina""]",114,11370
ENSG00000302653,False,0.0,0.0,0.0,0.0,NOT_IN_STRING,0.0,NOT_IN_STRING,False,0.0,False,0,"[""eye"", ""nerve"", ""retina""]",114,11370
ENSG00000302657,False,0.0,0.0,0.0,0.0,NOT_IN_STRING,0.0,NOT_IN_STRING,False,0.0,False,0,"[""eye"", ""nerve"", ""retina""]",114,11370
ENSG00000302669,False,0.0,0.0,0.0,0.0,NOT_IN_STRING,0.0,NOT_IN_STRING,False,0.0,False,0,"[""eye"", ""nerve"", ""retina""]",114,11370
ENSG00000302698,False,0.0,0.0,0.0,0.0,NOT_IN_STRING,0.0,NOT_IN_STRING,False,0.0,False,0,"[""eye"", ""nerve"", ""retina""]",114,11370
ENSG00000302809,False,0.0,0.0,0.0,0.0,NOT_IN_STRING,0.0,NOT_IN_STRING,False,0.0,False,0,"[""eye"", ""nerve"", ""retina""]",114,11370
ENSG00000302847,False,0.0,0.0,0.0,0.0,NOT_IN_STRING,0.0,NOT_IN_STRING,False,0.0,False,0,"[""eye"", ""nerve"", ""retina""]",114,11370
ENSG00000303073,False,0.0,0.0,0.0,0.0,NOT_IN_STRING,0.0,NOT_IN_STRING,False,0.0,False,0,"[""eye"", ""nerve"", ""retina""]",114,11370
ENSG00000302915,False,0.0,0.0,0.0,0.0,NOT_IN_STRING,0.0,NOT_IN_STRING,False,0.0,False,0,"[""eye"", ""nerve"", ""retina""]",114,11370
ENSG00000302921,False,0.0,0.0,0.0,0.0,NOT_IN_STRING,0.0,NOT_IN_STRING,False,0.0,False,0,"[""eye"", ""nerve"", ""retina""]",114,11370
ENSG00000302922,False,0.0,0.0,0.0,0.0,NOT_IN_STRING,0.0,NOT_IN_STRING,False,0.0,False,0,"[""eye"", ""nerve"", ""retina""]",114,11370
ENSG00000302924,False,0.0,0.0,0.0,0.0,NOT_IN_STRING,0.0,NOT_IN_STRING,False,0.0,False,0,"[""eye"", ""nerve"", ""retina""]",114,11370
ENSG00000302944,False,0.0,0.0,0.0,0.0,NOT_IN_STRING,0.0,NOT_IN_STRING,False,0.0,False,0,"[""eye"", ""nerve"", ""retina""]",114,11370
ENSG00000302959,False,0.0,0.0,0.0,0.0,NOT_IN_STRING,0.0,NOT_IN_STRING,False,0.0,False,0,"[""eye"", ""nerve"", ""retina""]",114,11370
ENSG00000302993,False,0.0,0.0,0.0,0.0,NOT_IN_STRING,0.0,NOT_IN_STRING,False,0.0,False,0,"[""eye"", ""nerve"", ""retina""]",114,11370
ENSG00000303015,False,0.0,0.0,0.0,0.0,NOT_IN_STRING,0.0,NOT_IN_STRING,False,0.0,False,0,"[""eye"", ""nerve"", ""retina""]",114,11370
ENSG00000303029,False,0.0,0.0,0.0,0.0,NOT_IN_STRING,0.0,NOT_IN_STRING,False,0.0,False,0,"[""eye"", ""nerve"", ""retina""]",114,11370
ENSG00000303037,False,0.0,0.0,0.0,0.0,NOT_IN_STRING,0.0,NOT_IN_STRING,False,0.0,False,0,"[""eye"", ""nerve"", ""retina""]",114,11370
ENSG00000303044,False,0.0,0.0,0.0,0.0,NOT_IN_STRING,0.0,NOT_IN_STRING,False,0.0,False,0,"[""eye"", ""nerve"", ""retina""]",114,11370
ENSG00000303045,False,0.0,0.0,0.0,0.0,NOT_IN_STRING,0.0,NOT_IN_STRING,False,0.0,False,0,"[""eye"", ""nerve"", ""retina""]",114,11370
ENSG00000303053,False,0.0,0.0,0.0,0.0,NOT_IN_STRING,0.0,NOT_IN_STRING,False,0.0,False,0,"[""eye"", ""nerve"", ""retina""]",114,11370
ENSG00000302862,False,0.0,0.0,0.0,0.0,NOT_IN_STRING,0.0,NOT_IN_STRING,False,0.0,False,0,"[""eye"", ""nerve"", ""retina""]",114,11370
ENSG00000304107,False,0.0,0.0,0.0,0.0,NOT_IN_STRING,0.0,NOT_IN_STRING,False,0.0,False,0,"[""eye"", ""nerve"", ""retina""]",114,11370
ENSG00000304160,False,0.0,0.0,0.0,0.0,NOT_IN_STRING,0.0,NOT_IN_STRING,False,0.0,False,0,"[""eye"", ""nerve"", ""retina""]",114,11370
ENSG00000304165,False,0.0,0.0,0.0,0.0,NOT_IN_STRING,0.0,NOT_IN_STRING,False,0.0,False,0,"[""eye"", ""nerve"", ""retina""]",114,11370
ENSG00000304208,False,0.0,0.0,0.0,0.0,NOT_IN_STRING,0.0,NOT_IN_STRING,False,0.0,False,0,"[""eye"", ""nerve"", ""retina""]",114,11370
ENSG00000304212,False,0.0,0.0,0.0,0.0,NOT_IN_STRING,0.0,NOT_IN_STRING,False,0.0,False,0,"[""eye"", ""nerve"", ""retina""]",114,11370
ENSG00000298021,False,0.0,0.0,0.0,0.0,NOT_IN_STRING,0.0,NOT_IN_STRING,False,0.0,False,0,"[""eye"", ""nerve"", ""retina""]",114,11370
ENSG00000304236,False,0.0,0.0,0.0,0.0,NOT_IN_STRING,0.0,NOT_IN_STRING,False,0.0,False,0,"[""eye"", ""nerve"", ""retina""]",114,11370
ENSG00000304252,False,0.0,0.0,0.0,0.0,NOT_IN_STRING,0.0,NOT_IN_STRING,False,0.0,False,0,"[""eye"", ""nerve"", ""retina""]",114,11370
ENSG00000304259,False,0.0,0.0,0.0,0.0,NOT_IN_STRING,0.0,NOT_IN_STRING,False,0.0,False,0,"[""eye"", ""nerve"", ""retina""]",114,11370
ENSG00000304268,False,0.0,0.0,0.0,0.0,NOT_IN_STRING,0.0,NOT_IN_STRING,False,0.0,False,0,"[""eye"", ""nerve"", ""retina""]",114,11370
ENSG00000304270,False,0.0,0.0,0.0,0.0,NOT_IN_STRING,0.0,NOT_IN_STRING,False,0.0,False,0,"[""eye"", ""nerve"", ""retina""]",114,11370
ENSG00000304274,False,0.0,0.0,0.0,0.0,NOT_IN_STRING,0.0,NOT_IN_STRING,False,0.0,False,0,"[""eye"", ""nerve"", ""retina""]",114,11370
ENSG00000303597,False,0.0,0.0,0.0,0.0,NOT_IN_STRING,0.0,NOT_IN_STRING,False,0.0,False,0,"[""eye"", ""nerve"", ""retina""]",114,11370
ENSG00000304297,False,0.0,0.0,0.0,0.0,NOT_IN_STRING,0.0,NOT_IN_STRING,False,0.0,False,0,"[""eye"", ""nerve"", ""retina""]",114,11370
ENSG00000304304,False,0.0,0.0,0.0,0.0,NOT_IN_STRING,0.0,NOT_IN_STRING,False,0.0,False,0,"[""eye"", ""nerve"", ""retina""]",114,11370
ENSG00000304306,False,0.0,0.0,0.0,0.0,NOT_IN_STRING,0.0,NOT_IN_STRING,False,0.0,False,0,"[""eye"", ""nerve"", ""retina""]",114,11370
ENSG00000304334,False,0.0,0.0,0.0,0.0,NOT_IN_STRING,0.0,NOT_IN_STRING,False,0.0,False,0,"[""eye"", ""nerve"", ""retina""]",114,11370
ENSG00000304337,False,0.0,0.0,0.0,0.0,NOT_IN_STRING,0.0,NOT_IN_STRING,False,0.0,False,0,"[""eye"", ""nerve"", ""retina""]",114,11370
ENSG00000304391,False,0.0,0.0,0.0,0.0,NOT_IN_STRING,0.0,NOT_IN_STRING,False,0.0,False,0,"[""eye"", ""nerve"", ""retina""]",114,11370
ENSG00000304405,False,0.0,0.0,0.0,0.0,NOT_IN_STRING,0.0,NOT_IN_STRING,False,0.0,False,0,"[""eye"", ""nerve"", ""retina""]",114,11370
ENSG00000304442,False,0.0,0.0,0.0,0.0,NOT_IN_STRING,0.0,NOT_IN_STRING,False,0.0,False,0,"[""eye"", ""nerve"", ""retina""]",114,11370
ENSG00000298016,False,0.0,0.0,0.0,0.0,NOT_IN_STRING,0.0,NOT_IN_STRING,False,0.0,False,0,"[""eye"", ""nerve"", ""retina""]",114,11370
ENSG00000304483,False,0.0,0.0,0.0,0.0,NOT_IN_STRING,0.0,NOT_IN_STRING,False,0.0,False,0,"[""eye"", ""nerve"", ""retina""]",114,11370
ENSG00000304486,False,0.0,0.0,0.0,0.0,NOT_IN_STRING,0.0,NOT_IN_STRING,False,0.0,False,0,"[""eye"", ""nerve"", ""retina""]",114,11370
ENSG00000304491,False,0.0,0.0,0.0,0.0,NOT_IN_STRING,0.0,NOT_IN_STRING,False,0.0,False,0,"[""eye"", ""nerve"", ""retina""]",114,11370
ENSG00000304536,False,0.0,0.0,0.0,0.0,NOT_IN_STRING,0.0,NOT_IN_STRING,False,0.0,False,0,"[""eye"", ""nerve"", ""retina""]",114,11370
ENSG00000304284,False,0.0,0.0,0.0,0.0,NOT_IN_STRING,0.0,NOT_IN_STRING,False,0.0,False,0,"[""eye"", ""nerve"", ""retina""]",114,11370
ENSG00000303665,False,0.0,0.0,0.0,0.0,NOT_IN_STRING,0.0,NOT_IN_STRING,False,0.0,False,0,"[""eye"", ""nerve"", ""retina""]",114,11370
ENSG00000303693,False,0.0,0.0,0.0,0.0,NOT_IN_STRING,0.0,NOT_IN_STRING,False,0.0,False,0,"[""eye"", ""nerve"", ""retina""]",114,11370
ENSG00000303718,False,0.0,0.0,0.0,0.0,NOT_IN_STRING,0.0,NOT_IN_STRING,False,0.0,False,0,"[""eye"", ""nerve"", ""retina""]",114,11370
ENSG00000303739,False,0.0,0.0,0.0,0.0,NOT_IN_STRING,0.0,NOT_IN_STRING,False,0.0,False,0,"[""eye"", ""nerve"", ""retina""]",114,11370
ENSG00000303748,False,0.0,0.0,0.0,0.0,NOT_IN_STRING,0.0,NOT_IN_STRING,False,0.0,False,0,"[""eye"", ""nerve"", ""retina""]",114,11370
ENSG00000303757,False,0.0,0.0,0.0,0.0,NOT_IN_STRING,0.0,NOT_IN_STRING,False,0.0,False,0,"[""eye"", ""nerve"", ""retina""]",114,11370
ENSG00000303763,False,0.0,0.0,0.0,0.0,NOT_IN_STRING,0.0,NOT_IN_STRING,False,0.0,False,0,"[""eye"", ""nerve"", ""retina""]",114,11370
ENSG00000303795,False,0.0,0.0,0.0,0.0,NOT_IN_STRING,0.0,NOT_IN_STRING,False,0.0,False,0,"[""eye"", ""nerve"", ""retina""]",114,11370
ENSG00000303859,False,0.0,0.0,0.0,0.0,NOT_IN_STRING,0.0,NOT_IN_STRING,False,0.0,False,0,"[""eye"", ""nerve"", ""retina""]",114,11370
ENSG00000303861,False,0.0,0.0,0.0,0.0,NOT_IN_STRING,0.0,NOT_IN_STRING,False,0.0,False,0,"[""eye"", ""nerve"", ""retina""]",114,11370
ENSG00000303903,False,0.0,0.0,0.0,0.0,NOT_IN_STRING,0.0,NOT_IN_STRING,False,0.0,False,0,"[""eye"", ""nerve"", ""retina""]",114,11370
ENSG00000303930,False,0.0,0.0,0.0,0.0,NOT_IN_STRING,0.0,NOT_IN_STRING,False,0.0,False,0,"[""eye"", ""nerve"", ""retina""]",114,11370
ENSG00000298121,False,0.0,0.0,0.0,0.0,NOT_IN_STRING,0.0,NOT_IN_STRING,False,0.0,False,0,"[""eye"", ""nerve"", ""retina""]",114,11370
ENSG00000304101,False,0.0,0.0,0.0,0.0,NOT_IN_STRING,0.0,NOT_IN_STRING,False,0.0,False,0,"[""eye"", ""nerve"", ""retina""]",114,11370
ENSG00000303946,False,0.0,0.0,0.0,0.0,NOT_IN_STRING,0.0,NOT_IN_STRING,False,0.0,False,0,"[""eye"", ""nerve"", ""retina""]",114,11370
ENSG00000303952,False,0.0,0.0,0.0,0.0,NOT_IN_STRING,0.0,NOT_IN_STRING,False,0.0,False,0,"[""eye"", ""nerve"", ""retina""]",114,11370
ENSG00000298113,False,0.0,0.0,0.0,0.0,NOT_IN_STRING,0.0,NOT_IN_STRING,False,0.0,False,0,"[""eye"", ""nerve"", ""retina""]",114,11370
ENSG00000298083,False,0.0,0.0,0.0,0.0,NOT_IN_STRING,0.0,NOT_IN_STRING,False,0.0,False,0,"[""eye"", ""nerve"", ""retina""]",114,11370
ENSG00000303959,False,0.0,0.0,0.0,0.0,NOT_IN_STRING,0.0,NOT_IN_STRING,False,0.0,False,0,"[""eye"", ""nerve"", ""retina""]",114,11370
ENSG00000303969,False,0.0,0.0,0.0,0.0,NOT_IN_STRING,0.0,NOT_IN_STRING,False,0.0,False,0,"[""eye"", ""nerve"", ""retina""]",114,11370
ENSG00000298028,False,0.0,0.0,0.0,0.0,NOT_IN_STRING,0.0,NOT_IN_STRING,False,0.0,False,0,"[""eye"", ""nerve"", ""retina""]",114,11370
ENSG00000303985,False,0.0,0.0,0.0,0.0,NOT_IN_STRING,0.0,NOT_IN_STRING,False,0.0,False,0,"[""eye"", ""nerve"", ""retina""]",114,11370
ENSG00000304037,False,0.0,0.0,0.0,0.0,NOT_IN_STRING,0.0,NOT_IN_STRING,False,0.0,False,0,"[""eye"", ""nerve"", ""retina""]",114,11370
ENSG00000304055,False,0.0,0.0,0.0,0.0,NOT_IN_STRING,0.0,NOT_IN_STRING,False,0.0,False,0,"[""eye"", ""nerve"", ""retina""]",114,11370
ENSG00000304064,False,0.0,0.0,0.0,0.0,NOT_IN_STRING,0.0,NOT_IN_STRING,False,0.0,False,0,"[""eye"", ""nerve"", ""retina""]",114,11370
ENSG00000304073,False,0.0,0.0,0.0,0.0,NOT_IN_STRING,0.0,NOT_IN_STRING,False,0.0,False,0,"[""eye"", ""nerve"", ""retina""]",114,11370
ENSG00000304089,False,0.0,0.0,0.0,0.0,NOT_IN_STRING,0.0,NOT_IN_STRING,False,0.0,False,0,"[""eye"", ""nerve"", ""retina""]",114,11370
ENSG00000303945,False,0.0,0.0,0.0,0.0,NOT_IN_STRING,0.0,NOT_IN_STRING,False,0.0,False,0,"[""eye"", ""nerve"", ""retina""]",114,11370
RNU6-1192P,False,0.0,0.0,0.0,0.0,NOT_IN_STRING,0.0,NOT_IN_STRING,False,0.0,False,0,"[""eye"", ""nerve"", ""retina""]",114,11370
RNU6-1248P,False,0.0,0.0,0.0,0.0,NOT_IN_STRING,0.0,NOT_IN_STRING,False,0.0,False,0,"[""eye"", ""nerve"", ""retina""]",114,11370
RNU6-1277P,False,0.0,0.0,0.0,0.0,NOT_IN_STRING,0.0,NOT_IN_STRING,False,0.0,False,0,"[""eye"", ""nerve"", ""retina""]",114,11370
RNU6-140P,False,0.0,0.0,0.0,0.0,NOT_IN_STRING,0.0,NOT_IN_STRING,False,0.0,False,0,"[""eye"", ""nerve"", ""retina""]",114,11370
RNU6-218P,False,0.0,0.0,0.0,0.0,NOT_IN_STRING,0.0,NOT_IN_STRING,False,0.0,False,0,"[""eye"", ""nerve"", ""retina""]",114,11370
RNU6-221P,False,0.0,0.0,0.0,0.0,NOT_IN_STRING,0.0,NOT_IN_STRING,False,0.0,False,0,"[""eye"", ""nerve"", ""retina""]",114,11370
RNU6-231P,False,0.0,0.0,0.0,0.0,NOT_IN_STRING,0.0,NOT_IN_STRING,False,0.0,False,0,"[""eye"", ""nerve"", ""retina""]",114,11370
RNU6-253P,False,0.0,0.0,0.0,0.0,NOT_IN_STRING,0.0,NOT_IN_STRING,False,0.0,False,0,"[""eye"", ""nerve"", ""retina""]",114,11370
RNU6-263P,False,0.0,0.0,0.0,0.0,NOT_IN_STRING,0.0,NOT_IN_STRING,False,0.0,False,0,"[""eye"", ""nerve"", ""retina""]",114,11370
RNU6-355P,False,0.0,0.0,0.0,0.0,NOT_IN_STRING,0.0,NOT_IN_STRING,False,0.0,False,0,"[""eye"", ""nerve"", ""retina""]",114,11370
RNU6-554P,False,0.0,0.0,0.0,0.0,NOT_IN_STRING,0.0,NOT_IN_STRING,False,0.0,False,0,"[""eye"", ""nerve"", ""retina""]",114,11370
ENSG00000297977,False,0.0,0.0,0.0,0.0,NOT_IN_STRING,0.0,NOT_IN_STRING,False,0.0,False,0,"[""eye"", ""nerve"", ""retina""]",114,11370
RNU6-584P,False,0.0,0.0,0.0,0.0,NOT_IN_STRING,0.0,NOT_IN_STRING,False,0.0,False,0,"[""eye"", ""nerve"", ""retina""]",114,11370
RNU6-696P,False,0.0,0.0,0.0,0.0,NOT_IN_STRING,0.0,NOT_IN_STRING,False,0.0,False,0,"[""eye"", ""nerve"", ""retina""]",114,11370
RNU6-816P,False,0.0,0.0,0.0,0.0,NOT_IN_STRING,0.0,NOT_IN_STRING,False,0.0,False,0,"[""eye"", ""nerve"", ""retina""]",114,11370
RNU6-893P,False,0.0,0.0,0.0,0.0,NOT_IN_STRING,0.0,NOT_IN_STRING,False,0.0,False,0,"[""eye"", ""nerve"", ""retina""]",114,11370
RNU6-903P,False,0.0,0.0,0.0,0.0,NOT_IN_STRING,0.0,NOT_IN_STRING,False,0.0,False,0,"[""eye"", ""nerve"", ""retina""]",114,11370
RNU6-912P,False,0.0,0.0,0.0,0.0,NOT_IN_STRING,0.0,NOT_IN_STRING,False,0.0,False,0,"[""eye"", ""nerve"", ""retina""]",114,11370
RNU6-921P,False,0.0,0.0,0.0,0.0,NOT_IN_STRING,0.0,NOT_IN_STRING,False,0.0,False,0,"[""eye"", ""nerve"", ""retina""]",114,11370
RNU6-924P,False,0.0,0.0,0.0,0.0,NOT_IN_STRING,0.0,NOT_IN_STRING,False,0.0,False,0,"[""eye"", ""nerve"", ""retina""]",114,11370
RNU6-930P,False,0.0,0.0,0.0,0.0,NOT_IN_STRING,0.0,NOT_IN_STRING,False,0.0,False,0,"[""eye"", ""nerve"", ""retina""]",114,11370
RNU6-977P,False,0.0,0.0,0.0,0.0,NOT_IN_STRING,0.0,NOT_IN_STRING,False,0.0,False,0,"[""eye"", ""nerve"", ""retina""]",114,11370
RNU6-988P,False,0.0,0.0,0.0,0.0,NOT_IN_STRING,0.0,NOT_IN_STRING,False,0.0,False,0,"[""eye"", ""nerve"", ""retina""]",114,11370
RNU6-993P,False,0.0,0.0,0.0,0.0,NOT_IN_STRING,0.0,NOT_IN_STRING,False,0.0,False,0,"[""eye"", ""nerve"", ""retina""]",114,11370
RNU6-55P,False,0.0,0.0,0.0,0.0,NOT_IN_STRING,0.0,NOT_IN_STRING,False,0.0,False,0,"[""eye"", ""nerve"", ""retina""]",114,11370
RN7SL749P,False,0.0,0.0,0.0,0.0,NOT_IN_STRING,0.0,NOT_IN_STRING,False,0.0,False,0,"[""eye"", ""nerve"", ""retina""]",114,11370
RN7SL782P,False,0.0,0.0,0.0,0.0,NOT_IN_STRING,0.0,NOT_IN_STRING,False,0.0,False,0,"[""eye"", ""nerve"", ""retina""]",114,11370
RN7SL787P,False,0.0,0.0,0.0,0.0,NOT_IN_STRING,0.0,NOT_IN_STRING,False,0.0,False,0,"[""eye"", ""nerve"", ""retina""]",114,11370
RN7SL812P,False,0.0,0.0,0.0,0.0,NOT_IN_STRING,0.0,NOT_IN_STRING,False,0.0,False,0,"[""eye"", ""nerve"", ""retina""]",114,11370
RN7SL843P,False,0.0,0.0,0.0,0.0,NOT_IN_STRING,0.0,NOT_IN_STRING,False,0.0,False,0,"[""eye"", ""nerve"", ""retina""]",114,11370
RNA5SP202,False,0.0,0.0,0.0,0.0,NOT_IN_STRING,0.0,NOT_IN_STRING,False,0.0,False,0,"[""eye"", ""nerve"", ""retina""]",114,11370
RNA5SP225,False,0.0,0.0,0.0,0.0,NOT_IN_STRING,0.0,NOT_IN_STRING,False,0.0,False,0,"[""eye"", ""nerve"", ""retina""]",114,11370
RNA5SP333,False,0.0,0.0,0.0,0.0,NOT_IN_STRING,0.0,NOT_IN_STRING,False,0.0,False,0,"[""eye"", ""nerve"", ""retina""]",114,11370
RNA5SP429,False,0.0,0.0,0.0,0.0,NOT_IN_STRING,0.0,NOT_IN_STRING,False,0.0,False,0,"[""eye"", ""nerve"", ""retina""]",114,11370
RNA5SP432,False,0.0,0.0,0.0,0.0,NOT_IN_STRING,0.0,NOT_IN_STRING,False,0.0,False,0,"[""eye"", ""nerve"", ""retina""]",114,11370
RNA5SP467,False,0.0,0.0,0.0,0.0,NOT_IN_STRING,0.0,NOT_IN_STRING,False,0.0,False,0,"[""eye"", ""nerve"", ""retina""]",114,11370
RNU6-1155P,False,0.0,0.0,0.0,0.0,NOT_IN_STRING,0.0,NOT_IN_STRING,False,0.0,False,0,"[""eye"", ""nerve"", ""retina""]",114,11370
RNF216P1,False,0.0,0.0,0.0,0.0,NOT_IN_STRING,0.0,NOT_IN_STRING,False,0.0,False,0,"[""eye"", ""nerve"", ""retina""]",114,11370
RNF32-DT,False,0.0,0.0,0.0,0.0,NOT_IN_STRING,0.0,NOT_IN_STRING,False,0.0,False,0,"[""eye"", ""nerve"", ""retina""]",114,11370
RNF7P1,False,0.0,0.0,0.0,0.0,NOT_IN_STRING,0.0,NOT_IN_STRING,False,0.0,False,0,"[""eye"", ""nerve"", ""retina""]",114,11370
RNFT1P2,False,0.0,0.0,0.0,0.0,NOT_IN_STRING,0.0,NOT_IN_STRING,False,0.0,False,0,"[""eye"", ""nerve"", ""retina""]",114,11370
RNU1-1,False,0.0,0.0,0.0,0.0,NOT_IN_STRING,0.0,NOT_IN_STRING,False,0.0,False,0,"[""eye"", ""nerve"", ""retina""]",114,11370
RNU1-22P,False,0.0,0.0,0.0,0.0,NOT_IN_STRING,0.0,NOT_IN_STRING,False,0.0,False,0,"[""eye"", ""nerve"", ""retina""]",114,11370
RNU1-36P,False,0.0,0.0,0.0,0.0,NOT_IN_STRING,0.0,NOT_IN_STRING,False,0.0,False,0,"[""eye"", ""nerve"", ""retina""]",114,11370
RNU4-10P,False,0.0,0.0,0.0,0.0,NOT_IN_STRING,0.0,NOT_IN_STRING,False,0.0,False,0,"[""eye"", ""nerve"", ""retina""]",114,11370
RNU4ATAC18P,False,0.0,0.0,0.0,0.0,NOT_IN_STRING,0.0,NOT_IN_STRING,False,0.0,False,0,"[""eye"", ""nerve"", ""retina""]",114,11370
RNU5B-3P,False,0.0,0.0,0.0,0.0,NOT_IN_STRING,0.0,NOT_IN_STRING,False,0.0,False,0,"[""eye"", ""nerve"", ""retina""]",114,11370
RNU6-1012P,False,0.0,0.0,0.0,0.0,NOT_IN_STRING,0.0,NOT_IN_STRING,False,0.0,False,0,"[""eye"", ""nerve"", ""retina""]",114,11370
RNU6-1126P,False,0.0,0.0,0.0,0.0,NOT_IN_STRING,0.0,NOT_IN_STRING,False,0.0,False,0,"[""eye"", ""nerve"", ""retina""]",114,11370
RNF213-AS1,False,0.0,0.0,0.0,0.0,NOT_IN_STRING,0.0,NOT_IN_STRING,False,0.0,False,0,"[""eye"", ""nerve"", ""retina""]",114,11370
RPL31P6,False,0.0,0.0,0.0,0.0,NOT_IN_STRING,0.0,NOT_IN_STRING,False,0.0,False,0,"[""eye"", ""nerve"", ""retina""]",114,11370
RPL32P24,False,0.0,0.0,0.0,0.0,NOT_IN_STRING,0.0,NOT_IN_STRING,False,0.0,False,0,"[""eye"", ""nerve"", ""retina""]",114,11370
RPL34P19,False,0.0,0.0,0.0,0.0,NOT_IN_STRING,0.0,NOT_IN_STRING,False,0.0,False,0,"[""eye"", ""nerve"", ""retina""]",114,11370
RPL34P35,False,0.0,0.0,0.0,0.0,NOT_IN_STRING,0.0,NOT_IN_STRING,False,0.0,False,0,"[""eye"", ""nerve"", ""retina""]",114,11370
RPL35P6,False,0.0,0.0,0.0,0.0,NOT_IN_STRING,0.0,NOT_IN_STRING,False,0.0,False,0,"[""eye"", ""nerve"", ""retina""]",114,11370
RPL36P5,False,0.0,0.0,0.0,0.0,NOT_IN_STRING,0.0,NOT_IN_STRING,False,0.0,False,0,"[""eye"", ""nerve"", ""retina""]",114,11370
RPL39P38,False,0.0,0.0,0.0,0.0,NOT_IN_STRING,0.0,NOT_IN_STRING,False,0.0,False,0,"[""eye"", ""nerve"", ""retina""]",114,11370
RPL3P1,False,0.0,0.0,0.0,0.0,NOT_IN_STRING,0.0,NOT_IN_STRING,False,0.0,False,0,"[""eye"", ""nerve"", ""retina""]",114,11370
RPL5P28,False,0.0,0.0,0.0,0.0,NOT_IN_STRING,0.0,NOT_IN_STRING,False,0.0,False,0,"[""eye"", ""nerve"", ""retina""]",114,11370
RPL5P29,False,0.0,0.0,0.0,0.0,NOT_IN_STRING,0.0,NOT_IN_STRING,False,0.0,False,0,"[""eye"", ""nerve"", ""retina""]",114,11370
RPL7AP12,False,0.0,0.0,0.0,0.0,NOT_IN_STRING,0.0,NOT_IN_STRING,False,0.0,False,0,"[""eye"", ""nerve"", ""retina""]",114,11370
RNU6ATAC3P,False,0.0,0.0,0.0,0.0,NOT_IN_STRING,0.0,NOT_IN_STRING,False,0.0,False,0,"[""eye"", ""nerve"", ""retina""]",114,11370
RPL7AP64,False,0.0,0.0,0.0,0.0,NOT_IN_STRING,0.0,NOT_IN_STRING,False,0.0,False,0,"[""eye"", ""nerve"", ""retina""]",114,11370
RPL7AP74,False,0.0,0.0,0.0,0.0,NOT_IN_STRING,0.0,NOT_IN_STRING,False,0.0,False,0,"[""eye"", ""nerve"", ""retina""]",114,11370
RPL7AP81,False,0.0,0.0,0.0,0.0,NOT_IN_STRING,0.0,NOT_IN_STRING,False,0.0,False,0,"[""eye"", ""nerve"", ""retina""]",114,11370
RPL7P51,False,0.0,0.0,0.0,0.0,NOT_IN_STRING,0.0,NOT_IN_STRING,False,0.0,False,0,"[""eye"", ""nerve"", ""retina""]",114,11370
RPS3AP2,False,0.0,0.0,0.0,0.0,NOT_IN_STRING,0.0,NOT_IN_STRING,False,0.0,False,0,"[""eye"", ""nerve"", ""retina""]",114,11370
RPS8P11,False,0.0,0.0,0.0,0.0,NOT_IN_STRING,0.0,NOT_IN_STRING,False,0.0,False,0,"[""eye"", ""nerve"", ""retina""]",114,11370
RSC1A1,False,0.0,0.0,0.0,0.0,NOT_IN_STRING,0.0,NOT_IN_STRING,False,0.0,False,0,"[""eye"", ""nerve"", ""retina""]",114,11370
RUNX1-AS1,False,0.0,0.0,0.0,0.0,NOT_IN_STRING,0.0,NOT_IN_STRING,False,0.0,False,0,"[""eye"", ""nerve"", ""retina""]",114,11370
RUNX3-AS1,False,0.0,0.0,0.0,0.0,NOT_IN_STRING,0.0,NOT_IN_STRING,False,0.0,False,0,"[""eye"", ""nerve"", ""retina""]",114,11370
RWDD4P1,False,0.0,0.0,0.0,0.0,NOT_IN_STRING,0.0,NOT_IN_STRING,False,0.0,False,0,"[""eye"", ""nerve"", ""retina""]",114,11370
RYR3-DT,False,0.0,0.0,0.0,0.0,NOT_IN_STRING,0.0,NOT_IN_STRING,False,0.0,False,0,"[""eye"", ""nerve"", ""retina""]",114,11370
SAMD12-AS1,False,0.0,0.0,0.0,0.0,NOT_IN_STRING,0.0,NOT_IN_STRING,False,0.0,False,0,"[""eye"", ""nerve"", ""retina""]",114,11370
RPL7AP62,False,0.0,0.0,0.0,0.0,NOT_IN_STRING,0.0,NOT_IN_STRING,False,0.0,False,0,"[""eye"", ""nerve"", ""retina""]",114,11370
RNU6ATAC42P,False,0.0,0.0,0.0,0.0,NOT_IN_STRING,0.0,NOT_IN_STRING,False,0.0,False,0,"[""eye"", ""nerve"", ""retina""]",114,11370
RNU7-22P,False,0.0,0.0,0.0,0.0,NOT_IN_STRING,0.0,NOT_IN_STRING,False,0.0,False,0,"[""eye"", ""nerve"", ""retina""]",114,11370
RNU7-62P,False,0.0,0.0,0.0,0.0,NOT_IN_STRING,0.0,NOT_IN_STRING,False,0.0,False,0,"[""eye"", ""nerve"", ""retina""]",114,11370
RNU7-65P,False,0.0,0.0,0.0,0.0,NOT_IN_STRING,0.0,NOT_IN_STRING,False,0.0,False,0,"[""eye"", ""nerve"", ""retina""]",114,11370
RNVU1-33,False,0.0,0.0,0.0,0.0,NOT_IN_STRING,0.0,NOT_IN_STRING,False,0.0,False,0,"[""eye"", ""nerve"", ""retina""]",114,11370
RNY1P5,False,0.0,0.0,0.0,0.0,NOT_IN_STRING,0.0,NOT_IN_STRING,False,0.0,False,0,"[""eye"", ""nerve"", ""retina""]",114,11370
RORA-AS1,False,0.0,0.0,0.0,0.0,NOT_IN_STRING,0.0,NOT_IN_STRING,False,0.0,False,0,"[""eye"", ""nerve"", ""retina""]",114,11370
RORB-AS1,False,0.0,0.0,0.0,0.0,NOT_IN_STRING,0.0,NOT_IN_STRING,False,0.0,False,0,"[""eye"", ""nerve"", ""retina""]",114,11370
RPL12P32,False,0.0,0.0,0.0,0.0,NOT_IN_STRING,0.0,NOT_IN_STRING,False,0.0,False,0,"[""eye"", ""nerve"", ""retina""]",114,11370
RPL13AP18,False,0.0,0.0,0.0,0.0,NOT_IN_STRING,0.0,NOT_IN_STRING,False,0.0,False,0,"[""eye"", ""nerve"", ""retina""]",114,11370
RPL17P21,False,0.0,0.0,0.0,0.0,NOT_IN_STRING,0.0,NOT_IN_STRING,False,0.0,False,0,"[""eye"", ""nerve"", ""retina""]",114,11370
RPL17P4,False,0.0,0.0,0.0,0.0,NOT_IN_STRING,0.0,NOT_IN_STRING,False,0.0,False,0,"[""eye"", ""nerve"", ""retina""]",114,11370
RPL31P57,False,0.0,0.0,0.0,0.0,NOT_IN_STRING,0.0,NOT_IN_STRING,False,0.0,False,0,"[""eye"", ""nerve"", ""retina""]",114,11370
RPL21P55,False,0.0,0.0,0.0,0.0,NOT_IN_STRING,0.0,NOT_IN_STRING,False,0.0,False,0,"[""eye"", ""nerve"", ""retina""]",114,11370
RPL23AP2,False,0.0,0.0,0.0,0.0,NOT_IN_STRING,0.0,NOT_IN_STRING,False,0.0,False,0,"[""eye"", ""nerve"", ""retina""]",114,11370
RPL23AP40,False,0.0,0.0,0.0,0.0,NOT_IN_STRING,0.0,NOT_IN_STRING,False,0.0,False,0,"[""eye"", ""nerve"", ""retina""]",114,11370
RPL23AP64,False,0.0,0.0,0.0,0.0,NOT_IN_STRING,0.0,NOT_IN_STRING,False,0.0,False,0,"[""eye"", ""nerve"", ""retina""]",114,11370
RPL23AP7,False,0.0,0.0,0.0,0.0,NOT_IN_STRING,0.0,NOT_IN_STRING,False,0.0,False,0,"[""eye"", ""nerve"", ""retina""]",114,11370
RPL23AP87,False,0.0,0.0,0.0,0.0,NOT_IN_STRING,0.0,NOT_IN_STRING,False,0.0,False,0,"[""eye"", ""nerve"", ""retina""]",114,11370
RPL23P10,False,0.0,0.0,0.0,0.0,NOT_IN_STRING,0.0,NOT_IN_STRING,False,0.0,False,0,"[""eye"", ""nerve"", ""retina""]",114,11370
RPL23P2,False,0.0,0.0,0.0,0.0,NOT_IN_STRING,0.0,NOT_IN_STRING,False,0.0,False,0,"[""eye"", ""nerve"", ""retina""]",114,11370
RPL27P7,False,0.0,0.0,0.0,0.0,NOT_IN_STRING,0.0,NOT_IN_STRING,False,0.0,False,0,"[""eye"", ""nerve"", ""retina""]",114,11370
RPL29P22,False,0.0,0.0,0.0,0.0,NOT_IN_STRING,0.0,NOT_IN_STRING,False,0.0,False,0,"[""eye"", ""nerve"", ""retina""]",114,11370
RPL30P12,False,0.0,0.0,0.0,0.0,NOT_IN_STRING,0.0,NOT_IN_STRING,False,0.0,False,0,"[""eye"", ""nerve"", ""retina""]",114,11370
RPL31P3,False,0.0,0.0,0.0,0.0,NOT_IN_STRING,0.0,NOT_IN_STRING,False,0.0,False,0,"[""eye"", ""nerve"", ""retina""]",114,11370
RPL21P127,False,0.0,0.0,0.0,0.0,NOT_IN_STRING,0.0,NOT_IN_STRING,False,0.0,False,0,"[""eye"", ""nerve"", ""retina""]",114,11370
PCMTD1P2,False,0.0,0.0,0.0,0.0,NOT_IN_STRING,0.0,NOT_IN_STRING,False,0.0,False,0,"[""eye"", ""nerve"", ""retina""]",114,11370
PCSK6-AS1,False,0.0,0.0,0.0,0.0,NOT_IN_STRING,0.0,NOT_IN_STRING,False,0.0,False,0,"[""eye"", ""nerve"", ""retina""]",114,11370
PDE11A-AS1,False,0.0,0.0,0.0,0.0,NOT_IN_STRING,0.0,NOT_IN_STRING,False,0.0,False,0,"[""eye"", ""nerve"", ""retina""]",114,11370
PDE4D-AS1,False,0.0,0.0,0.0,0.0,NOT_IN_STRING,0.0,NOT_IN_STRING,False,0.0,False,0,"[""eye"", ""nerve"", ""retina""]",114,11370
PDXP-DT,False,0.0,0.0,0.0,0.0,NOT_IN_STRING,0.0,NOT_IN_STRING,False,0.0,False,0,"[""eye"", ""nerve"", ""retina""]",114,11370
PELATON,False,0.0,0.0,0.0,0.0,NOT_IN_STRING,0.0,NOT_IN_STRING,False,0.0,False,0,"[""eye"", ""nerve"", ""retina""]",114,11370
PERPP2,False,0.0,0.0,0.0,0.0,NOT_IN_STRING,0.0,NOT_IN_STRING,False,0.0,False,0,"[""eye"", ""nerve"", ""retina""]",114,11370
PHF2P2,False,0.0,0.0,0.0,0.0,NOT_IN_STRING,0.0,NOT_IN_STRING,False,0.0,False,0,"[""eye"", ""nerve"", ""retina""]",114,11370
PICART1,False,0.0,0.0,0.0,0.0,NOT_IN_STRING,0.0,NOT_IN_STRING,False,0.0,False,0,"[""eye"", ""nerve"", ""retina""]",114,11370
PKD1L2,False,0.0,0.0,0.0,0.0,NOT_IN_STRING,0.0,NOT_IN_STRING,False,0.0,False,0,"[""eye"", ""nerve"", ""retina""]",114,11370
PKD1P4,False,0.0,0.0,0.0,0.0,NOT_IN_STRING,0.0,NOT_IN_STRING,False,0.0,False,0,"[""eye"", ""nerve"", ""retina""]",114,11370
RN7SL743P,False,0.0,0.0,0.0,0.0,NOT_IN_STRING,0.0,NOT_IN_STRING,False,0.0,False,0,"[""eye"", ""nerve"", ""retina""]",114,11370
PLA2G10DP,False,0.0,0.0,0.0,0.0,NOT_IN_STRING,0.0,NOT_IN_STRING,False,0.0,False,0,"[""eye"", ""nerve"", ""retina""]",114,11370
PLA2G12AP2,False,0.0,0.0,0.0,0.0,NOT_IN_STRING,0.0,NOT_IN_STRING,False,0.0,False,0,"[""eye"", ""nerve"", ""retina""]",114,11370
PLPPR5-AS1,False,0.0,0.0,0.0,0.0,NOT_IN_STRING,0.0,NOT_IN_STRING,False,0.0,False,0,"[""eye"", ""nerve"", ""retina""]",114,11370
PLUT,False,0.0,0.0,0.0,0.0,NOT_IN_STRING,0.0,NOT_IN_STRING,False,0.0,False,0,"[""eye"", ""nerve"", ""retina""]",114,11370
POLR1HASP,False,0.0,0.0,0.0,0.0,NOT_IN_STRING,0.0,NOT_IN_STRING,False,0.0,False,0,"[""eye"", ""nerve"", ""retina""]",114,11370
POLR3GP1,False,0.0,0.0,0.0,0.0,NOT_IN_STRING,0.0,NOT_IN_STRING,False,0.0,False,0,"[""eye"", ""nerve"", ""retina""]",114,11370
POM121L4P,False,0.0,0.0,0.0,0.0,NOT_IN_STRING,0.0,NOT_IN_STRING,False,0.0,False,0,"[""eye"", ""nerve"", ""retina""]",114,11370
POTEH-AS1,False,0.0,0.0,0.0,0.0,NOT_IN_STRING,0.0,NOT_IN_STRING,False,0.0,False,0,"[""eye"", ""nerve"", ""retina""]",114,11370
PPFIA2-AS2,False,0.0,0.0,0.0,0.0,NOT_IN_STRING,0.0,NOT_IN_STRING,False,0.0,False,0,"[""eye"", ""nerve"", ""retina""]",114,11370
PPIAP40,False,0.0,0.0,0.0,0.0,NOT_IN_STRING,0.0,NOT_IN_STRING,False,0.0,False,0,"[""eye"", ""nerve"", ""retina""]",114,11370
PPIHP1,False,0.0,0.0,0.0,0.0,NOT_IN_STRING,0.0,NOT_IN_STRING,False,0.0,False,0,"[""eye"", ""nerve"", ""retina""]",114,11370
PPP1R12A-AS2,False,0.0,0.0,0.0,0.0,NOT_IN_STRING,0.0,NOT_IN_STRING,False,0.0,False,0,"[""eye"", ""nerve"", ""retina""]",114,11370
PKN2-AS1,False,0.0,0.0,0.0,0.0,NOT_IN_STRING,0.0,NOT_IN_STRING,False,0.0,False,0,"[""eye"", ""nerve"", ""retina""]",114,11370
OR7A2P,False,0.0,0.0,0.0,0.0,NOT_IN_STRING,0.0,NOT_IN_STRING,False,0.0,False,0,"[""eye"", ""nerve"", ""retina""]",114,11370
OR7E145P,False,0.0,0.0,0.0,0.0,NOT_IN_STRING,0.0,NOT_IN_STRING,False,0.0,False,0,"[""eye"", ""nerve"", ""retina""]",114,11370
OR7E23P,False,0.0,0.0,0.0,0.0,NOT_IN_STRING,0.0,NOT_IN_STRING,False,0.0,False,0,"[""eye"", ""nerve"", ""retina""]",114,11370
OR7E97P,False,0.0,0.0,0.0,0.0,NOT_IN_STRING,0.0,NOT_IN_STRING,False,0.0,False,0,"[""eye"", ""nerve"", ""retina""]",114,11370
OSBPL9P4,False,0.0,0.0,0.0,0.0,NOT_IN_STRING,0.0,NOT_IN_STRING,False,0.0,False,0,"[""eye"", ""nerve"", ""retina""]",114,11370
OSBPL9P5,False,0.0,0.0,0.0,0.0,NOT_IN_STRING,0.0,NOT_IN_STRING,False,0.0,False,0,"[""eye"", ""nerve"", ""retina""]",114,11370
OSGEPL1-AS1,False,0.0,0.0,0.0,0.0,NOT_IN_STRING,0.0,NOT_IN_STRING,False,0.0,False,0,"[""eye"", ""nerve"", ""retina""]",114,11370
OSMR-DT,False,0.0,0.0,0.0,0.0,NOT_IN_STRING,0.0,NOT_IN_STRING,False,0.0,False,0,"[""eye"", ""nerve"", ""retina""]",114,11370
OSTN-AS1,False,0.0,0.0,0.0,0.0,NOT_IN_STRING,0.0,NOT_IN_STRING,False,0.0,False,0,"[""eye"", ""nerve"", ""retina""]",114,11370
OTOAP1,False,0.0,0.0,0.0,0.0,NOT_IN_STRING,0.0,NOT_IN_STRING,False,0.0,False,0,"[""eye"", ""nerve"", ""retina""]",114,11370
OXA1L-DT,False,0.0,0.0,0.0,0.0,NOT_IN_STRING,0.0,NOT_IN_STRING,False,0.0,False,0,"[""eye"", ""nerve"", ""retina""]",114,11370
PCMTD1-DT,False,0.0,0.0,0.0,0.0,NOT_IN_STRING,0.0,NOT_IN_STRING,False,0.0,False,0,"[""eye"", ""nerve"", ""retina""]",114,11370
PALM2AKAP2-AS1,False,0.0,0.0,0.0,0.0,NOT_IN_STRING,0.0,NOT_IN_STRING,False,0.0,False,0,"[""eye"", ""nerve"", ""retina""]",114,11370
PAPPA-AS1,False,0.0,0.0,0.0,0.0,NOT_IN_STRING,0.0,NOT_IN_STRING,False,0.0,False,0,"[""eye"", ""nerve"", ""retina""]",114,11370
PARD3-DT,False,0.0,0.0,0.0,0.0,NOT_IN_STRING,0.0,NOT_IN_STRING,False,0.0,False,0,"[""eye"", ""nerve"", ""retina""]",114,11370
PARD6G-AS1,False,0.0,0.0,0.0,0.0,NOT_IN_STRING,0.0,NOT_IN_STRING,False,0.0,False,0,"[""eye"", ""nerve"", ""retina""]",114,11370
PARGP1,False,0.0,0.0,0.0,0.0,NOT_IN_STRING,0.0,NOT_IN_STRING,False,0.0,False,0,"[""eye"", ""nerve"", ""retina""]",114,11370
PARP1P2,False,0.0,0.0,0.0,0.0,NOT_IN_STRING,0.0,NOT_IN_STRING,False,0.0,False,0,"[""eye"", ""nerve"", ""retina""]",114,11370
PARP4P2,False,0.0,0.0,0.0,0.0,NOT_IN_STRING,0.0,NOT_IN_STRING,False,0.0,False,0,"[""eye"", ""nerve"", ""retina""]",114,11370
PAX8-AS1,False,0.0,0.0,0.0,0.0,NOT_IN_STRING,0.0,NOT_IN_STRING,False,0.0,False,0,"[""eye"", ""nerve"", ""retina""]",114,11370
PCBP1-AS1,False,0.0,0.0,0.0,0.0,NOT_IN_STRING,0.0,NOT_IN_STRING,False,0.0,False,0,"[""eye"", ""nerve"", ""retina""]",114,11370
PCDH9-AS2,False,0.0,0.0,0.0,0.0,NOT_IN_STRING,0.0,NOT_IN_STRING,False,0.0,False,0,"[""eye"", ""nerve"", ""retina""]",114,11370
PCDHB1-AS1,False,0.0,0.0,0.0,0.0,NOT_IN_STRING,0.0,NOT_IN_STRING,False,0.0,False,0,"[""eye"", ""nerve"", ""retina""]",114,11370
PCED1B-AS1,False,0.0,0.0,0.0,0.0,NOT_IN_STRING,0.0,NOT_IN_STRING,False,0.0,False,0,"[""eye"", ""nerve"", ""retina""]",114,11370
PABPC1P12,False,0.0,0.0,0.0,0.0,NOT_IN_STRING,0.0,NOT_IN_STRING,False,0.0,False,0,"[""eye"", ""nerve"", ""retina""]",114,11370
REL-DT,False,0.0,0.0,0.0,0.0,NOT_IN_STRING,0.0,NOT_IN_STRING,False,0.0,False,0,"[""eye"", ""nerve"", ""retina""]",114,11370
RETREG1-AS1,False,0.0,0.0,0.0,0.0,NOT_IN_STRING,0.0,NOT_IN_STRING,False,0.0,False,0,"[""eye"", ""nerve"", ""retina""]",114,11370
RGS2-AS1,False,0.0,0.0,0.0,0.0,NOT_IN_STRING,0.0,NOT_IN_STRING,False,0.0,False,0,"[""eye"", ""nerve"", ""retina""]",114,11370
RHOT1P1,False,0.0,0.0,0.0,0.0,NOT_IN_STRING,0.0,NOT_IN_STRING,False,0.0,False,0,"[""eye"", ""nerve"", ""retina""]",114,11370
RIC3-DT,False,0.0,0.0,0.0,0.0,NOT_IN_STRING,0.0,NOT_IN_STRING,False,0.0,False,0,"[""eye"", ""nerve"", ""retina""]",114,11370
RMEL3,False,0.0,0.0,0.0,0.0,NOT_IN_STRING,0.0,NOT_IN_STRING,False,0.0,False,0,"[""eye"", ""nerve"", ""retina""]",114,11370
RN7SKP195,False,0.0,0.0,0.0,0.0,NOT_IN_STRING,0.0,NOT_IN_STRING,False,0.0,False,0,"[""eye"", ""nerve"", ""retina""]",114,11370
RN7SKP207,False,0.0,0.0,0.0,0.0,NOT_IN_STRING,0.0,NOT_IN_STRING,False,0.0,False,0,"[""eye"", ""nerve"", ""retina""]",114,11370
RN7SKP212,False,0.0,0.0,0.0,0.0,NOT_IN_STRING,0.0,NOT_IN_STRING,False,0.0,False,0,"[""eye"", ""nerve"", ""retina""]",114,11370
RN7SKP230,False,0.0,0.0,0.0,0.0,NOT_IN_STRING,0.0,NOT_IN_STRING,False,0.0,False,0,"[""eye"", ""nerve"", ""retina""]",114,11370
RN7SKP40,False,0.0,0.0,0.0,0.0,NOT_IN_STRING,0.0,NOT_IN_STRING,False,0.0,False,0,"[""eye"", ""nerve"", ""retina""]",114,11370
PPP4R1-AS1,False,0.0,0.0,0.0,0.0,NOT_IN_STRING,0.0,NOT_IN_STRING,False,0.0,False,0,"[""eye"", ""nerve"", ""retina""]",114,11370
RN7SL238P,False,0.0,0.0,0.0,0.0,NOT_IN_STRING,0.0,NOT_IN_STRING,False,0.0,False,0,"[""eye"", ""nerve"", ""retina""]",114,11370
RN7SL23P,False,0.0,0.0,0.0,0.0,NOT_IN_STRING,0.0,NOT_IN_STRING,False,0.0,False,0,"[""eye"", ""nerve"", ""retina""]",114,11370
RN7SL241P,False,0.0,0.0,0.0,0.0,NOT_IN_STRING,0.0,NOT_IN_STRING,False,0.0,False,0,"[""eye"", ""nerve"", ""retina""]",114,11370
RN7SL268P,False,0.0,0.0,0.0,0.0,NOT_IN_STRING,0.0,NOT_IN_STRING,False,0.0,False,0,"[""eye"", ""nerve"", ""retina""]",114,11370
RN7SL270P,False,0.0,0.0,0.0,0.0,NOT_IN_STRING,0.0,NOT_IN_STRING,False,0.0,False,0,"[""eye"", ""nerve"", ""retina""]",114,11370
RN7SL301P,False,0.0,0.0,0.0,0.0,NOT_IN_STRING,0.0,NOT_IN_STRING,False,0.0,False,0,"[""eye"", ""nerve"", ""retina""]",114,11370
RN7SL334P,False,0.0,0.0,0.0,0.0,NOT_IN_STRING,0.0,NOT_IN_STRING,False,0.0,False,0,"[""eye"", ""nerve"", ""retina""]",114,11370
RN7SL423P,False,0.0,0.0,0.0,0.0,NOT_IN_STRING,0.0,NOT_IN_STRING,False,0.0,False,0,"[""eye"", ""nerve"", ""retina""]",114,11370
RN7SL495P,False,0.0,0.0,0.0,0.0,NOT_IN_STRING,0.0,NOT_IN_STRING,False,0.0,False,0,"[""eye"", ""nerve"", ""retina""]",114,11370
RN7SL546P,False,0.0,0.0,0.0,0.0,NOT_IN_STRING,0.0,NOT_IN_STRING,False,0.0,False,0,"[""eye"", ""nerve"", ""retina""]",114,11370
RN7SL571P,False,0.0,0.0,0.0,0.0,NOT_IN_STRING,0.0,NOT_IN_STRING,False,0.0,False,0,"[""eye"", ""nerve"", ""retina""]",114,11370
RN7SL587P,False,0.0,0.0,0.0,0.0,NOT_IN_STRING,0.0,NOT_IN_STRING,False,0.0,False,0,"[""eye"", ""nerve"", ""retina""]",114,11370
RN7SKP48,False,0.0,0.0,0.0,0.0,NOT_IN_STRING,0.0,NOT_IN_STRING,False,0.0,False,0,"[""eye"", ""nerve"", ""retina""]",114,11370
PRELID3BP1,False,0.0,0.0,0.0,0.0,NOT_IN_STRING,0.0,NOT_IN_STRING,False,0.0,False,0,"[""eye"", ""nerve"", ""retina""]",114,11370
PRKCA-AS1,False,0.0,0.0,0.0,0.0,NOT_IN_STRING,0.0,NOT_IN_STRING,False,0.0,False,0,"[""eye"", ""nerve"", ""retina""]",114,11370
PRMT5-AS1,False,0.0,0.0,0.0,0.0,NOT_IN_STRING,0.0,NOT_IN_STRING,False,0.0,False,0,"[""eye"", ""nerve"", ""retina""]",114,11370
PRMT5-DT,False,0.0,0.0,0.0,0.0,NOT_IN_STRING,0.0,NOT_IN_STRING,False,0.0,False,0,"[""eye"", ""nerve"", ""retina""]",114,11370
PRNT,False,0.0,0.0,0.0,0.0,NOT_IN_STRING,0.0,NOT_IN_STRING,False,0.0,False,0,"[""eye"", ""nerve"", ""retina""]",114,11370
PROSER2-AS1,False,0.0,0.0,0.0,0.0,NOT_IN_STRING,0.0,NOT_IN_STRING,False,0.0,False,0,"[""eye"", ""nerve"", ""retina""]",114,11370
PRR15-DT,False,0.0,0.0,0.0,0.0,NOT_IN_STRING,0.0,NOT_IN_STRING,False,0.0,False,0,"[""eye"", ""nerve"", ""retina""]",114,11370
PSMD3-AS1,False,0.0,0.0,0.0,0.0,NOT_IN_STRING,0.0,NOT_IN_STRING,False,0.0,False,0,"[""eye"", ""nerve"", ""retina""]",114,11370
PTCSC1,False,0.0,0.0,0.0,0.0,NOT_IN_STRING,0.0,NOT_IN_STRING,False,0.0,False,0,"[""eye"", ""nerve"", ""retina""]",114,11370
PTCSC3,False,0.0,0.0,0.0,0.0,NOT_IN_STRING,0.0,NOT_IN_STRING,False,0.0,False,0,"[""eye"", ""nerve"", ""retina""]",114,11370
PTP4A1P2,False,0.0,0.0,0.0,0.0,NOT_IN_STRING,0.0,NOT_IN_STRING,False,0.0,False,0,"[""eye"", ""nerve"", ""retina""]",114,11370
PTPRB-AS1,False,0.0,0.0,0.0,0.0,NOT_IN_STRING,0.0,NOT_IN_STRING,False,0.0,False,0,"[""eye"", ""nerve"", ""retina""]",114,11370
RDUR,False,0.0,0.0,0.0,0.0,NOT_IN_STRING,0.0,NOT_IN_STRING,False,0.0,False,0,"[""eye"", ""nerve"", ""retina""]",114,11370
PVT1,False,0.0,0.0,0.0,0.0,NOT_IN_STRING,0.0,NOT_IN_STRING,False,0.0,False,0,"[""eye"", ""nerve"", ""retina""]",114,11370
PWAR1,False,0.0,0.0,0.0,0.0,NOT_IN_STRING,0.0,NOT_IN_STRING,False,0.0,False,0,"[""eye"", ""nerve"", ""retina""]",114,11370
PWRN4,False,0.0,0.0,0.0,0.0,NOT_IN_STRING,0.0,NOT_IN_STRING,False,0.0,False,0,"[""eye"", ""nerve"", ""retina""]",114,11370
PYHIN5P,False,0.0,0.0,0.0,0.0,NOT_IN_STRING,0.0,NOT_IN_STRING,False,0.0,False,0,"[""eye"", ""nerve"", ""retina""]",114,11370
QRSL1P1,False,0.0,0.0,0.0,0.0,NOT_IN_STRING,0.0,NOT_IN_STRING,False,0.0,False,0,"[""eye"", ""nerve"", ""retina""]",114,11370
RAB17-DT,False,0.0,0.0,0.0,0.0,NOT_IN_STRING,0.0,NOT_IN_STRING,False,0.0,False,0,"[""eye"", ""nerve"", ""retina""]",114,11370
RAP2CP1,False,0.0,0.0,0.0,0.0,NOT_IN_STRING,0.0,NOT_IN_STRING,False,0.0,False,0,"[""eye"", ""nerve"", ""retina""]",114,11370
RBM25-AS1,False,0.0,0.0,0.0,0.0,NOT_IN_STRING,0.0,NOT_IN_STRING,False,0.0,False,0,"[""eye"", ""nerve"", ""retina""]",114,11370
RBM26-AS1,False,0.0,0.0,0.0,0.0,NOT_IN_STRING,0.0,NOT_IN_STRING,False,0.0,False,0,"[""eye"", ""nerve"", ""retina""]",114,11370
RBPMSLP,False,0.0,0.0,0.0,0.0,NOT_IN_STRING,0.0,NOT_IN_STRING,False,0.0,False,0,"[""eye"", ""nerve"", ""retina""]",114,11370
RDM1P4,False,0.0,0.0,0.0,0.0,NOT_IN_STRING,0.0,NOT_IN_STRING,False,0.0,False,0,"[""eye"", ""nerve"", ""retina""]",114,11370
RDM1P5,False,0.0,0.0,0.0,0.0,NOT_IN_STRING,0.0,NOT_IN_STRING,False,0.0,False,0,"[""eye"", ""nerve"", ""retina""]",114,11370
PURPL,False,0.0,0.0,0.0,0.0,NOT_IN_STRING,0.0,NOT_IN_STRING,False,0.0,False,0,"[""eye"", ""nerve"", ""retina""]",114,11370
ZNF818P,False,0.0,0.0,0.0,0.0,NOT_IN_STRING,0.0,NOT_IN_STRING,False,0.0,False,0,"[""eye"", ""nerve"", ""retina""]",114,11370
ZNF833P,False,0.0,0.0,0.0,0.0,NOT_IN_STRING,0.0,NOT_IN_STRING,False,0.0,False,0,"[""eye"", ""nerve"", ""retina""]",114,11370
ZNF84-DT,False,0.0,0.0,0.0,0.0,NOT_IN_STRING,0.0,NOT_IN_STRING,False,0.0,False,0,"[""eye"", ""nerve"", ""retina""]",114,11370
ZNF962P,False,0.0,0.0,0.0,0.0,NOT_IN_STRING,0.0,NOT_IN_STRING,False,0.0,False,0,"[""eye"", ""nerve"", ""retina""]",114,11370
ZSCAN16-AS1,False,0.0,0.0,0.0,0.0,NOT_IN_STRING,0.0,NOT_IN_STRING,False,0.0,False,0,"[""eye"", ""nerve"", ""retina""]",114,11370
ZSCAN2-AS1,False,0.0,0.0,0.0,0.0,NOT_IN_STRING,0.0,NOT_IN_STRING,False,0.0,False,0,"[""eye"", ""nerve"", ""retina""]",114,11370
ZSCAN5DP,False,0.0,0.0,0.0,0.0,NOT_IN_STRING,0.0,NOT_IN_STRING,False,0.0,False,0,"[""eye"", ""nerve"", ""retina""]",114,11370
ZSWIM5P2,False,0.0,0.0,0.0,0.0,NOT_IN_STRING,0.0,NOT_IN_STRING,False,0.0,False,0,"[""eye"", ""nerve"", ""retina""]",114,11370
ADCY2-AS1,False,0.0,0.0,0.0,0.0,NOT_IN_STRING,0.0,NOT_IN_STRING,False,0.0,False,0,"[""eye"", ""nerve"", ""retina""]",114,11370
ANKRD30BP4,False,0.0,0.0,0.0,0.0,NOT_IN_STRING,0.0,NOT_IN_STRING,False,0.0,False,0,"[""eye"", ""nerve"", ""retina""]",114,11370
APOLTP,False,0.0,0.0,0.0,0.0,NOT_IN_STRING,0.0,NOT_IN_STRING,False,0.0,False,0,"[""eye"", ""nerve"", ""retina""]",114,11370
SAMMSON,False,0.0,0.0,0.0,0.0,NOT_IN_STRING,0.0,NOT_IN_STRING,False,0.0,False,0,"[""eye"", ""nerve"", ""retina""]",114,11370
CABYR-AS1,False,0.0,0.0,0.0,0.0,NOT_IN_STRING,0.0,NOT_IN_STRING,False,0.0,False,0,"[""eye"", ""nerve"", ""retina""]",114,11370
CCDC149-AS1,False,0.0,0.0,0.0,0.0,NOT_IN_STRING,0.0,NOT_IN_STRING,False,0.0,False,0,"[""eye"", ""nerve"", ""retina""]",114,11370
CCDC192-AS1,False,0.0,0.0,0.0,0.0,NOT_IN_STRING,0.0,NOT_IN_STRING,False,0.0,False,0,"[""eye"", ""nerve"", ""retina""]",114,11370
CCDC59P2,False,0.0,0.0,0.0,0.0,NOT_IN_STRING,0.0,NOT_IN_STRING,False,0.0,False,0,"[""eye"", ""nerve"", ""retina""]",114,11370
CCSER1-AS1,False,0.0,0.0,0.0,0.0,NOT_IN_STRING,0.0,NOT_IN_STRING,False,0.0,False,0,"[""eye"", ""nerve"", ""retina""]",114,11370
CDH12-AS3,False,0.0,0.0,0.0,0.0,NOT_IN_STRING,0.0,NOT_IN_STRING,False,0.0,False,0,"[""eye"", ""nerve"", ""retina""]",114,11370
CENATAC-AS1,False,0.0,0.0,0.0,0.0,NOT_IN_STRING,0.0,NOT_IN_STRING,False,0.0,False,0,"[""eye"", ""nerve"", ""retina""]",114,11370
CEP63-AS1,False,0.0,0.0,0.0,0.0,NOT_IN_STRING,0.0,NOT_IN_STRING,False,0.0,False,0,"[""eye"", ""nerve"", ""retina""]",114,11370
CHODL-AS2,False,0.0,0.0,0.0,0.0,NOT_IN_STRING,0.0,NOT_IN_STRING,False,0.0,False,0,"[""eye"", ""nerve"", ""retina""]",114,11370
CLNK-DT,False,0.0,0.0,0.0,0.0,NOT_IN_STRING,0.0,NOT_IN_STRING,False,0.0,False,0,"[""eye"", ""nerve"", ""retina""]",114,11370
CLPTM1L-DT,False,0.0,0.0,0.0,0.0,NOT_IN_STRING,0.0,NOT_IN_STRING,False,0.0,False,0,"[""eye"", ""nerve"", ""retina""]",114,11370
CPXM2-AS1,False,0.0,0.0,0.0,0.0,NOT_IN_STRING,0.0,NOT_IN_STRING,False,0.0,False,0,"[""eye"", ""nerve"", ""retina""]",114,11370
ARAP3-DT,False,0.0,0.0,0.0,0.0,NOT_IN_STRING,0.0,NOT_IN_STRING,False,0.0,False,0,"[""eye"", ""nerve"", ""retina""]",114,11370
VIPR1-AS1,False,0.0,0.0,0.0,0.0,NOT_IN_STRING,0.0,NOT_IN_STRING,False,0.0,False,0,"[""eye"", ""nerve"", ""retina""]",114,11370
VLDLR-AS1,False,0.0,0.0,0.0,0.0,NOT_IN_STRING,0.0,NOT_IN_STRING,False,0.0,False,0,"[""eye"", ""nerve"", ""retina""]",114,11370
VN1R46P,False,0.0,0.0,0.0,0.0,NOT_IN_STRING,0.0,NOT_IN_STRING,False,0.0,False,0,"[""eye"", ""nerve"", ""retina""]",114,11370
VN1R78P,False,0.0,0.0,0.0,0.0,NOT_IN_STRING,0.0,NOT_IN_STRING,False,0.0,False,0,"[""eye"", ""nerve"", ""retina""]",114,11370
VN2R3P,False,0.0,0.0,0.0,0.0,NOT_IN_STRING,0.0,NOT_IN_STRING,False,0.0,False,0,"[""eye"", ""nerve"", ""retina""]",114,11370
VPS51P6,False,0.0,0.0,0.0,0.0,NOT_IN_STRING,0.0,NOT_IN_STRING,False,0.0,False,0,"[""eye"", ""nerve"", ""retina""]",114,11370
VSTM2B-DT,False,0.0,0.0,0.0,0.0,NOT_IN_STRING,0.0,NOT_IN_STRING,False,0.0,False,0,"[""eye"", ""nerve"", ""retina""]",114,11370
WASH2P,False,0.0,0.0,0.0,0.0,NOT_IN_STRING,0.0,NOT_IN_STRING,False,0.0,False,0,"[""eye"", ""nerve"", ""retina""]",114,11370
WHAMMP4,False,0.0,0.0,0.0,0.0,NOT_IN_STRING,0.0,NOT_IN_STRING,False,0.0,False,0,"[""eye"", ""nerve"", ""retina""]",114,11370
WWOX-AS1,False,0.0,0.0,0.0,0.0,NOT_IN_STRING,0.0,NOT_IN_STRING,False,0.0,False,0,"[""eye"", ""nerve"", ""retina""]",114,11370
XNDC1CP,False,0.0,0.0,0.0,0.0,NOT_IN_STRING,0.0,NOT_IN_STRING,False,0.0,False,0,"[""eye"", ""nerve"", ""retina""]",114,11370
ZNF788P,False,0.0,0.0,0.0,0.0,NOT_IN_STRING,0.0,NOT_IN_STRING,False,0.0,False,0,"[""eye"", ""nerve"", ""retina""]",114,11370
ZFHX3-AS1,False,0.0,0.0,0.0,0.0,NOT_IN_STRING,0.0,NOT_IN_STRING,False,0.0,False,0,"[""eye"", ""nerve"", ""retina""]",114,11370
ZFP64P1,False,0.0,0.0,0.0,0.0,NOT_IN_STRING,0.0,NOT_IN_STRING,False,0.0,False,0,"[""eye"", ""nerve"", ""retina""]",114,11370
ZNF114-AS1,False,0.0,0.0,0.0,0.0,NOT_IN_STRING,0.0,NOT_IN_STRING,False,0.0,False,0,"[""eye"", ""nerve"", ""retina""]",114,11370
ZNF133-AS1,False,0.0,0.0,0.0,0.0,NOT_IN_STRING,0.0,NOT_IN_STRING,False,0.0,False,0,"[""eye"", ""nerve"", ""retina""]",114,11370
ZNF137P,False,0.0,0.0,0.0,0.0,NOT_IN_STRING,0.0,NOT_IN_STRING,False,0.0,False,0,"[""eye"", ""nerve"", ""retina""]",114,11370
ZNF271P,False,0.0,0.0,0.0,0.0,NOT_IN_STRING,0.0,NOT_IN_STRING,False,0.0,False,0,"[""eye"", ""nerve"", ""retina""]",114,11370
ZNF321P,False,0.0,0.0,0.0,0.0,NOT_IN_STRING,0.0,NOT_IN_STRING,False,0.0,False,0,"[""eye"", ""nerve"", ""retina""]",114,11370
ZNF45-AS1,False,0.0,0.0,0.0,0.0,NOT_IN_STRING,0.0,NOT_IN_STRING,False,0.0,False,0,"[""eye"", ""nerve"", ""retina""]",114,11370
ZNF529-AS1,False,0.0,0.0,0.0,0.0,NOT_IN_STRING,0.0,NOT_IN_STRING,False,0.0,False,0,"[""eye"", ""nerve"", ""retina""]",114,11370
ZNF649-AS1,False,0.0,0.0,0.0,0.0,NOT_IN_STRING,0.0,NOT_IN_STRING,False,0.0,False,0,"[""eye"", ""nerve"", ""retina""]",114,11370
ZNF652-AS1,False,0.0,0.0,0.0,0.0,NOT_IN_STRING,0.0,NOT_IN_STRING,False,0.0,False,0,"[""eye"", ""nerve"", ""retina""]",114,11370
ZNF667-AS1,False,0.0,0.0,0.0,0.0,NOT_IN_STRING,0.0,NOT_IN_STRING,False,0.0,False,0,"[""eye"", ""nerve"", ""retina""]",114,11370
ZBTB7C-AS1,False,0.0,0.0,0.0,0.0,NOT_IN_STRING,0.0,NOT_IN_STRING,False,0.0,False,0,"[""eye"", ""nerve"", ""retina""]",114,11370
MAP2K6-AS1,False,0.0,0.0,0.0,0.0,NOT_IN_STRING,0.0,NOT_IN_STRING,False,0.0,False,0,"[""eye"", ""nerve"", ""retina""]",114,11370
MIR2113HG,False,0.0,0.0,0.0,0.0,NOT_IN_STRING,0.0,NOT_IN_STRING,False,0.0,False,0,"[""eye"", ""nerve"", ""retina""]",114,11370
MYRACL,False,0.0,0.0,0.0,0.0,NOT_IN_STRING,0.0,NOT_IN_STRING,False,0.0,False,0,"[""eye"", ""nerve"", ""retina""]",114,11370
NAIP-AS1,False,0.0,0.0,0.0,0.0,NOT_IN_STRING,0.0,NOT_IN_STRING,False,0.0,False,0,"[""eye"", ""nerve"", ""retina""]",114,11370
NR3C2-DT,False,0.0,0.0,0.0,0.0,NOT_IN_STRING,0.0,NOT_IN_STRING,False,0.0,False,0,"[""eye"", ""nerve"", ""retina""]",114,11370
PBX4-AS1,False,0.0,0.0,0.0,0.0,NOT_IN_STRING,0.0,NOT_IN_STRING,False,0.0,False,0,"[""eye"", ""nerve"", ""retina""]",114,11370
PCDHB-AS1,False,0.0,0.0,0.0,0.0,NOT_IN_STRING,0.0,NOT_IN_STRING,False,0.0,False,0,"[""eye"", ""nerve"", ""retina""]",114,11370
PKD2-DT,False,0.0,0.0,0.0,0.0,NOT_IN_STRING,0.0,NOT_IN_STRING,False,0.0,False,0,"[""eye"", ""nerve"", ""retina""]",114,11370
PLCL2UT,False,0.0,0.0,0.0,0.0,NOT_IN_STRING,0.0,NOT_IN_STRING,False,0.0,False,0,"[""eye"", ""nerve"", ""retina""]",114,11370
PRKAA1-DT,False,0.0,0.0,0.0,0.0,NOT_IN_STRING,0.0,NOT_IN_STRING,False,0.0,False,0,"[""eye"", ""nerve"", ""retina""]",114,11370
RAB3C-AS1,False,0.0,0.0,0.0,0.0,NOT_IN_STRING,0.0,NOT_IN_STRING,False,0.0,False,0,"[""eye"", ""nerve"", ""retina""]",114,11370
OVOS1P,False,0.0,0.0,0.0,0.0,NOT_IN_STRING,0.0,NOT_IN_STRING,False,0.0,False,0,"[""eye"", ""nerve"", ""retina""]",114,11370
RNF212-DT,False,0.0,0.0,0.0,0.0,NOT_IN_STRING,0.0,NOT_IN_STRING,False,0.0,False,0,"[""eye"", ""nerve"", ""retina""]",114,11370
SALL1-AS1,False,0.0,0.0,0.0,0.0,NOT_IN_STRING,0.0,NOT_IN_STRING,False,0.0,False,0,"[""eye"", ""nerve"", ""retina""]",114,11370
SEMA5A-AS3,False,0.0,0.0,0.0,0.0,NOT_IN_STRING,0.0,NOT_IN_STRING,False,0.0,False,0,"[""eye"", ""nerve"", ""retina""]",114,11370
SH3D19-AS1,False,0.0,0.0,0.0,0.0,NOT_IN_STRING,0.0,NOT_IN_STRING,False,0.0,False,0,"[""eye"", ""nerve"", ""retina""]",114,11370
SNX29-AS3,False,0.0,0.0,0.0,0.0,NOT_IN_STRING,0.0,NOT_IN_STRING,False,0.0,False,0,"[""eye"", ""nerve"", ""retina""]",114,11370
SPOCK1-AS1,False,0.0,0.0,0.0,0.0,NOT_IN_STRING,0.0,NOT_IN_STRING,False,0.0,False,0,"[""eye"", ""nerve"", ""retina""]",114,11370
SRPK2-AS1,False,0.0,0.0,0.0,0.0,NOT_IN_STRING,0.0,NOT_IN_STRING,False,0.0,False,0,"[""eye"", ""nerve"", ""retina""]",114,11370
SYNPO2-AS1,False,0.0,0.0,0.0,0.0,NOT_IN_STRING,0.0,NOT_IN_STRING,False,0.0,False,0,"[""eye"", ""nerve"", ""retina""]",114,11370
TAFA5-AS1,False,0.0,0.0,0.0,0.0,NOT_IN_STRING,0.0,NOT_IN_STRING,False,0.0,False,0,"[""eye"", ""nerve"", ""retina""]",114,11370
TANGO2-AS1,False,0.0,0.0,0.0,0.0,NOT_IN_STRING,0.0,NOT_IN_STRING,False,0.0,False,0,"[""eye"", ""nerve"", ""retina""]",114,11370
TIFAB-AS1,False,0.0,0.0,0.0,0.0,NOT_IN_STRING,0.0,NOT_IN_STRING,False,0.0,False,0,"[""eye"", ""nerve"", ""retina""]",114,11370
TMC5-AS1,False,0.0,0.0,0.0,0.0,NOT_IN_STRING,0.0,NOT_IN_STRING,False,0.0,False,0,"[""eye"", ""nerve"", ""retina""]",114,11370
RNF180-DT,False,0.0,0.0,0.0,0.0,NOT_IN_STRING,0.0,NOT_IN_STRING,False,0.0,False,0,"[""eye"", ""nerve"", ""retina""]",114,11370
DKK2-AS1,False,0.0,0.0,0.0,0.0,NOT_IN_STRING,0.0,NOT_IN_STRING,False,0.0,False,0,"[""eye"", ""nerve"", ""retina""]",114,11370
EMCN-AS1,False,0.0,0.0,0.0,0.0,NOT_IN_STRING,0.0,NOT_IN_STRING,False,0.0,False,0,"[""eye"", ""nerve"", ""retina""]",114,11370
FAM153A-AS1,False,0.0,0.0,0.0,0.0,NOT_IN_STRING,0.0,NOT_IN_STRING,False,0.0,False,0,"[""eye"", ""nerve"", ""retina""]",114,11370
FAM98BP1,False,0.0,0.0,0.0,0.0,NOT_IN_STRING,0.0,NOT_IN_STRING,False,0.0,False,0,"[""eye"", ""nerve"", ""retina""]",114,11370
FER-AS2,False,0.0,0.0,0.0,0.0,NOT_IN_STRING,0.0,NOT_IN_STRING,False,0.0,False,0,"[""eye"", ""nerve"", ""retina""]",114,11370
GRAMD2B-AS1,False,0.0,0.0,0.0,0.0,NOT_IN_STRING,0.0,NOT_IN_STRING,False,0.0,False,0,"[""eye"", ""nerve"", ""retina""]",114,11370
HCN4-AS1,False,0.0,0.0,0.0,0.0,NOT_IN_STRING,0.0,NOT_IN_STRING,False,0.0,False,0,"[""eye"", ""nerve"", ""retina""]",114,11370
INCR1,False,0.0,0.0,0.0,0.0,NOT_IN_STRING,0.0,NOT_IN_STRING,False,0.0,False,0,"[""eye"", ""nerve"", ""retina""]",114,11370
LCMT1P1,False,0.0,0.0,0.0,0.0,NOT_IN_STRING,0.0,NOT_IN_STRING,False,0.0,False,0,"[""eye"", ""nerve"", ""retina""]",114,11370
LDB2-AS1,False,0.0,0.0,0.0,0.0,NOT_IN_STRING,0.0,NOT_IN_STRING,False,0.0,False,0,"[""eye"", ""nerve"", ""retina""]",114,11370
LDLRAD4-AS3,False,0.0,0.0,0.0,0.0,NOT_IN_STRING,0.0,NOT_IN_STRING,False,0.0,False,0,"[""eye"", ""nerve"", ""retina""]",114,11370
LINC03134,False,0.0,0.0,0.0,0.0,NOT_IN_STRING,0.0,NOT_IN_STRING,False,0.0,False,0,"[""eye"", ""nerve"", ""retina""]",114,11370
LRRC37A2-AS1,False,0.0,0.0,0.0,0.0,NOT_IN_STRING,0.0,NOT_IN_STRING,False,0.0,False,0,"[""eye"", ""nerve"", ""retina""]",114,11370
LINC03171,False,0.0,0.0,0.0,0.0,NOT_IN_STRING,0.0,NOT_IN_STRING,False,0.0,False,0,"[""eye"", ""nerve"", ""retina""]",114,11370
LINC03172,False,0.0,0.0,0.0,0.0,NOT_IN_STRING,0.0,NOT_IN_STRING,False,0.0,False,0,"[""eye"", ""nerve"", ""retina""]",114,11370
LINC03174,False,0.0,0.0,0.0,0.0,NOT_IN_STRING,0.0,NOT_IN_STRING,False,0.0,False,0,"[""eye"", ""nerve"", ""retina""]",114,11370
LINC03178,False,0.0,0.0,0.0,0.0,NOT_IN_STRING,0.0,NOT_IN_STRING,False,0.0,False,0,"[""eye"", ""nerve"", ""retina""]",114,11370
LINC03184,False,0.0,0.0,0.0,0.0,NOT_IN_STRING,0.0,NOT_IN_STRING,False,0.0,False,0,"[""eye"", ""nerve"", ""retina""]",114,11370
LINC03196,False,0.0,0.0,0.0,0.0,NOT_IN_STRING,0.0,NOT_IN_STRING,False,0.0,False,0,"[""eye"", ""nerve"", ""retina""]",114,11370
LINC03199,False,0.0,0.0,0.0,0.0,NOT_IN_STRING,0.0,NOT_IN_STRING,False,0.0,False,0,"[""eye"", ""nerve"", ""retina""]",114,11370
LINC03213,False,0.0,0.0,0.0,0.0,NOT_IN_STRING,0.0,NOT_IN_STRING,False,0.0,False,0,"[""eye"", ""nerve"", ""retina""]",114,11370
LINC03216,False,0.0,0.0,0.0,0.0,NOT_IN_STRING,0.0,NOT_IN_STRING,False,0.0,False,0,"[""eye"", ""nerve"", ""retina""]",114,11370
LINC03217,False,0.0,0.0,0.0,0.0,NOT_IN_STRING,0.0,NOT_IN_STRING,False,0.0,False,0,"[""eye"", ""nerve"", ""retina""]",114,11370
WDR19-DT,False,0.0,0.0,0.0,0.0,NOT_IN_STRING,0.0,NOT_IN_STRING,False,0.0,False,0,"[""eye"", ""nerve"", ""retina""]",114,11370
LROMI1,False,0.0,0.0,0.0,0.0,NOT_IN_STRING,0.0,NOT_IN_STRING,False,0.0,False,0,"[""eye"", ""nerve"", ""retina""]",114,11370
LINC03150,False,0.0,0.0,0.0,0.0,NOT_IN_STRING,0.0,NOT_IN_STRING,False,0.0,False,0,"[""eye"", ""nerve"", ""retina""]",114,11370
SNORA70D,False,0.0,0.0,0.0,0.0,NOT_IN_STRING,0.0,NOT_IN_STRING,False,0.0,False,0,"[""eye"", ""nerve"", ""retina""]",114,11370
SNORD115-10,False,0.0,0.0,0.0,0.0,NOT_IN_STRING,0.0,NOT_IN_STRING,False,0.0,False,0,"[""eye"", ""nerve"", ""retina""]",114,11370
SNORD115-11,False,0.0,0.0,0.0,0.0,NOT_IN_STRING,0.0,NOT_IN_STRING,False,0.0,False,0,"[""eye"", ""nerve"", ""retina""]",114,11370
SNORD115-12,False,0.0,0.0,0.0,0.0,NOT_IN_STRING,0.0,NOT_IN_STRING,False,0.0,False,0,"[""eye"", ""nerve"", ""retina""]",114,11370
SNORD115-8,False,0.0,0.0,0.0,0.0,NOT_IN_STRING,0.0,NOT_IN_STRING,False,0.0,False,0,"[""eye"", ""nerve"", ""retina""]",114,11370
SNORD115-9,False,0.0,0.0,0.0,0.0,NOT_IN_STRING,0.0,NOT_IN_STRING,False,0.0,False,0,"[""eye"", ""nerve"", ""retina""]",114,11370
SNORD31B,False,0.0,0.0,0.0,0.0,NOT_IN_STRING,0.0,NOT_IN_STRING,False,0.0,False,0,"[""eye"", ""nerve"", ""retina""]",114,11370
SNRNP40P1,False,0.0,0.0,0.0,0.0,NOT_IN_STRING,0.0,NOT_IN_STRING,False,0.0,False,0,"[""eye"", ""nerve"", ""retina""]",114,11370
SNRPA1P2,False,0.0,0.0,0.0,0.0,NOT_IN_STRING,0.0,NOT_IN_STRING,False,0.0,False,0,"[""eye"", ""nerve"", ""retina""]",114,11370
SNRPCP10,False,0.0,0.0,0.0,0.0,NOT_IN_STRING,0.0,NOT_IN_STRING,False,0.0,False,0,"[""eye"", ""nerve"", ""retina""]",114,11370
SNRPFP1,False,0.0,0.0,0.0,0.0,NOT_IN_STRING,0.0,NOT_IN_STRING,False,0.0,False,0,"[""eye"", ""nerve"", ""retina""]",114,11370
VHRT,False,0.0,0.0,0.0,0.0,NOT_IN_STRING,0.0,NOT_IN_STRING,False,0.0,False,0,"[""eye"", ""nerve"", ""retina""]",114,11370
SNRPGP2,False,0.0,0.0,0.0,0.0,NOT_IN_STRING,0.0,NOT_IN_STRING,False,0.0,False,0,"[""eye"", ""nerve"", ""retina""]",114,11370
SNX18P13,False,0.0,0.0,0.0,0.0,NOT_IN_STRING,0.0,NOT_IN_STRING,False,0.0,False,0,"[""eye"", ""nerve"", ""retina""]",114,11370
SNX18P3,False,0.0,0.0,0.0,0.0,NOT_IN_STRING,0.0,NOT_IN_STRING,False,0.0,False,0,"[""eye"", ""nerve"", ""retina""]",114,11370
SORD2P,False,0.0,0.0,0.0,0.0,NOT_IN_STRING,0.0,NOT_IN_STRING,False,0.0,False,0,"[""eye"", ""nerve"", ""retina""]",114,11370
SP2-AS1,False,0.0,0.0,0.0,0.0,NOT_IN_STRING,0.0,NOT_IN_STRING,False,0.0,False,0,"[""eye"", ""nerve"", ""retina""]",114,11370
SPATA41,False,0.0,0.0,0.0,0.0,NOT_IN_STRING,0.0,NOT_IN_STRING,False,0.0,False,0,"[""eye"", ""nerve"", ""retina""]",114,11370
SPNS2-AS1,False,0.0,0.0,0.0,0.0,NOT_IN_STRING,0.0,NOT_IN_STRING,False,0.0,False,0,"[""eye"", ""nerve"", ""retina""]",114,11370
SSBL6P,False,0.0,0.0,0.0,0.0,NOT_IN_STRING,0.0,NOT_IN_STRING,False,0.0,False,0,"[""eye"", ""nerve"", ""retina""]",114,11370
SSBP3P5,False,0.0,0.0,0.0,0.0,NOT_IN_STRING,0.0,NOT_IN_STRING,False,0.0,False,0,"[""eye"", ""nerve"", ""retina""]",114,11370
STEAP3-AS1,False,0.0,0.0,0.0,0.0,NOT_IN_STRING,0.0,NOT_IN_STRING,False,0.0,False,0,"[""eye"", ""nerve"", ""retina""]",114,11370
STPG3-AS1,False,0.0,0.0,0.0,0.0,NOT_IN_STRING,0.0,NOT_IN_STRING,False,0.0,False,0,"[""eye"", ""nerve"", ""retina""]",114,11370
STX18-AS1,False,0.0,0.0,0.0,0.0,NOT_IN_STRING,0.0,NOT_IN_STRING,False,0.0,False,0,"[""eye"", ""nerve"", ""retina""]",114,11370
SNRPGP14,False,0.0,0.0,0.0,0.0,NOT_IN_STRING,0.0,NOT_IN_STRING,False,0.0,False,0,"[""eye"", ""nerve"", ""retina""]",114,11370
SCGB1B2P,False,0.0,0.0,0.0,0.0,NOT_IN_STRING,0.0,NOT_IN_STRING,False,0.0,False,0,"[""eye"", ""nerve"", ""retina""]",114,11370
SCN1A-AS1,False,0.0,0.0,0.0,0.0,NOT_IN_STRING,0.0,NOT_IN_STRING,False,0.0,False,0,"[""eye"", ""nerve"", ""retina""]",114,11370
SCYGR2,False,0.0,0.0,0.0,0.0,NOT_IN_STRING,0.0,NOT_IN_STRING,False,0.0,False,0,"[""eye"", ""nerve"", ""retina""]",114,11370
SEC1P,False,0.0,0.0,0.0,0.0,NOT_IN_STRING,0.0,NOT_IN_STRING,False,0.0,False,0,"[""eye"", ""nerve"", ""retina""]",114,11370
SEPTIN2P1,False,0.0,0.0,0.0,0.0,NOT_IN_STRING,0.0,NOT_IN_STRING,False,0.0,False,0,"[""eye"", ""nerve"", ""retina""]",114,11370
SEPTIN9-DT,False,0.0,0.0,0.0,0.0,NOT_IN_STRING,0.0,NOT_IN_STRING,False,0.0,False,0,"[""eye"", ""nerve"", ""retina""]",114,11370
SETP17,False,0.0,0.0,0.0,0.0,NOT_IN_STRING,0.0,NOT_IN_STRING,False,0.0,False,0,"[""eye"", ""nerve"", ""retina""]",114,11370
SEZ6L-AS1,False,0.0,0.0,0.0,0.0,NOT_IN_STRING,0.0,NOT_IN_STRING,False,0.0,False,0,"[""eye"", ""nerve"", ""retina""]",114,11370
SHROOM3-AS1,False,0.0,0.0,0.0,0.0,NOT_IN_STRING,0.0,NOT_IN_STRING,False,0.0,False,0,"[""eye"", ""nerve"", ""retina""]",114,11370
SILC1,False,0.0,0.0,0.0,0.0,NOT_IN_STRING,0.0,NOT_IN_STRING,False,0.0,False,0,"[""eye"", ""nerve"", ""retina""]",114,11370
SLC12A2-DT,False,0.0,0.0,0.0,0.0,NOT_IN_STRING,0.0,NOT_IN_STRING,False,0.0,False,0,"[""eye"", ""nerve"", ""retina""]",114,11370
SLC25A15P4,False,0.0,0.0,0.0,0.0,NOT_IN_STRING,0.0,NOT_IN_STRING,False,0.0,False,0,"[""eye"", ""nerve"", ""retina""]",114,11370
SNORA63,False,0.0,0.0,0.0,0.0,NOT_IN_STRING,0.0,NOT_IN_STRING,False,0.0,False,0,"[""eye"", ""nerve"", ""retina""]",114,11370
SLC28A2-AS1,False,0.0,0.0,0.0,0.0,NOT_IN_STRING,0.0,NOT_IN_STRING,False,0.0,False,0,"[""eye"", ""nerve"", ""retina""]",114,11370
SLC5A4-AS1,False,0.0,0.0,0.0,0.0,NOT_IN_STRING,0.0,NOT_IN_STRING,False,0.0,False,0,"[""eye"", ""nerve"", ""retina""]",114,11370
SLC6A12-AS1,False,0.0,0.0,0.0,0.0,NOT_IN_STRING,0.0,NOT_IN_STRING,False,0.0,False,0,"[""eye"", ""nerve"", ""retina""]",114,11370
SLC6A21P,False,0.0,0.0,0.0,0.0,NOT_IN_STRING,0.0,NOT_IN_STRING,False,0.0,False,0,"[""eye"", ""nerve"", ""retina""]",114,11370
SLC7A14-AS1,False,0.0,0.0,0.0,0.0,NOT_IN_STRING,0.0,NOT_IN_STRING,False,0.0,False,0,"[""eye"", ""nerve"", ""retina""]",114,11370
SLC9B1P3,False,0.0,0.0,0.0,0.0,NOT_IN_STRING,0.0,NOT_IN_STRING,False,0.0,False,0,"[""eye"", ""nerve"", ""retina""]",114,11370
SLC9B1P4,False,0.0,0.0,0.0,0.0,NOT_IN_STRING,0.0,NOT_IN_STRING,False,0.0,False,0,"[""eye"", ""nerve"", ""retina""]",114,11370
SMAD3-DT,False,0.0,0.0,0.0,0.0,NOT_IN_STRING,0.0,NOT_IN_STRING,False,0.0,False,0,"[""eye"", ""nerve"", ""retina""]",114,11370
SMC2-DT,False,0.0,0.0,0.0,0.0,NOT_IN_STRING,0.0,NOT_IN_STRING,False,0.0,False,0,"[""eye"", ""nerve"", ""retina""]",114,11370
SMG1P6,False,0.0,0.0,0.0,0.0,NOT_IN_STRING,0.0,NOT_IN_STRING,False,0.0,False,0,"[""eye"", ""nerve"", ""retina""]",114,11370
SMIM10L3,False,0.0,0.0,0.0,0.0,NOT_IN_STRING,0.0,NOT_IN_STRING,False,0.0,True,1,"[""eye"", ""nerve"", ""retina""]",114,11370
SNHG27,False,0.0,0.0,0.0,0.0,NOT_IN_STRING,0.0,NOT_IN_STRING,False,0.0,False,0,"[""eye"", ""nerve"", ""retina""]",114,11370
SLC25A20P1,False,0.0,0.0,0.0,0.0,NOT_IN_STRING,0.0,NOT_IN_STRING,False,0.0,False,0,"[""eye"", ""nerve"", ""retina""]",114,11370
TRBV22OR9-2,False,0.0,0.0,0.0,0.0,NOT_IN_STRING,0.0,NOT_IN_STRING,False,0.0,False,0,"[""eye"", ""nerve"", ""retina""]",114,11370
TRBV5-4,False,0.0,0.0,0.0,0.0,NOT_IN_STRING,0.0,NOT_IN_STRING,False,0.0,False,0,"[""eye"", ""nerve"", ""retina""]",114,11370
TRBV5-7,False,0.0,0.0,0.0,0.0,NOT_IN_STRING,0.0,NOT_IN_STRING,False,0.0,False,0,"[""eye"", ""nerve"", ""retina""]",114,11370
TRBV7-7,False,0.0,0.0,0.0,0.0,NOT_IN_STRING,0.0,NOT_IN_STRING,False,0.0,False,0,"[""eye"", ""nerve"", ""retina""]",114,11370
TRD-AS1,False,0.0,0.0,0.0,0.0,NOT_IN_STRING,0.0,NOT_IN_STRING,False,0.0,False,0,"[""eye"", ""nerve"", ""retina""]",114,11370
TRHDE-AS1,False,0.0,0.0,0.0,0.0,NOT_IN_STRING,0.0,NOT_IN_STRING,False,0.0,False,0,"[""eye"", ""nerve"", ""retina""]",114,11370
TTBK2-AS1,False,0.0,0.0,0.0,0.0,NOT_IN_STRING,0.0,NOT_IN_STRING,False,0.0,False,0,"[""eye"", ""nerve"", ""retina""]",114,11370
TTC41P,False,0.0,0.0,0.0,0.0,NOT_IN_STRING,0.0,NOT_IN_STRING,False,0.0,False,0,"[""eye"", ""nerve"", ""retina""]",114,11370
TTLL1-AS1,False,0.0,0.0,0.0,0.0,NOT_IN_STRING,0.0,NOT_IN_STRING,False,0.0,False,0,"[""eye"", ""nerve"", ""retina""]",114,11370
U6,False,0.0,0.0,0.0,0.0,NOT_IN_STRING,0.0,NOT_IN_STRING,False,0.0,False,0,"[""eye"", ""nerve"", ""retina""]",114,11370
UBBP4,False,0.0,0.0,0.0,0.0,NOT_IN_STRING,0.0,NOT_IN_STRING,False,0.0,False,0,"[""eye"", ""nerve"", ""retina""]",114,11370
SYMPK-AS1,False,0.0,0.0,0.0,0.0,NOT_IN_STRING,0.0,NOT_IN_STRING,False,0.0,False,0,"[""eye"", ""nerve"", ""retina""]",114,11370
UBE2Q2P1,False,0.0,0.0,0.0,0.0,NOT_IN_STRING,0.0,NOT_IN_STRING,False,0.0,False,0,"[""eye"", ""nerve"", ""retina""]",114,11370
UBE2SP1,False,0.0,0.0,0.0,0.0,NOT_IN_STRING,0.0,NOT_IN_STRING,False,0.0,False,0,"[""eye"", ""nerve"", ""retina""]",114,11370
UBE2V1P10,False,0.0,0.0,0.0,0.0,NOT_IN_STRING,0.0,NOT_IN_STRING,False,0.0,False,0,"[""eye"", ""nerve"", ""retina""]",114,11370
UBE2V1P11,False,0.0,0.0,0.0,0.0,NOT_IN_STRING,0.0,NOT_IN_STRING,False,0.0,False,0,"[""eye"", ""nerve"", ""retina""]",114,11370
UCA1-AS1,False,0.0,0.0,0.0,0.0,NOT_IN_STRING,0.0,NOT_IN_STRING,False,0.0,False,0,"[""eye"", ""nerve"", ""retina""]",114,11370
UMODL1-AS1,False,0.0,0.0,0.0,0.0,NOT_IN_STRING,0.0,NOT_IN_STRING,False,0.0,False,0,"[""eye"", ""nerve"", ""retina""]",114,11370
UNC93B5,False,0.0,0.0,0.0,0.0,NOT_IN_STRING,0.0,NOT_IN_STRING,False,0.0,False,0,"[""eye"", ""nerve"", ""retina""]",114,11370
UQCRHP4,False,0.0,0.0,0.0,0.0,NOT_IN_STRING,0.0,NOT_IN_STRING,False,0.0,False,0,"[""eye"", ""nerve"", ""retina""]",114,11370
USP10P3,False,0.0,0.0,0.0,0.0,NOT_IN_STRING,0.0,NOT_IN_STRING,False,0.0,False,0,"[""eye"", ""nerve"", ""retina""]",114,11370
USP38-DT,False,0.0,0.0,0.0,0.0,NOT_IN_STRING,0.0,NOT_IN_STRING,False,0.0,False,0,"[""eye"", ""nerve"", ""retina""]",114,11370
USP7-AS1,False,0.0,0.0,0.0,0.0,NOT_IN_STRING,0.0,NOT_IN_STRING,False,0.0,False,0,"[""eye"", ""nerve"", ""retina""]",114,11370
VDAC2P2,False,0.0,0.0,0.0,0.0,NOT_IN_STRING,0.0,NOT_IN_STRING,False,0.0,False,0,"[""eye"", ""nerve"", ""retina""]",114,11370
UBE2CP1,False,0.0,0.0,0.0,0.0,NOT_IN_STRING,0.0,NOT_IN_STRING,False,0.0,False,0,"[""eye"", ""nerve"", ""retina""]",114,11370
TAF9P3,False,0.0,0.0,0.0,0.0,NOT_IN_STRING,0.0,NOT_IN_STRING,False,0.0,False,0,"[""eye"", ""nerve"", ""retina""]",114,11370
TARID,False,0.0,0.0,0.0,0.0,NOT_IN_STRING,0.0,NOT_IN_STRING,False,0.0,False,0,"[""eye"", ""nerve"", ""retina""]",114,11370
TAT-AS1,False,0.0,0.0,0.0,0.0,NOT_IN_STRING,0.0,NOT_IN_STRING,False,0.0,False,0,"[""eye"", ""nerve"", ""retina""]",114,11370
TBC1D3JP,False,0.0,0.0,0.0,0.0,NOT_IN_STRING,0.0,NOT_IN_STRING,False,0.0,False,0,"[""eye"", ""nerve"", ""retina""]",114,11370
TBX2-AS1,False,0.0,0.0,0.0,0.0,NOT_IN_STRING,0.0,NOT_IN_STRING,False,0.0,False,0,"[""eye"", ""nerve"", ""retina""]",114,11370
TCF12-DT,False,0.0,0.0,0.0,0.0,NOT_IN_STRING,0.0,NOT_IN_STRING,False,0.0,False,0,"[""eye"", ""nerve"", ""retina""]",114,11370
TCL6,False,0.0,0.0,0.0,0.0,NOT_IN_STRING,0.0,NOT_IN_STRING,False,0.0,False,0,"[""eye"", ""nerve"", ""retina""]",114,11370
TDRG1,False,0.0,0.0,0.0,0.0,NOT_IN_STRING,0.0,NOT_IN_STRING,False,0.0,False,0,"[""eye"", ""nerve"", ""retina""]",114,11370
TENM3-AS1,False,0.0,0.0,0.0,0.0,NOT_IN_STRING,0.0,NOT_IN_STRING,False,0.0,False,0,"[""eye"", ""nerve"", ""retina""]",114,11370
THEM7P,False,0.0,0.0,0.0,0.0,NOT_IN_STRING,0.0,NOT_IN_STRING,False,0.0,False,0,"[""eye"", ""nerve"", ""retina""]",114,11370
TMED11P,False,0.0,0.0,0.0,0.0,NOT_IN_STRING,0.0,NOT_IN_STRING,False,0.0,False,0,"[""eye"", ""nerve"", ""retina""]",114,11370
TMEM191A,False,0.0,0.0,0.0,0.0,NOT_IN_STRING,0.0,NOT_IN_STRING,False,0.0,False,0,"[""eye"", ""nerve"", ""retina""]",114,11370
TRBV21OR9-2,False,0.0,0.0,0.0,0.0,NOT_IN_STRING,0.0,NOT_IN_STRING,False,0.0,False,0,"[""eye"", ""nerve"", ""retina""]",114,11370
TMEM212-IT1,False,0.0,0.0,0.0,0.0,NOT_IN_STRING,0.0,NOT_IN_STRING,False,0.0,False,0,"[""eye"", ""nerve"", ""retina""]",114,11370
TMEM241,False,0.0,0.0,0.0,0.0,NOT_IN_STRING,0.0,NOT_IN_STRING,False,0.0,False,0,"[""eye"", ""nerve"", ""retina""]",114,11370
TMEM254-AS1,False,0.0,0.0,0.0,0.0,NOT_IN_STRING,0.0,NOT_IN_STRING,False,0.0,False,0,"[""eye"", ""nerve"", ""retina""]",114,11370
TMEM263-DT,False,0.0,0.0,0.0,0.0,NOT_IN_STRING,0.0,NOT_IN_STRING,False,0.0,False,0,"[""eye"", ""nerve"", ""retina""]",114,11370
TMEM277P,False,0.0,0.0,0.0,0.0,NOT_IN_STRING,0.0,NOT_IN_STRING,False,0.0,False,0,"[""eye"", ""nerve"", ""retina""]",114,11370
TMEM97P1,False,0.0,0.0,0.0,0.0,NOT_IN_STRING,0.0,NOT_IN_STRING,False,0.0,False,0,"[""eye"", ""nerve"", ""retina""]",114,11370
TOMM40P4,False,0.0,0.0,0.0,0.0,NOT_IN_STRING,0.0,NOT_IN_STRING,False,0.0,False,0,"[""eye"", ""nerve"", ""retina""]",114,11370
TPM1-AS,False,0.0,0.0,0.0,0.0,NOT_IN_STRING,0.0,NOT_IN_STRING,False,0.0,False,0,"[""eye"", ""nerve"", ""retina""]",114,11370
TPM3P9,False,0.0,0.0,0.0,0.0,NOT_IN_STRING,0.0,NOT_IN_STRING,False,0.0,False,0,"[""eye"", ""nerve"", ""retina""]",114,11370
TPTE2-AS1,False,0.0,0.0,0.0,0.0,NOT_IN_STRING,0.0,NOT_IN_STRING,False,0.0,False,0,"[""eye"", ""nerve"", ""retina""]",114,11370
TRAV8-4,False,0.0,0.0,0.0,0.0,NOT_IN_STRING,0.0,NOT_IN_STRING,False,0.0,False,0,"[""eye"", ""nerve"", ""retina""]",114,11370
TRBV11-3,False,0.0,0.0,0.0,0.0,NOT_IN_STRING,0.0,NOT_IN_STRING,False,0.0,False,0,"[""eye"", ""nerve"", ""retina""]",114,11370
TMEM212-AS1,False,0.0,0.0,0.0,0.0,NOT_IN_STRING,0.0,NOT_IN_STRING,False,0.0,False,0,"[""eye"", ""nerve"", ""retina""]",114,11370
LINC01572,False,0.0,0.0,0.0,0.0,NOT_IN_STRING,0.0,NOT_IN_STRING,False,0.0,False,0,"[""eye"", ""nerve"", ""retina""]",114,11370
LINC01579,False,0.0,0.0,0.0,0.0,NOT_IN_STRING,0.0,NOT_IN_STRING,False,0.0,False,0,"[""eye"", ""nerve"", ""retina""]",114,11370
LINC01581,False,0.0,0.0,0.0,0.0,NOT_IN_STRING,0.0,NOT_IN_STRING,False,0.0,False,0,"[""eye"", ""nerve"", ""retina""]",114,11370
LINC01592,False,0.0,0.0,0.0,0.0,NOT_IN_STRING,0.0,NOT_IN_STRING,False,0.0,False,0,"[""eye"", ""nerve"", ""retina""]",114,11370
LINC01603,False,0.0,0.0,0.0,0.0,NOT_IN_STRING,0.0,NOT_IN_STRING,False,0.0,False,0,"[""eye"", ""nerve"", ""retina""]",114,11370
LINC01606,False,0.0,0.0,0.0,0.0,NOT_IN_STRING,0.0,NOT_IN_STRING,False,0.0,False,0,"[""eye"", ""nerve"", ""retina""]",114,11370
LINC01616,False,0.0,0.0,0.0,0.0,NOT_IN_STRING,0.0,NOT_IN_STRING,False,0.0,False,0,"[""eye"", ""nerve"", ""retina""]",114,11370
LINC01619,False,0.0,0.0,0.0,0.0,NOT_IN_STRING,0.0,NOT_IN_STRING,False,0.0,False,0,"[""eye"", ""nerve"", ""retina""]",114,11370
LINC01620,False,0.0,0.0,0.0,0.0,NOT_IN_STRING,0.0,NOT_IN_STRING,False,0.0,False,0,"[""eye"", ""nerve"", ""retina""]",114,11370
LINC01638,False,0.0,0.0,0.0,0.0,NOT_IN_STRING,0.0,NOT_IN_STRING,False,0.0,False,0,"[""eye"", ""nerve"", ""retina""]",114,11370
LINC01639,False,0.0,0.0,0.0,0.0,NOT_IN_STRING,0.0,NOT_IN_STRING,False,0.0,False,0,"[""eye"", ""nerve"", ""retina""]",114,11370
OR5H8,False,0.0,0.0,0.0,0.0,NOT_IN_STRING,0.0,NOT_IN_STRING,False,0.0,False,0,"[""eye"", ""nerve"", ""retina""]",114,11370
LINC01644,False,0.0,0.0,0.0,0.0,NOT_IN_STRING,0.0,NOT_IN_STRING,False,0.0,False,0,"[""eye"", ""nerve"", ""retina""]",114,11370
LINC01666,False,0.0,0.0,0.0,0.0,NOT_IN_STRING,0.0,NOT_IN_STRING,False,0.0,False,0,"[""eye"", ""nerve"", ""retina""]",114,11370
LINC01673,False,0.0,0.0,0.0,0.0,NOT_IN_STRING,0.0,NOT_IN_STRING,False,0.0,False,0,"[""eye"", ""nerve"", ""retina""]",114,11370
LINC01674,False,0.0,0.0,0.0,0.0,NOT_IN_STRING,0.0,NOT_IN_STRING,False,0.0,False,0,"[""eye"", ""nerve"", ""retina""]",114,11370
LINC01695,False,0.0,0.0,0.0,0.0,NOT_IN_STRING,0.0,NOT_IN_STRING,False,0.0,False,0,"[""eye"", ""nerve"", ""retina""]",114,11370
LINC01701,False,0.0,0.0,0.0,0.0,NOT_IN_STRING,0.0,NOT_IN_STRING,False,0.0,False,0,"[""eye"", ""nerve"", ""retina""]",114,11370
LINC01702,False,0.0,0.0,0.0,0.0,NOT_IN_STRING,0.0,NOT_IN_STRING,False,0.0,False,0,"[""eye"", ""nerve"", ""retina""]",114,11370
LINC01720,False,0.0,0.0,0.0,0.0,NOT_IN_STRING,0.0,NOT_IN_STRING,False,0.0,False,0,"[""eye"", ""nerve"", ""retina""]",114,11370
LINC01721,False,0.0,0.0,0.0,0.0,NOT_IN_STRING,0.0,NOT_IN_STRING,False,0.0,False,0,"[""eye"", ""nerve"", ""retina""]",114,11370
LINC01724,False,0.0,0.0,0.0,0.0,NOT_IN_STRING,0.0,NOT_IN_STRING,False,0.0,False,0,"[""eye"", ""nerve"", ""retina""]",114,11370
LINC01726,False,0.0,0.0,0.0,0.0,NOT_IN_STRING,0.0,NOT_IN_STRING,False,0.0,False,0,"[""eye"", ""nerve"", ""retina""]",114,11370
LINC01749,False,0.0,0.0,0.0,0.0,NOT_IN_STRING,0.0,NOT_IN_STRING,False,0.0,False,0,"[""eye"", ""nerve"", ""retina""]",114,11370
LINC01643,False,0.0,0.0,0.0,0.0,NOT_IN_STRING,0.0,NOT_IN_STRING,False,0.0,False,0,"[""eye"", ""nerve"", ""retina""]",114,11370
LINC01349,False,0.0,0.0,0.0,0.0,NOT_IN_STRING,0.0,NOT_IN_STRING,False,0.0,False,0,"[""eye"", ""nerve"", ""retina""]",114,11370
LINC01360,False,0.0,0.0,0.0,0.0,NOT_IN_STRING,0.0,NOT_IN_STRING,False,0.0,False,0,"[""eye"", ""nerve"", ""retina""]",114,11370
LINC01364,False,0.0,0.0,0.0,0.0,NOT_IN_STRING,0.0,NOT_IN_STRING,False,0.0,False,0,"[""eye"", ""nerve"", ""retina""]",114,11370
LINC01370,False,0.0,0.0,0.0,0.0,NOT_IN_STRING,0.0,NOT_IN_STRING,False,0.0,False,0,"[""eye"", ""nerve"", ""retina""]",114,11370
LINC01392,False,0.0,0.0,0.0,0.0,NOT_IN_STRING,0.0,NOT_IN_STRING,False,0.0,False,0,"[""eye"", ""nerve"", ""retina""]",114,11370
LINC01393,False,0.0,0.0,0.0,0.0,NOT_IN_STRING,0.0,NOT_IN_STRING,False,0.0,False,0,"[""eye"", ""nerve"", ""retina""]",114,11370
LINC01396,False,0.0,0.0,0.0,0.0,NOT_IN_STRING,0.0,NOT_IN_STRING,False,0.0,False,0,"[""eye"", ""nerve"", ""retina""]",114,11370
LINC01418,False,0.0,0.0,0.0,0.0,NOT_IN_STRING,0.0,NOT_IN_STRING,False,0.0,False,0,"[""eye"", ""nerve"", ""retina""]",114,11370
LINC01426,False,0.0,0.0,0.0,0.0,NOT_IN_STRING,0.0,NOT_IN_STRING,False,0.0,False,0,"[""eye"", ""nerve"", ""retina""]",114,11370
LINC01435,False,0.0,0.0,0.0,0.0,NOT_IN_STRING,0.0,NOT_IN_STRING,False,0.0,False,0,"[""eye"", ""nerve"", ""retina""]",114,11370
LINC01443,False,0.0,0.0,0.0,0.0,NOT_IN_STRING,0.0,NOT_IN_STRING,False,0.0,False,0,"[""eye"", ""nerve"", ""retina""]",114,11370
LINC01559,False,0.0,0.0,0.0,0.0,NOT_IN_STRING,0.0,NOT_IN_STRING,False,0.0,False,0,"[""eye"", ""nerve"", ""retina""]",114,11370
LINC01478,False,0.0,0.0,0.0,0.0,NOT_IN_STRING,0.0,NOT_IN_STRING,False,0.0,False,0,"[""eye"", ""nerve"", ""retina""]",114,11370
LINC01495,False,0.0,0.0,0.0,0.0,NOT_IN_STRING,0.0,NOT_IN_STRING,False,0.0,False,0,"[""eye"", ""nerve"", ""retina""]",114,11370
LINC01497,False,0.0,0.0,0.0,0.0,NOT_IN_STRING,0.0,NOT_IN_STRING,False,0.0,False,0,"[""eye"", ""nerve"", ""retina""]",114,11370
LINC01500,False,0.0,0.0,0.0,0.0,NOT_IN_STRING,0.0,NOT_IN_STRING,False,0.0,False,0,"[""eye"", ""nerve"", ""retina""]",114,11370
LINC01504,False,0.0,0.0,0.0,0.0,NOT_IN_STRING,0.0,NOT_IN_STRING,False,0.0,False,0,"[""eye"", ""nerve"", ""retina""]",114,11370
LINC01515,False,0.0,0.0,0.0,0.0,NOT_IN_STRING,0.0,NOT_IN_STRING,False,0.0,False,0,"[""eye"", ""nerve"", ""retina""]",114,11370
LINC01526,False,0.0,0.0,0.0,0.0,NOT_IN_STRING,0.0,NOT_IN_STRING,False,0.0,False,0,"[""eye"", ""nerve"", ""retina""]",114,11370
LINC01532,False,0.0,0.0,0.0,0.0,NOT_IN_STRING,0.0,NOT_IN_STRING,False,0.0,False,0,"[""eye"", ""nerve"", ""retina""]",114,11370
LINC01537,False,0.0,0.0,0.0,0.0,NOT_IN_STRING,0.0,NOT_IN_STRING,False,0.0,False,0,"[""eye"", ""nerve"", ""retina""]",114,11370
LINC01539,False,0.0,0.0,0.0,0.0,NOT_IN_STRING,0.0,NOT_IN_STRING,False,0.0,False,0,"[""eye"", ""nerve"", ""retina""]",114,11370
LINC01541,False,0.0,0.0,0.0,0.0,NOT_IN_STRING,0.0,NOT_IN_STRING,False,0.0,False,0,"[""eye"", ""nerve"", ""retina""]",114,11370
LINC01544,False,0.0,0.0,0.0,0.0,NOT_IN_STRING,0.0,NOT_IN_STRING,False,0.0,False,0,"[""eye"", ""nerve"", ""retina""]",114,11370
LINC01444,False,0.0,0.0,0.0,0.0,NOT_IN_STRING,0.0,NOT_IN_STRING,False,0.0,False,0,"[""eye"", ""nerve"", ""retina""]",114,11370
LINC02144,False,0.0,0.0,0.0,0.0,NOT_IN_STRING,0.0,NOT_IN_STRING,False,0.0,False,0,"[""eye"", ""nerve"", ""retina""]",114,11370
LINC02191,False,0.0,0.0,0.0,0.0,NOT_IN_STRING,0.0,NOT_IN_STRING,False,0.0,False,0,"[""eye"", ""nerve"", ""retina""]",114,11370
LINC02200,False,0.0,0.0,0.0,0.0,NOT_IN_STRING,0.0,NOT_IN_STRING,False,0.0,False,0,"[""eye"", ""nerve"", ""retina""]",114,11370
LINC02226,False,0.0,0.0,0.0,0.0,NOT_IN_STRING,0.0,NOT_IN_STRING,False,0.0,False,0,"[""eye"", ""nerve"", ""retina""]",114,11370
LINC02231,False,0.0,0.0,0.0,0.0,NOT_IN_STRING,0.0,NOT_IN_STRING,False,0.0,False,0,"[""eye"", ""nerve"", ""retina""]",114,11370
LINC02240,False,0.0,0.0,0.0,0.0,NOT_IN_STRING,0.0,NOT_IN_STRING,False,0.0,False,0,"[""eye"", ""nerve"", ""retina""]",114,11370
LINC02241,False,0.0,0.0,0.0,0.0,NOT_IN_STRING,0.0,NOT_IN_STRING,False,0.0,False,0,"[""eye"", ""nerve"", ""retina""]",114,11370
LINC02244,False,0.0,0.0,0.0,0.0,NOT_IN_STRING,0.0,NOT_IN_STRING,False,0.0,False,0,"[""eye"", ""nerve"", ""retina""]",114,11370
LINC02250,False,0.0,0.0,0.0,0.0,NOT_IN_STRING,0.0,NOT_IN_STRING,False,0.0,False,0,"[""eye"", ""nerve"", ""retina""]",114,11370
LINC02251,False,0.0,0.0,0.0,0.0,NOT_IN_STRING,0.0,NOT_IN_STRING,False,0.0,False,0,"[""eye"", ""nerve"", ""retina""]",114,11370
LINC02253,False,0.0,0.0,0.0,0.0,NOT_IN_STRING,0.0,NOT_IN_STRING,False,0.0,False,0,"[""eye"", ""nerve"", ""retina""]",114,11370
LINC01763,False,0.0,0.0,0.0,0.0,NOT_IN_STRING,0.0,NOT_IN_STRING,False,0.0,False,0,"[""eye"", ""nerve"", ""retina""]",114,11370
LINC02269,False,0.0,0.0,0.0,0.0,NOT_IN_STRING,0.0,NOT_IN_STRING,False,0.0,False,0,"[""eye"", ""nerve"", ""retina""]",114,11370
LINC02284,False,0.0,0.0,0.0,0.0,NOT_IN_STRING,0.0,NOT_IN_STRING,False,0.0,False,0,"[""eye"", ""nerve"", ""retina""]",114,11370
LINC02285,False,0.0,0.0,0.0,0.0,NOT_IN_STRING,0.0,NOT_IN_STRING,False,0.0,False,0,"[""eye"", ""nerve"", ""retina""]",114,11370
LINC02295,False,0.0,0.0,0.0,0.0,NOT_IN_STRING,0.0,NOT_IN_STRING,False,0.0,False,0,"[""eye"", ""nerve"", ""retina""]",114,11370
LINC02296,False,0.0,0.0,0.0,0.0,NOT_IN_STRING,0.0,NOT_IN_STRING,False,0.0,False,0,"[""eye"", ""nerve"", ""retina""]",114,11370
LINC02301,False,0.0,0.0,0.0,0.0,NOT_IN_STRING,0.0,NOT_IN_STRING,False,0.0,False,0,"[""eye"", ""nerve"", ""retina""]",114,11370
LINC02306,False,0.0,0.0,0.0,0.0,NOT_IN_STRING,0.0,NOT_IN_STRING,False,0.0,False,0,"[""eye"", ""nerve"", ""retina""]",114,11370
LINC02312,False,0.0,0.0,0.0,0.0,NOT_IN_STRING,0.0,NOT_IN_STRING,False,0.0,False,0,"[""eye"", ""nerve"", ""retina""]",114,11370
LINC02315,False,0.0,0.0,0.0,0.0,NOT_IN_STRING,0.0,NOT_IN_STRING,False,0.0,False,0,"[""eye"", ""nerve"", ""retina""]",114,11370
LINC02319,False,0.0,0.0,0.0,0.0,NOT_IN_STRING,0.0,NOT_IN_STRING,False,0.0,False,0,"[""eye"", ""nerve"", ""retina""]",114,11370
LINC02323,False,0.0,0.0,0.0,0.0,NOT_IN_STRING,0.0,NOT_IN_STRING,False,0.0,False,0,"[""eye"", ""nerve"", ""retina""]",114,11370
LINC02324,False,0.0,0.0,0.0,0.0,NOT_IN_STRING,0.0,NOT_IN_STRING,False,0.0,False,0,"[""eye"", ""nerve"", ""retina""]",114,11370
LINC02259,False,0.0,0.0,0.0,0.0,NOT_IN_STRING,0.0,NOT_IN_STRING,False,0.0,False,0,"[""eye"", ""nerve"", ""retina""]",114,11370
LINC01783,False,0.0,0.0,0.0,0.0,NOT_IN_STRING,0.0,NOT_IN_STRING,False,0.0,False,0,"[""eye"", ""nerve"", ""retina""]",114,11370
LINC01801,False,0.0,0.0,0.0,0.0,NOT_IN_STRING,0.0,NOT_IN_STRING,False,0.0,False,0,"[""eye"", ""nerve"", ""retina""]",114,11370
LINC01807,False,0.0,0.0,0.0,0.0,NOT_IN_STRING,0.0,NOT_IN_STRING,False,0.0,False,0,"[""eye"", ""nerve"", ""retina""]",114,11370
LINC01854,False,0.0,0.0,0.0,0.0,NOT_IN_STRING,0.0,NOT_IN_STRING,False,0.0,False,0,"[""eye"", ""nerve"", ""retina""]",114,11370
LINC01859,False,0.0,0.0,0.0,0.0,NOT_IN_STRING,0.0,NOT_IN_STRING,False,0.0,False,0,"[""eye"", ""nerve"", ""retina""]",114,11370
LINC01871,False,0.0,0.0,0.0,0.0,NOT_IN_STRING,0.0,NOT_IN_STRING,False,0.0,False,0,"[""eye"", ""nerve"", ""retina""]",114,11370
LINC01887,False,0.0,0.0,0.0,0.0,NOT_IN_STRING,0.0,NOT_IN_STRING,False,0.0,False,0,"[""eye"", ""nerve"", ""retina""]",114,11370
LINC01899,False,0.0,0.0,0.0,0.0,NOT_IN_STRING,0.0,NOT_IN_STRING,False,0.0,False,0,"[""eye"", ""nerve"", ""retina""]",114,11370
LINC01901,False,0.0,0.0,0.0,0.0,NOT_IN_STRING,0.0,NOT_IN_STRING,False,0.0,False,0,"[""eye"", ""nerve"", ""retina""]",114,11370
LINC01902,False,0.0,0.0,0.0,0.0,NOT_IN_STRING,0.0,NOT_IN_STRING,False,0.0,False,0,"[""eye"", ""nerve"", ""retina""]",114,11370
LINC01905,False,0.0,0.0,0.0,0.0,NOT_IN_STRING,0.0,NOT_IN_STRING,False,0.0,False,0,"[""eye"", ""nerve"", ""retina""]",114,11370
LINC01919,False,0.0,0.0,0.0,0.0,NOT_IN_STRING,0.0,NOT_IN_STRING,False,0.0,False,0,"[""eye"", ""nerve"", ""retina""]",114,11370
LINC02142,False,0.0,0.0,0.0,0.0,NOT_IN_STRING,0.0,NOT_IN_STRING,False,0.0,False,0,"[""eye"", ""nerve"", ""retina""]",114,11370
LINC01951,False,0.0,0.0,0.0,0.0,NOT_IN_STRING,0.0,NOT_IN_STRING,False,0.0,False,0,"[""eye"", ""nerve"", ""retina""]",114,11370
LINC01965,False,0.0,0.0,0.0,0.0,NOT_IN_STRING,0.0,NOT_IN_STRING,False,0.0,False,0,"[""eye"", ""nerve"", ""retina""]",114,11370
LINC01973,False,0.0,0.0,0.0,0.0,NOT_IN_STRING,0.0,NOT_IN_STRING,False,0.0,False,0,"[""eye"", ""nerve"", ""retina""]",114,11370
LINC01983,False,0.0,0.0,0.0,0.0,NOT_IN_STRING,0.0,NOT_IN_STRING,False,0.0,False,0,"[""eye"", ""nerve"", ""retina""]",114,11370
LINC01991,False,0.0,0.0,0.0,0.0,NOT_IN_STRING,0.0,NOT_IN_STRING,False,0.0,False,0,"[""eye"", ""nerve"", ""retina""]",114,11370
LINC01994,False,0.0,0.0,0.0,0.0,NOT_IN_STRING,0.0,NOT_IN_STRING,False,0.0,False,0,"[""eye"", ""nerve"", ""retina""]",114,11370
LINC02005,False,0.0,0.0,0.0,0.0,NOT_IN_STRING,0.0,NOT_IN_STRING,False,0.0,False,0,"[""eye"", ""nerve"", ""retina""]",114,11370
LINC02006,False,0.0,0.0,0.0,0.0,NOT_IN_STRING,0.0,NOT_IN_STRING,False,0.0,False,0,"[""eye"", ""nerve"", ""retina""]",114,11370
LINC02021,False,0.0,0.0,0.0,0.0,NOT_IN_STRING,0.0,NOT_IN_STRING,False,0.0,False,0,"[""eye"", ""nerve"", ""retina""]",114,11370
LINC02074,False,0.0,0.0,0.0,0.0,NOT_IN_STRING,0.0,NOT_IN_STRING,False,0.0,False,0,"[""eye"", ""nerve"", ""retina""]",114,11370
LINC02084,False,0.0,0.0,0.0,0.0,NOT_IN_STRING,0.0,NOT_IN_STRING,False,0.0,False,0,"[""eye"", ""nerve"", ""retina""]",114,11370
LINC02113,False,0.0,0.0,0.0,0.0,NOT_IN_STRING,0.0,NOT_IN_STRING,False,0.0,False,0,"[""eye"", ""nerve"", ""retina""]",114,11370
LINC01927,False,0.0,0.0,0.0,0.0,NOT_IN_STRING,0.0,NOT_IN_STRING,False,0.0,False,0,"[""eye"", ""nerve"", ""retina""]",114,11370
LINC00111,False,0.0,0.0,0.0,0.0,NOT_IN_STRING,0.0,NOT_IN_STRING,False,0.0,False,0,"[""eye"", ""nerve"", ""retina""]",114,11370
LINC00159,False,0.0,0.0,0.0,0.0,NOT_IN_STRING,0.0,NOT_IN_STRING,False,0.0,False,0,"[""eye"", ""nerve"", ""retina""]",114,11370
LINC00205,False,0.0,0.0,0.0,0.0,NOT_IN_STRING,0.0,NOT_IN_STRING,False,0.0,False,0,"[""eye"", ""nerve"", ""retina""]",114,11370
LINC00229,False,0.0,0.0,0.0,0.0,NOT_IN_STRING,0.0,NOT_IN_STRING,False,0.0,False,0,"[""eye"", ""nerve"", ""retina""]",114,11370
LINC00273,False,0.0,0.0,0.0,0.0,NOT_IN_STRING,0.0,NOT_IN_STRING,False,0.0,False,0,"[""eye"", ""nerve"", ""retina""]",114,11370
LINC00304,False,0.0,0.0,0.0,0.0,NOT_IN_STRING,0.0,NOT_IN_STRING,False,0.0,False,0,"[""eye"", ""nerve"", ""retina""]",114,11370
LINC00310,False,0.0,0.0,0.0,0.0,NOT_IN_STRING,0.0,NOT_IN_STRING,False,0.0,False,0,"[""eye"", ""nerve"", ""retina""]",114,11370
LINC00315,False,0.0,0.0,0.0,0.0,NOT_IN_STRING,0.0,NOT_IN_STRING,False,0.0,False,0,"[""eye"", ""nerve"", ""retina""]",114,11370
LINC00320,False,0.0,0.0,0.0,0.0,NOT_IN_STRING,0.0,NOT_IN_STRING,False,0.0,False,0,"[""eye"", ""nerve"", ""retina""]",114,11370
LINC00323,False,0.0,0.0,0.0,0.0,NOT_IN_STRING,0.0,NOT_IN_STRING,False,0.0,False,0,"[""eye"", ""nerve"", ""retina""]",114,11370
LINC00326,False,0.0,0.0,0.0,0.0,NOT_IN_STRING,0.0,NOT_IN_STRING,False,0.0,False,0,"[""eye"", ""nerve"", ""retina""]",114,11370
LINC01348,False,0.0,0.0,0.0,0.0,NOT_IN_STRING,0.0,NOT_IN_STRING,False,0.0,False,0,"[""eye"", ""nerve"", ""retina""]",114,11370
LINC00332,False,0.0,0.0,0.0,0.0,NOT_IN_STRING,0.0,NOT_IN_STRING,False,0.0,False,0,"[""eye"", ""nerve"", ""retina""]",114,11370
LINC00355,False,0.0,0.0,0.0,0.0,NOT_IN_STRING,0.0,NOT_IN_STRING,False,0.0,False,0,"[""eye"", ""nerve"", ""retina""]",114,11370
LINC00359,False,0.0,0.0,0.0,0.0,NOT_IN_STRING,0.0,NOT_IN_STRING,False,0.0,False,0,"[""eye"", ""nerve"", ""retina""]",114,11370
LINC00370,False,0.0,0.0,0.0,0.0,NOT_IN_STRING,0.0,NOT_IN_STRING,False,0.0,False,0,"[""eye"", ""nerve"", ""retina""]",114,11370
LINC00376,False,0.0,0.0,0.0,0.0,NOT_IN_STRING,0.0,NOT_IN_STRING,False,0.0,False,0,"[""eye"", ""nerve"", ""retina""]",114,11370
LINC00378,False,0.0,0.0,0.0,0.0,NOT_IN_STRING,0.0,NOT_IN_STRING,False,0.0,False,0,"[""eye"", ""nerve"", ""retina""]",114,11370
LINC00380,False,0.0,0.0,0.0,0.0,NOT_IN_STRING,0.0,NOT_IN_STRING,False,0.0,False,0,"[""eye"", ""nerve"", ""retina""]",114,11370
LINC00408,False,0.0,0.0,0.0,0.0,NOT_IN_STRING,0.0,NOT_IN_STRING,False,0.0,False,0,"[""eye"", ""nerve"", ""retina""]",114,11370
LINC00410,False,0.0,0.0,0.0,0.0,NOT_IN_STRING,0.0,NOT_IN_STRING,False,0.0,False,0,"[""eye"", ""nerve"", ""retina""]",114,11370
LINC00446,False,0.0,0.0,0.0,0.0,NOT_IN_STRING,0.0,NOT_IN_STRING,False,0.0,False,0,"[""eye"", ""nerve"", ""retina""]",114,11370
LINC00466,False,0.0,0.0,0.0,0.0,NOT_IN_STRING,0.0,NOT_IN_STRING,False,0.0,False,0,"[""eye"", ""nerve"", ""retina""]",114,11370
LINC00484,False,0.0,0.0,0.0,0.0,NOT_IN_STRING,0.0,NOT_IN_STRING,False,0.0,False,0,"[""eye"", ""nerve"", ""retina""]",114,11370
LINC00331,False,0.0,0.0,0.0,0.0,NOT_IN_STRING,0.0,NOT_IN_STRING,False,0.0,False,0,"[""eye"", ""nerve"", ""retina""]",114,11370
IL1R1-AS1,False,0.0,0.0,0.0,0.0,NOT_IN_STRING,0.0,NOT_IN_STRING,False,0.0,False,0,"[""eye"", ""nerve"", ""retina""]",114,11370
IL2RA-AS1,False,0.0,0.0,0.0,0.0,NOT_IN_STRING,0.0,NOT_IN_STRING,False,0.0,False,0,"[""eye"", ""nerve"", ""retina""]",114,11370
IMMTP1,False,0.0,0.0,0.0,0.0,NOT_IN_STRING,0.0,NOT_IN_STRING,False,0.0,False,0,"[""eye"", ""nerve"", ""retina""]",114,11370
ITFG2-AS1,False,0.0,0.0,0.0,0.0,NOT_IN_STRING,0.0,NOT_IN_STRING,False,0.0,False,0,"[""eye"", ""nerve"", ""retina""]",114,11370
JKAMPP1,False,0.0,0.0,0.0,0.0,NOT_IN_STRING,0.0,NOT_IN_STRING,False,0.0,False,0,"[""eye"", ""nerve"", ""retina""]",114,11370
JMJD1C-AS1,False,0.0,0.0,0.0,0.0,NOT_IN_STRING,0.0,NOT_IN_STRING,False,0.0,False,0,"[""eye"", ""nerve"", ""retina""]",114,11370
JPT1P1,False,0.0,0.0,0.0,0.0,NOT_IN_STRING,0.0,NOT_IN_STRING,False,0.0,False,0,"[""eye"", ""nerve"", ""retina""]",114,11370
KBTBD6-DT,False,0.0,0.0,0.0,0.0,NOT_IN_STRING,0.0,NOT_IN_STRING,False,0.0,False,0,"[""eye"", ""nerve"", ""retina""]",114,11370
KCNK15-AS1,False,0.0,0.0,0.0,0.0,NOT_IN_STRING,0.0,NOT_IN_STRING,False,0.0,False,0,"[""eye"", ""nerve"", ""retina""]",114,11370
KCNMA1-AS3,False,0.0,0.0,0.0,0.0,NOT_IN_STRING,0.0,NOT_IN_STRING,False,0.0,False,0,"[""eye"", ""nerve"", ""retina""]",114,11370
KIF18BP1,False,0.0,0.0,0.0,0.0,NOT_IN_STRING,0.0,NOT_IN_STRING,False,0.0,False,0,"[""eye"", ""nerve"", ""retina""]",114,11370
LINC-PINT,False,0.0,0.0,0.0,0.0,NOT_IN_STRING,0.0,NOT_IN_STRING,False,0.0,False,0,"[""eye"", ""nerve"", ""retina""]",114,11370
KLF8P1,False,0.0,0.0,0.0,0.0,NOT_IN_STRING,0.0,NOT_IN_STRING,False,0.0,False,0,"[""eye"", ""nerve"", ""retina""]",114,11370
KPNB1-DT,False,0.0,0.0,0.0,0.0,NOT_IN_STRING,0.0,NOT_IN_STRING,False,0.0,False,0,"[""eye"", ""nerve"", ""retina""]",114,11370
KRT16P6,False,0.0,0.0,0.0,0.0,NOT_IN_STRING,0.0,NOT_IN_STRING,False,0.0,False,0,"[""eye"", ""nerve"", ""retina""]",114,11370
KRT18P5,False,0.0,0.0,0.0,0.0,NOT_IN_STRING,0.0,NOT_IN_STRING,False,0.0,False,0,"[""eye"", ""nerve"", ""retina""]",114,11370
KRT8P22,False,0.0,0.0,0.0,0.0,NOT_IN_STRING,0.0,NOT_IN_STRING,False,0.0,False,0,"[""eye"", ""nerve"", ""retina""]",114,11370
KRTAP13-5P,False,0.0,0.0,0.0,0.0,NOT_IN_STRING,0.0,NOT_IN_STRING,False,0.0,False,0,"[""eye"", ""nerve"", ""retina""]",114,11370
KRTAP4-17P,False,0.0,0.0,0.0,0.0,NOT_IN_STRING,0.0,NOT_IN_STRING,False,0.0,False,0,"[""eye"", ""nerve"", ""retina""]",114,11370
KRTAP5-13P,False,0.0,0.0,0.0,0.0,NOT_IN_STRING,0.0,NOT_IN_STRING,False,0.0,False,0,"[""eye"", ""nerve"", ""retina""]",114,11370
LANCL1-AS1,False,0.0,0.0,0.0,0.0,NOT_IN_STRING,0.0,NOT_IN_STRING,False,0.0,False,0,"[""eye"", ""nerve"", ""retina""]",114,11370
LETR1,False,0.0,0.0,0.0,0.0,NOT_IN_STRING,0.0,NOT_IN_STRING,False,0.0,False,0,"[""eye"", ""nerve"", ""retina""]",114,11370
LIFR-AS1,False,0.0,0.0,0.0,0.0,NOT_IN_STRING,0.0,NOT_IN_STRING,False,0.0,False,0,"[""eye"", ""nerve"", ""retina""]",114,11370
LIN28B-AS1,False,0.0,0.0,0.0,0.0,NOT_IN_STRING,0.0,NOT_IN_STRING,False,0.0,False,0,"[""eye"", ""nerve"", ""retina""]",114,11370
KIZ-AS1,False,0.0,0.0,0.0,0.0,NOT_IN_STRING,0.0,NOT_IN_STRING,False,0.0,False,0,"[""eye"", ""nerve"", ""retina""]",114,11370
LINC01049,False,0.0,0.0,0.0,0.0,NOT_IN_STRING,0.0,NOT_IN_STRING,False,0.0,False,0,"[""eye"", ""nerve"", ""retina""]",114,11370
LINC01070,False,0.0,0.0,0.0,0.0,NOT_IN_STRING,0.0,NOT_IN_STRING,False,0.0,False,0,"[""eye"", ""nerve"", ""retina""]",114,11370
LINC01075,False,0.0,0.0,0.0,0.0,NOT_IN_STRING,0.0,NOT_IN_STRING,False,0.0,False,0,"[""eye"", ""nerve"", ""retina""]",114,11370
LINC01082,False,0.0,0.0,0.0,0.0,NOT_IN_STRING,0.0,NOT_IN_STRING,False,0.0,False,0,"[""eye"", ""nerve"", ""retina""]",114,11370
LINC01091,False,0.0,0.0,0.0,0.0,NOT_IN_STRING,0.0,NOT_IN_STRING,False,0.0,False,0,"[""eye"", ""nerve"", ""retina""]",114,11370
LINC01099,False,0.0,0.0,0.0,0.0,NOT_IN_STRING,0.0,NOT_IN_STRING,False,0.0,False,0,"[""eye"", ""nerve"", ""retina""]",114,11370
LINC01107,False,0.0,0.0,0.0,0.0,NOT_IN_STRING,0.0,NOT_IN_STRING,False,0.0,False,0,"[""eye"", ""nerve"", ""retina""]",114,11370
LINC01122,False,0.0,0.0,0.0,0.0,NOT_IN_STRING,0.0,NOT_IN_STRING,False,0.0,False,0,"[""eye"", ""nerve"", ""retina""]",114,11370
LINC01132,False,0.0,0.0,0.0,0.0,NOT_IN_STRING,0.0,NOT_IN_STRING,False,0.0,False,0,"[""eye"", ""nerve"", ""retina""]",114,11370
LINC01139,False,0.0,0.0,0.0,0.0,NOT_IN_STRING,0.0,NOT_IN_STRING,False,0.0,False,0,"[""eye"", ""nerve"", ""retina""]",114,11370
LINC01169,False,0.0,0.0,0.0,0.0,NOT_IN_STRING,0.0,NOT_IN_STRING,False,0.0,False,0,"[""eye"", ""nerve"", ""retina""]",114,11370
LINC00499,False,0.0,0.0,0.0,0.0,NOT_IN_STRING,0.0,NOT_IN_STRING,False,0.0,False,0,"[""eye"", ""nerve"", ""retina""]",114,11370
LINC01202,False,0.0,0.0,0.0,0.0,NOT_IN_STRING,0.0,NOT_IN_STRING,False,0.0,False,0,"[""eye"", ""nerve"", ""retina""]",114,11370
LINC01208,False,0.0,0.0,0.0,0.0,NOT_IN_STRING,0.0,NOT_IN_STRING,False,0.0,False,0,"[""eye"", ""nerve"", ""retina""]",114,11370
LINC01229,False,0.0,0.0,0.0,0.0,NOT_IN_STRING,0.0,NOT_IN_STRING,False,0.0,False,0,"[""eye"", ""nerve"", ""retina""]",114,11370
LINC01233,False,0.0,0.0,0.0,0.0,NOT_IN_STRING,0.0,NOT_IN_STRING,False,0.0,False,0,"[""eye"", ""nerve"", ""retina""]",114,11370
LINC01252,False,0.0,0.0,0.0,0.0,NOT_IN_STRING,0.0,NOT_IN_STRING,False,0.0,False,0,"[""eye"", ""nerve"", ""retina""]",114,11370
LINC01266,False,0.0,0.0,0.0,0.0,NOT_IN_STRING,0.0,NOT_IN_STRING,False,0.0,False,0,"[""eye"", ""nerve"", ""retina""]",114,11370
LINC01270,False,0.0,0.0,0.0,0.0,NOT_IN_STRING,0.0,NOT_IN_STRING,False,0.0,False,0,"[""eye"", ""nerve"", ""retina""]",114,11370
LINC01273,False,0.0,0.0,0.0,0.0,NOT_IN_STRING,0.0,NOT_IN_STRING,False,0.0,False,0,"[""eye"", ""nerve"", ""retina""]",114,11370
LINC01275,False,0.0,0.0,0.0,0.0,NOT_IN_STRING,0.0,NOT_IN_STRING,False,0.0,False,0,"[""eye"", ""nerve"", ""retina""]",114,11370
LINC01297,False,0.0,0.0,0.0,0.0,NOT_IN_STRING,0.0,NOT_IN_STRING,False,0.0,False,0,"[""eye"", ""nerve"", ""retina""]",114,11370
LINC01312,False,0.0,0.0,0.0,0.0,NOT_IN_STRING,0.0,NOT_IN_STRING,False,0.0,False,0,"[""eye"", ""nerve"", ""retina""]",114,11370
LINC01339,False,0.0,0.0,0.0,0.0,NOT_IN_STRING,0.0,NOT_IN_STRING,False,0.0,False,0,"[""eye"", ""nerve"", ""retina""]",114,11370
LINC01194,False,0.0,0.0,0.0,0.0,NOT_IN_STRING,0.0,NOT_IN_STRING,False,0.0,False,0,"[""eye"", ""nerve"", ""retina""]",114,11370
LINC00511,False,0.0,0.0,0.0,0.0,NOT_IN_STRING,0.0,NOT_IN_STRING,False,0.0,False,0,"[""eye"", ""nerve"", ""retina""]",114,11370
LINC00517,False,0.0,0.0,0.0,0.0,NOT_IN_STRING,0.0,NOT_IN_STRING,False,0.0,False,0,"[""eye"", ""nerve"", ""retina""]",114,11370
LINC00520,False,0.0,0.0,0.0,0.0,NOT_IN_STRING,0.0,NOT_IN_STRING,False,0.0,False,0,"[""eye"", ""nerve"", ""retina""]",114,11370
LINC00523,False,0.0,0.0,0.0,0.0,NOT_IN_STRING,0.0,NOT_IN_STRING,False,0.0,False,0,"[""eye"", ""nerve"", ""retina""]",114,11370
LINC00534,False,0.0,0.0,0.0,0.0,NOT_IN_STRING,0.0,NOT_IN_STRING,False,0.0,False,0,"[""eye"", ""nerve"", ""retina""]",114,11370
LINC00558,False,0.0,0.0,0.0,0.0,NOT_IN_STRING,0.0,NOT_IN_STRING,False,0.0,False,0,"[""eye"", ""nerve"", ""retina""]",114,11370
LINC00574,False,0.0,0.0,0.0,0.0,NOT_IN_STRING,0.0,NOT_IN_STRING,False,0.0,False,0,"[""eye"", ""nerve"", ""retina""]",114,11370
LINC00603,False,0.0,0.0,0.0,0.0,NOT_IN_STRING,0.0,NOT_IN_STRING,False,0.0,False,0,"[""eye"", ""nerve"", ""retina""]",114,11370
LINC00616,False,0.0,0.0,0.0,0.0,NOT_IN_STRING,0.0,NOT_IN_STRING,False,0.0,False,0,"[""eye"", ""nerve"", ""retina""]",114,11370
LINC00620,False,0.0,0.0,0.0,0.0,NOT_IN_STRING,0.0,NOT_IN_STRING,False,0.0,False,0,"[""eye"", ""nerve"", ""retina""]",114,11370
LINC00623,False,0.0,0.0,0.0,0.0,NOT_IN_STRING,0.0,NOT_IN_STRING,False,0.0,False,0,"[""eye"", ""nerve"", ""retina""]",114,11370
LINC00662,False,0.0,0.0,0.0,0.0,NOT_IN_STRING,0.0,NOT_IN_STRING,False,0.0,False,0,"[""eye"", ""nerve"", ""retina""]",114,11370
LINC01039,False,0.0,0.0,0.0,0.0,NOT_IN_STRING,0.0,NOT_IN_STRING,False,0.0,False,0,"[""eye"", ""nerve"", ""retina""]",114,11370
LINC00824,False,0.0,0.0,0.0,0.0,NOT_IN_STRING,0.0,NOT_IN_STRING,False,0.0,False,0,"[""eye"", ""nerve"", ""retina""]",114,11370
LINC00837,False,0.0,0.0,0.0,0.0,NOT_IN_STRING,0.0,NOT_IN_STRING,False,0.0,False,0,"[""eye"", ""nerve"", ""retina""]",114,11370
LINC00841,False,0.0,0.0,0.0,0.0,NOT_IN_STRING,0.0,NOT_IN_STRING,False,0.0,False,0,"[""eye"", ""nerve"", ""retina""]",114,11370
LINC00906,False,0.0,0.0,0.0,0.0,NOT_IN_STRING,0.0,NOT_IN_STRING,False,0.0,False,0,"[""eye"", ""nerve"", ""retina""]",114,11370
LINC00921,False,0.0,0.0,0.0,0.0,NOT_IN_STRING,0.0,NOT_IN_STRING,False,0.0,False,0,"[""eye"", ""nerve"", ""retina""]",114,11370
LINC00930,False,0.0,0.0,0.0,0.0,NOT_IN_STRING,0.0,NOT_IN_STRING,False,0.0,False,0,"[""eye"", ""nerve"", ""retina""]",114,11370
LINC00933,False,0.0,0.0,0.0,0.0,NOT_IN_STRING,0.0,NOT_IN_STRING,False,0.0,False,0,"[""eye"", ""nerve"", ""retina""]",114,11370
LINC00960,False,0.0,0.0,0.0,0.0,NOT_IN_STRING,0.0,NOT_IN_STRING,False,0.0,False,0,"[""eye"", ""nerve"", ""retina""]",114,11370
LINC00964,False,0.0,0.0,0.0,0.0,NOT_IN_STRING,0.0,NOT_IN_STRING,False,0.0,False,0,"[""eye"", ""nerve"", ""retina""]",114,11370
LINC00973,False,0.0,0.0,0.0,0.0,NOT_IN_STRING,0.0,NOT_IN_STRING,False,0.0,False,0,"[""eye"", ""nerve"", ""retina""]",114,11370
LINC01029,False,0.0,0.0,0.0,0.0,NOT_IN_STRING,0.0,NOT_IN_STRING,False,0.0,False,0,"[""eye"", ""nerve"", ""retina""]",114,11370
LINC01030,False,0.0,0.0,0.0,0.0,NOT_IN_STRING,0.0,NOT_IN_STRING,False,0.0,False,0,"[""eye"", ""nerve"", ""retina""]",114,11370
LINC00665,False,0.0,0.0,0.0,0.0,NOT_IN_STRING,0.0,NOT_IN_STRING,False,0.0,False,0,"[""eye"", ""nerve"", ""retina""]",114,11370
MIR4473,False,0.0,0.0,0.0,0.0,NOT_IN_STRING,0.0,NOT_IN_STRING,False,0.0,False,0,"[""eye"", ""nerve"", ""retina""]",114,11370
MIR4478,False,0.0,0.0,0.0,0.0,NOT_IN_STRING,0.0,NOT_IN_STRING,False,0.0,False,0,"[""eye"", ""nerve"", ""retina""]",114,11370
MIR4503,False,0.0,0.0,0.0,0.0,NOT_IN_STRING,0.0,NOT_IN_STRING,False,0.0,False,0,"[""eye"", ""nerve"", ""retina""]",114,11370
MIR4517,False,0.0,0.0,0.0,0.0,NOT_IN_STRING,0.0,NOT_IN_STRING,False,0.0,False,0,"[""eye"", ""nerve"", ""retina""]",114,11370
MIR4668,False,0.0,0.0,0.0,0.0,NOT_IN_STRING,0.0,NOT_IN_STRING,False,0.0,False,0,"[""eye"", ""nerve"", ""retina""]",114,11370
MIR4730,False,0.0,0.0,0.0,0.0,NOT_IN_STRING,0.0,NOT_IN_STRING,False,0.0,False,0,"[""eye"", ""nerve"", ""retina""]",114,11370
MIR5007,False,0.0,0.0,0.0,0.0,NOT_IN_STRING,0.0,NOT_IN_STRING,False,0.0,False,0,"[""eye"", ""nerve"", ""retina""]",114,11370
MIR548A1HG,False,0.0,0.0,0.0,0.0,NOT_IN_STRING,0.0,NOT_IN_STRING,False,0.0,False,0,"[""eye"", ""nerve"", ""retina""]",114,11370
MIR548AP,False,0.0,0.0,0.0,0.0,NOT_IN_STRING,0.0,NOT_IN_STRING,False,0.0,False,0,"[""eye"", ""nerve"", ""retina""]",114,11370
MIR548AQ,False,0.0,0.0,0.0,0.0,NOT_IN_STRING,0.0,NOT_IN_STRING,False,0.0,False,0,"[""eye"", ""nerve"", ""retina""]",114,11370
MIR5692B,False,0.0,0.0,0.0,0.0,NOT_IN_STRING,0.0,NOT_IN_STRING,False,0.0,False,0,"[""eye"", ""nerve"", ""retina""]",114,11370
LINC02326,False,0.0,0.0,0.0,0.0,NOT_IN_STRING,0.0,NOT_IN_STRING,False,0.0,False,0,"[""eye"", ""nerve"", ""retina""]",114,11370
MIR6131,False,0.0,0.0,0.0,0.0,NOT_IN_STRING,0.0,NOT_IN_STRING,False,0.0,False,0,"[""eye"", ""nerve"", ""retina""]",114,11370
MIR657,False,0.0,0.0,0.0,0.0,NOT_IN_STRING,0.0,NOT_IN_STRING,False,0.0,False,0,"[""eye"", ""nerve"", ""retina""]",114,11370
MIR663AHG,False,0.0,0.0,0.0,0.0,NOT_IN_STRING,0.0,NOT_IN_STRING,False,0.0,False,0,"[""eye"", ""nerve"", ""retina""]",114,11370
MIR6795,False,0.0,0.0,0.0,0.0,NOT_IN_STRING,0.0,NOT_IN_STRING,False,0.0,False,0,"[""eye"", ""nerve"", ""retina""]",114,11370
MIR7153,False,0.0,0.0,0.0,0.0,NOT_IN_STRING,0.0,NOT_IN_STRING,False,0.0,False,0,"[""eye"", ""nerve"", ""retina""]",114,11370
MIR7706,False,0.0,0.0,0.0,0.0,NOT_IN_STRING,0.0,NOT_IN_STRING,False,0.0,False,0,"[""eye"", ""nerve"", ""retina""]",114,11370
MIR8071-2,False,0.0,0.0,0.0,0.0,NOT_IN_STRING,0.0,NOT_IN_STRING,False,0.0,False,0,"[""eye"", ""nerve"", ""retina""]",114,11370
MIR8078,False,0.0,0.0,0.0,0.0,NOT_IN_STRING,0.0,NOT_IN_STRING,False,0.0,False,0,"[""eye"", ""nerve"", ""retina""]",114,11370
MIR9-2HG,False,0.0,0.0,0.0,0.0,NOT_IN_STRING,0.0,NOT_IN_STRING,False,0.0,False,0,"[""eye"", ""nerve"", ""retina""]",114,11370
MIR92A1,False,0.0,0.0,0.0,0.0,NOT_IN_STRING,0.0,NOT_IN_STRING,False,0.0,False,0,"[""eye"", ""nerve"", ""retina""]",114,11370
MIRLET7A1HG,False,0.0,0.0,0.0,0.0,NOT_IN_STRING,0.0,NOT_IN_STRING,False,0.0,False,0,"[""eye"", ""nerve"", ""retina""]",114,11370
MMEL1-AS1,False,0.0,0.0,0.0,0.0,NOT_IN_STRING,0.0,NOT_IN_STRING,False,0.0,False,0,"[""eye"", ""nerve"", ""retina""]",114,11370
MIR6069,False,0.0,0.0,0.0,0.0,NOT_IN_STRING,0.0,NOT_IN_STRING,False,0.0,False,0,"[""eye"", ""nerve"", ""retina""]",114,11370
MIR17HG,False,0.0,0.0,0.0,0.0,NOT_IN_STRING,0.0,NOT_IN_STRING,False,0.0,False,0,"[""eye"", ""nerve"", ""retina""]",114,11370
MIR18A,False,0.0,0.0,0.0,0.0,NOT_IN_STRING,0.0,NOT_IN_STRING,False,0.0,False,0,"[""eye"", ""nerve"", ""retina""]",114,11370
MIR19A,False,0.0,0.0,0.0,0.0,NOT_IN_STRING,0.0,NOT_IN_STRING,False,0.0,False,0,"[""eye"", ""nerve"", ""retina""]",114,11370
MIR19B1,False,0.0,0.0,0.0,0.0,NOT_IN_STRING,0.0,NOT_IN_STRING,False,0.0,False,0,"[""eye"", ""nerve"", ""retina""]",114,11370
MIR20A,False,0.0,0.0,0.0,0.0,NOT_IN_STRING,0.0,NOT_IN_STRING,False,0.0,False,0,"[""eye"", ""nerve"", ""retina""]",114,11370
MIR217,False,0.0,0.0,0.0,0.0,NOT_IN_STRING,0.0,NOT_IN_STRING,False,0.0,False,0,"[""eye"", ""nerve"", ""retina""]",114,11370
MIR217HG,False,0.0,0.0,0.0,0.0,NOT_IN_STRING,0.0,NOT_IN_STRING,False,0.0,False,0,"[""eye"", ""nerve"", ""retina""]",114,11370
MIR3065,False,0.0,0.0,0.0,0.0,NOT_IN_STRING,0.0,NOT_IN_STRING,False,0.0,False,0,"[""eye"", ""nerve"", ""retina""]",114,11370
MIR30C2,False,0.0,0.0,0.0,0.0,NOT_IN_STRING,0.0,NOT_IN_STRING,False,0.0,False,0,"[""eye"", ""nerve"", ""retina""]",114,11370
MIR3146,False,0.0,0.0,0.0,0.0,NOT_IN_STRING,0.0,NOT_IN_STRING,False,0.0,False,0,"[""eye"", ""nerve"", ""retina""]",114,11370
MIR3162,False,0.0,0.0,0.0,0.0,NOT_IN_STRING,0.0,NOT_IN_STRING,False,0.0,False,0,"[""eye"", ""nerve"", ""retina""]",114,11370
MIR4435-2HG,False,0.0,0.0,0.0,0.0,NOT_IN_STRING,0.0,NOT_IN_STRING,False,0.0,False,0,"[""eye"", ""nerve"", ""retina""]",114,11370
MIR3188,False,0.0,0.0,0.0,0.0,NOT_IN_STRING,0.0,NOT_IN_STRING,False,0.0,False,0,"[""eye"", ""nerve"", ""retina""]",114,11370
MIR330,False,0.0,0.0,0.0,0.0,NOT_IN_STRING,0.0,NOT_IN_STRING,False,0.0,False,0,"[""eye"", ""nerve"", ""retina""]",114,11370
MIR338,False,0.0,0.0,0.0,0.0,NOT_IN_STRING,0.0,NOT_IN_STRING,False,0.0,False,0,"[""eye"", ""nerve"", ""retina""]",114,11370
MIR3678,False,0.0,0.0,0.0,0.0,NOT_IN_STRING,0.0,NOT_IN_STRING,False,0.0,False,0,"[""eye"", ""nerve"", ""retina""]",114,11370
MIR3681HG,False,0.0,0.0,0.0,0.0,NOT_IN_STRING,0.0,NOT_IN_STRING,False,0.0,False,0,"[""eye"", ""nerve"", ""retina""]",114,11370
MIR3909,False,0.0,0.0,0.0,0.0,NOT_IN_STRING,0.0,NOT_IN_STRING,False,0.0,False,0,"[""eye"", ""nerve"", ""retina""]",114,11370
MIR3926-1,False,0.0,0.0,0.0,0.0,NOT_IN_STRING,0.0,NOT_IN_STRING,False,0.0,False,0,"[""eye"", ""nerve"", ""retina""]",114,11370
MIR3926-2,False,0.0,0.0,0.0,0.0,NOT_IN_STRING,0.0,NOT_IN_STRING,False,0.0,False,0,"[""eye"", ""nerve"", ""retina""]",114,11370
MIR3976HG,False,0.0,0.0,0.0,0.0,NOT_IN_STRING,0.0,NOT_IN_STRING,False,0.0,False,0,"[""eye"", ""nerve"", ""retina""]",114,11370
MIR4257,False,0.0,0.0,0.0,0.0,NOT_IN_STRING,0.0,NOT_IN_STRING,False,0.0,False,0,"[""eye"", ""nerve"", ""retina""]",114,11370
MIR4283-1,False,0.0,0.0,0.0,0.0,NOT_IN_STRING,0.0,NOT_IN_STRING,False,0.0,False,0,"[""eye"", ""nerve"", ""retina""]",114,11370
MIR4435-1,False,0.0,0.0,0.0,0.0,NOT_IN_STRING,0.0,NOT_IN_STRING,False,0.0,False,0,"[""eye"", ""nerve"", ""retina""]",114,11370
MIR3186,False,0.0,0.0,0.0,0.0,NOT_IN_STRING,0.0,NOT_IN_STRING,False,0.0,False,0,"[""eye"", ""nerve"", ""retina""]",114,11370
NFIB-AS1,False,0.0,0.0,0.0,0.0,NOT_IN_STRING,0.0,NOT_IN_STRING,False,0.0,False,0,"[""eye"", ""nerve"", ""retina""]",114,11370
NGRNP1,False,0.0,0.0,0.0,0.0,NOT_IN_STRING,0.0,NOT_IN_STRING,False,0.0,False,0,"[""eye"", ""nerve"", ""retina""]",114,11370
NIFKP6,False,0.0,0.0,0.0,0.0,NOT_IN_STRING,0.0,NOT_IN_STRING,False,0.0,False,0,"[""eye"", ""nerve"", ""retina""]",114,11370
NIHCOLE,False,0.0,0.0,0.0,0.0,NOT_IN_STRING,0.0,NOT_IN_STRING,False,0.0,False,0,"[""eye"", ""nerve"", ""retina""]",114,11370
NIPA2P5,False,0.0,0.0,0.0,0.0,NOT_IN_STRING,0.0,NOT_IN_STRING,False,0.0,False,0,"[""eye"", ""nerve"", ""retina""]",114,11370
NME1P1,False,0.0,0.0,0.0,0.0,NOT_IN_STRING,0.0,NOT_IN_STRING,False,0.0,False,0,"[""eye"", ""nerve"", ""retina""]",114,11370
NOC2LP2,False,0.0,0.0,0.0,0.0,NOT_IN_STRING,0.0,NOT_IN_STRING,False,0.0,False,0,"[""eye"", ""nerve"", ""retina""]",114,11370
NOL4L-DT,False,0.0,0.0,0.0,0.0,NOT_IN_STRING,0.0,NOT_IN_STRING,False,0.0,False,0,"[""eye"", ""nerve"", ""retina""]",114,11370
NPM1P3,False,0.0,0.0,0.0,0.0,NOT_IN_STRING,0.0,NOT_IN_STRING,False,0.0,False,0,"[""eye"", ""nerve"", ""retina""]",114,11370
NRXN1-DT,False,0.0,0.0,0.0,0.0,NOT_IN_STRING,0.0,NOT_IN_STRING,False,0.0,False,0,"[""eye"", ""nerve"", ""retina""]",114,11370
NUP50-DT,False,0.0,0.0,0.0,0.0,NOT_IN_STRING,0.0,NOT_IN_STRING,False,0.0,False,0,"[""eye"", ""nerve"", ""retina""]",114,11370
MMP20-AS1,False,0.0,0.0,0.0,0.0,NOT_IN_STRING,0.0,NOT_IN_STRING,False,0.0,False,0,"[""eye"", ""nerve"", ""retina""]",114,11370
NUTM2B-AS1,False,0.0,0.0,0.0,0.0,NOT_IN_STRING,0.0,NOT_IN_STRING,False,0.0,False,0,"[""eye"", ""nerve"", ""retina""]",114,11370
OR10R1P,False,0.0,0.0,0.0,0.0,NOT_IN_STRING,0.0,NOT_IN_STRING,False,0.0,False,0,"[""eye"", ""nerve"", ""retina""]",114,11370
OR11J2P,False,0.0,0.0,0.0,0.0,NOT_IN_STRING,0.0,NOT_IN_STRING,False,0.0,False,0,"[""eye"", ""nerve"", ""retina""]",114,11370
OR11K2P,False,0.0,0.0,0.0,0.0,NOT_IN_STRING,0.0,NOT_IN_STRING,False,0.0,False,0,"[""eye"", ""nerve"", ""retina""]",114,11370
OR11M1P,False,0.0,0.0,0.0,0.0,NOT_IN_STRING,0.0,NOT_IN_STRING,False,0.0,False,0,"[""eye"", ""nerve"", ""retina""]",114,11370
OR2J4P,False,0.0,0.0,0.0,0.0,NOT_IN_STRING,0.0,NOT_IN_STRING,False,0.0,False,0,"[""eye"", ""nerve"", ""retina""]",114,11370
OR4A45P,False,0.0,0.0,0.0,0.0,NOT_IN_STRING,0.0,NOT_IN_STRING,False,0.0,False,0,"[""eye"", ""nerve"", ""retina""]",114,11370
OR4F14P,False,0.0,0.0,0.0,0.0,NOT_IN_STRING,0.0,NOT_IN_STRING,False,0.0,False,0,"[""eye"", ""nerve"", ""retina""]",114,11370
OR4F28P,False,0.0,0.0,0.0,0.0,NOT_IN_STRING,0.0,NOT_IN_STRING,False,0.0,False,0,"[""eye"", ""nerve"", ""retina""]",114,11370
OR4K16P,False,0.0,0.0,0.0,0.0,NOT_IN_STRING,0.0,NOT_IN_STRING,False,0.0,False,0,"[""eye"", ""nerve"", ""retina""]",114,11370
OR5AC1,False,0.0,0.0,0.0,0.0,NOT_IN_STRING,0.0,NOT_IN_STRING,False,0.0,False,0,"[""eye"", ""nerve"", ""retina""]",114,11370
OR5AL2P,False,0.0,0.0,0.0,0.0,NOT_IN_STRING,0.0,NOT_IN_STRING,False,0.0,False,0,"[""eye"", ""nerve"", ""retina""]",114,11370
NUTF2P6,False,0.0,0.0,0.0,0.0,NOT_IN_STRING,0.0,NOT_IN_STRING,False,0.0,False,0,"[""eye"", ""nerve"", ""retina""]",114,11370
MPHOSPH6-DT,False,0.0,0.0,0.0,0.0,NOT_IN_STRING,0.0,NOT_IN_STRING,False,0.0,False,0,"[""eye"", ""nerve"", ""retina""]",114,11370
MRPS31P2,False,0.0,0.0,0.0,0.0,NOT_IN_STRING,0.0,NOT_IN_STRING,False,0.0,False,0,"[""eye"", ""nerve"", ""retina""]",114,11370
MSRA-DT,False,0.0,0.0,0.0,0.0,NOT_IN_STRING,0.0,NOT_IN_STRING,False,0.0,False,0,"[""eye"", ""nerve"", ""retina""]",114,11370
MT1IP,False,0.0,0.0,0.0,0.0,NOT_IN_STRING,0.0,NOT_IN_STRING,False,0.0,False,0,"[""eye"", ""nerve"", ""retina""]",114,11370
MTND1P37,False,0.0,0.0,0.0,0.0,NOT_IN_STRING,0.0,NOT_IN_STRING,False,0.0,False,0,"[""eye"", ""nerve"", ""retina""]",114,11370
MTND2P16,False,0.0,0.0,0.0,0.0,NOT_IN_STRING,0.0,NOT_IN_STRING,False,0.0,False,0,"[""eye"", ""nerve"", ""retina""]",114,11370
MTND4P7,False,0.0,0.0,0.0,0.0,NOT_IN_STRING,0.0,NOT_IN_STRING,False,0.0,False,0,"[""eye"", ""nerve"", ""retina""]",114,11370
MYADM-AS2,False,0.0,0.0,0.0,0.0,NOT_IN_STRING,0.0,NOT_IN_STRING,False,0.0,False,0,"[""eye"", ""nerve"", ""retina""]",114,11370
MYG1-AS1,False,0.0,0.0,0.0,0.0,NOT_IN_STRING,0.0,NOT_IN_STRING,False,0.0,False,0,"[""eye"", ""nerve"", ""retina""]",114,11370
MYHAS,False,0.0,0.0,0.0,0.0,NOT_IN_STRING,0.0,NOT_IN_STRING,False,0.0,False,0,"[""eye"", ""nerve"", ""retina""]",114,11370
MYLKP1,False,0.0,0.0,0.0,0.0,NOT_IN_STRING,0.0,NOT_IN_STRING,False,0.0,False,0,"[""eye"", ""nerve"", ""retina""]",114,11370
MYO16-AS1,False,0.0,0.0,0.0,0.0,NOT_IN_STRING,0.0,NOT_IN_STRING,False,0.0,False,0,"[""eye"", ""nerve"", ""retina""]",114,11370
NFE2L3P1,False,0.0,0.0,0.0,0.0,NOT_IN_STRING,0.0,NOT_IN_STRING,False,0.0,False,0,"[""eye"", ""nerve"", ""retina""]",114,11370
MYO1D-AS1,False,0.0,0.0,0.0,0.0,NOT_IN_STRING,0.0,NOT_IN_STRING,False,0.0,False,0,"[""eye"", ""nerve"", ""retina""]",114,11370
NACA3P,False,0.0,0.0,0.0,0.0,NOT_IN_STRING,0.0,NOT_IN_STRING,False,0.0,False,0,"[""eye"", ""nerve"", ""retina""]",114,11370
NALCN-AS1,False,0.0,0.0,0.0,0.0,NOT_IN_STRING,0.0,NOT_IN_STRING,False,0.0,False,0,"[""eye"", ""nerve"", ""retina""]",114,11370
NANOGP7,False,0.0,0.0,0.0,0.0,NOT_IN_STRING,0.0,NOT_IN_STRING,False,0.0,False,0,"[""eye"", ""nerve"", ""retina""]",114,11370
NASPP1,False,0.0,0.0,0.0,0.0,NOT_IN_STRING,0.0,NOT_IN_STRING,False,0.0,False,0,"[""eye"", ""nerve"", ""retina""]",114,11370
NBEAP1,False,0.0,0.0,0.0,0.0,NOT_IN_STRING,0.0,NOT_IN_STRING,False,0.0,False,0,"[""eye"", ""nerve"", ""retina""]",114,11370
NBEAP2,False,0.0,0.0,0.0,0.0,NOT_IN_STRING,0.0,NOT_IN_STRING,False,0.0,False,0,"[""eye"", ""nerve"", ""retina""]",114,11370
NBEAP3,False,0.0,0.0,0.0,0.0,NOT_IN_STRING,0.0,NOT_IN_STRING,False,0.0,False,0,"[""eye"", ""nerve"", ""retina""]",114,11370
NBEAP6,False,0.0,0.0,0.0,0.0,NOT_IN_STRING,0.0,NOT_IN_STRING,False,0.0,False,0,"[""eye"", ""nerve"", ""retina""]",114,11370
NDUFV2P1,False,0.0,0.0,0.0,0.0,NOT_IN_STRING,0.0,NOT_IN_STRING,False,0.0,False,0,"[""eye"", ""nerve"", ""retina""]",114,11370
NECTIN1-DT,False,0.0,0.0,0.0,0.0,NOT_IN_STRING,0.0,NOT_IN_STRING,False,0.0,False,0,"[""eye"", ""nerve"", ""retina""]",114,11370
NFATC2IP-AS1,False,0.0,0.0,0.0,0.0,NOT_IN_STRING,0.0,NOT_IN_STRING,False,0.0,False,0,"[""eye"", ""nerve"", ""retina""]",114,11370
MYO1B-AS1,False,0.0,0.0,0.0,0.0,NOT_IN_STRING,0.0,NOT_IN_STRING,False,0.0,False,0,"[""eye"", ""nerve"", ""retina""]",114,11370
LINC02547,False,0.0,0.0,0.0,0.0,NOT_IN_STRING,0.0,NOT_IN_STRING,False,0.0,False,0,"[""eye"", ""nerve"", ""retina""]",114,11370
LINC02607,False,0.0,0.0,0.0,0.0,NOT_IN_STRING,0.0,NOT_IN_STRING,False,0.0,False,0,"[""eye"", ""nerve"", ""retina""]",114,11370
LINC02609,False,0.0,0.0,0.0,0.0,NOT_IN_STRING,0.0,NOT_IN_STRING,False,0.0,False,0,"[""eye"", ""nerve"", ""retina""]",114,11370
LINC02614,False,0.0,0.0,0.0,0.0,NOT_IN_STRING,0.0,NOT_IN_STRING,False,0.0,False,0,"[""eye"", ""nerve"", ""retina""]",114,11370
LINC02648,False,0.0,0.0,0.0,0.0,NOT_IN_STRING,0.0,NOT_IN_STRING,False,0.0,False,0,"[""eye"", ""nerve"", ""retina""]",114,11370
LINC02649,False,0.0,0.0,0.0,0.0,NOT_IN_STRING,0.0,NOT_IN_STRING,False,0.0,False,0,"[""eye"", ""nerve"", ""retina""]",114,11370
LINC02663,False,0.0,0.0,0.0,0.0,NOT_IN_STRING,0.0,NOT_IN_STRING,False,0.0,False,0,"[""eye"", ""nerve"", ""retina""]",114,11370
LINC02666,False,0.0,0.0,0.0,0.0,NOT_IN_STRING,0.0,NOT_IN_STRING,False,0.0,False,0,"[""eye"", ""nerve"", ""retina""]",114,11370
LINC02672,False,0.0,0.0,0.0,0.0,NOT_IN_STRING,0.0,NOT_IN_STRING,False,0.0,False,0,"[""eye"", ""nerve"", ""retina""]",114,11370
LINC02693,False,0.0,0.0,0.0,0.0,NOT_IN_STRING,0.0,NOT_IN_STRING,False,0.0,False,0,"[""eye"", ""nerve"", ""retina""]",114,11370
LINC02706,False,0.0,0.0,0.0,0.0,NOT_IN_STRING,0.0,NOT_IN_STRING,False,0.0,False,0,"[""eye"", ""nerve"", ""retina""]",114,11370
MIR17,False,0.0,0.0,0.0,0.0,NOT_IN_STRING,0.0,NOT_IN_STRING,False,0.0,False,0,"[""eye"", ""nerve"", ""retina""]",114,11370
LINC02715,False,0.0,0.0,0.0,0.0,NOT_IN_STRING,0.0,NOT_IN_STRING,False,0.0,False,0,"[""eye"", ""nerve"", ""retina""]",114,11370
LINC02717,False,0.0,0.0,0.0,0.0,NOT_IN_STRING,0.0,NOT_IN_STRING,False,0.0,False,0,"[""eye"", ""nerve"", ""retina""]",114,11370
LINC02735,False,0.0,0.0,0.0,0.0,NOT_IN_STRING,0.0,NOT_IN_STRING,False,0.0,False,0,"[""eye"", ""nerve"", ""retina""]",114,11370
LINC02737,False,0.0,0.0,0.0,0.0,NOT_IN_STRING,0.0,NOT_IN_STRING,False,0.0,False,0,"[""eye"", ""nerve"", ""retina""]",114,11370
LINC02743,False,0.0,0.0,0.0,0.0,NOT_IN_STRING,0.0,NOT_IN_STRING,False,0.0,False,0,"[""eye"", ""nerve"", ""retina""]",114,11370
LINC02751,False,0.0,0.0,0.0,0.0,NOT_IN_STRING,0.0,NOT_IN_STRING,False,0.0,False,0,"[""eye"", ""nerve"", ""retina""]",114,11370
LINC02756,False,0.0,0.0,0.0,0.0,NOT_IN_STRING,0.0,NOT_IN_STRING,False,0.0,False,0,"[""eye"", ""nerve"", ""retina""]",114,11370
LINC02768,False,0.0,0.0,0.0,0.0,NOT_IN_STRING,0.0,NOT_IN_STRING,False,0.0,False,0,"[""eye"", ""nerve"", ""retina""]",114,11370
LINC02779,False,0.0,0.0,0.0,0.0,NOT_IN_STRING,0.0,NOT_IN_STRING,False,0.0,False,0,"[""eye"", ""nerve"", ""retina""]",114,11370
LINC02788,False,0.0,0.0,0.0,0.0,NOT_IN_STRING,0.0,NOT_IN_STRING,False,0.0,False,0,"[""eye"", ""nerve"", ""retina""]",114,11370
LINC02800,False,0.0,0.0,0.0,0.0,NOT_IN_STRING,0.0,NOT_IN_STRING,False,0.0,False,0,"[""eye"", ""nerve"", ""retina""]",114,11370
LINC02829,False,0.0,0.0,0.0,0.0,NOT_IN_STRING,0.0,NOT_IN_STRING,False,0.0,False,0,"[""eye"", ""nerve"", ""retina""]",114,11370
LINC02708,False,0.0,0.0,0.0,0.0,NOT_IN_STRING,0.0,NOT_IN_STRING,False,0.0,False,0,"[""eye"", ""nerve"", ""retina""]",114,11370
LINC02327,False,0.0,0.0,0.0,0.0,NOT_IN_STRING,0.0,NOT_IN_STRING,False,0.0,False,0,"[""eye"", ""nerve"", ""retina""]",114,11370
LINC02331,False,0.0,0.0,0.0,0.0,NOT_IN_STRING,0.0,NOT_IN_STRING,False,0.0,False,0,"[""eye"", ""nerve"", ""retina""]",114,11370
LINC02335,False,0.0,0.0,0.0,0.0,NOT_IN_STRING,0.0,NOT_IN_STRING,False,0.0,False,0,"[""eye"", ""nerve"", ""retina""]",114,11370
LINC02336,False,0.0,0.0,0.0,0.0,NOT_IN_STRING,0.0,NOT_IN_STRING,False,0.0,False,0,"[""eye"", ""nerve"", ""retina""]",114,11370
LINC02337,False,0.0,0.0,0.0,0.0,NOT_IN_STRING,0.0,NOT_IN_STRING,False,0.0,False,0,"[""eye"", ""nerve"", ""retina""]",114,11370
LINC02341,False,0.0,0.0,0.0,0.0,NOT_IN_STRING,0.0,NOT_IN_STRING,False,0.0,False,0,"[""eye"", ""nerve"", ""retina""]",114,11370
LINC02351,False,0.0,0.0,0.0,0.0,NOT_IN_STRING,0.0,NOT_IN_STRING,False,0.0,False,0,"[""eye"", ""nerve"", ""retina""]",114,11370
LINC02363,False,0.0,0.0,0.0,0.0,NOT_IN_STRING,0.0,NOT_IN_STRING,False,0.0,False,0,"[""eye"", ""nerve"", ""retina""]",114,11370
LINC02370,False,0.0,0.0,0.0,0.0,NOT_IN_STRING,0.0,NOT_IN_STRING,False,0.0,False,0,"[""eye"", ""nerve"", ""retina""]",114,11370
LINC02383,False,0.0,0.0,0.0,0.0,NOT_IN_STRING,0.0,NOT_IN_STRING,False,0.0,False,0,"[""eye"", ""nerve"", ""retina""]",114,11370
LINC02384,False,0.0,0.0,0.0,0.0,NOT_IN_STRING,0.0,NOT_IN_STRING,False,0.0,False,0,"[""eye"", ""nerve"", ""retina""]",114,11370
LINC02389,False,0.0,0.0,0.0,0.0,NOT_IN_STRING,0.0,NOT_IN_STRING,False,0.0,False,0,"[""eye"", ""nerve"", ""retina""]",114,11370
LINC02546,False,0.0,0.0,0.0,0.0,NOT_IN_STRING,0.0,NOT_IN_STRING,False,0.0,False,0,"[""eye"", ""nerve"", ""retina""]",114,11370
LINC02392,False,0.0,0.0,0.0,0.0,NOT_IN_STRING,0.0,NOT_IN_STRING,False,0.0,False,0,"[""eye"", ""nerve"", ""retina""]",114,11370
LINC02410,False,0.0,0.0,0.0,0.0,NOT_IN_STRING,0.0,NOT_IN_STRING,False,0.0,False,0,"[""eye"", ""nerve"", ""retina""]",114,11370
LINC02422,False,0.0,0.0,0.0,0.0,NOT_IN_STRING,0.0,NOT_IN_STRING,False,0.0,False,0,"[""eye"", ""nerve"", ""retina""]",114,11370
LINC02428,False,0.0,0.0,0.0,0.0,NOT_IN_STRING,0.0,NOT_IN_STRING,False,0.0,False,0,"[""eye"", ""nerve"", ""retina""]",114,11370
LINC02438,False,0.0,0.0,0.0,0.0,NOT_IN_STRING,0.0,NOT_IN_STRING,False,0.0,False,0,"[""eye"", ""nerve"", ""retina""]",114,11370
LINC02443,False,0.0,0.0,0.0,0.0,NOT_IN_STRING,0.0,NOT_IN_STRING,False,0.0,False,0,"[""eye"", ""nerve"", ""retina""]",114,11370
LINC02456,False,0.0,0.0,0.0,0.0,NOT_IN_STRING,0.0,NOT_IN_STRING,False,0.0,False,0,"[""eye"", ""nerve"", ""retina""]",114,11370
LINC02466,False,0.0,0.0,0.0,0.0,NOT_IN_STRING,0.0,NOT_IN_STRING,False,0.0,False,0,"[""eye"", ""nerve"", ""retina""]",114,11370
LINC02484,False,0.0,0.0,0.0,0.0,NOT_IN_STRING,0.0,NOT_IN_STRING,False,0.0,False,0,"[""eye"", ""nerve"", ""retina""]",114,11370
LINC02488,False,0.0,0.0,0.0,0.0,NOT_IN_STRING,0.0,NOT_IN_STRING,False,0.0,False,0,"[""eye"", ""nerve"", ""retina""]",114,11370
LINC02496,False,0.0,0.0,0.0,0.0,NOT_IN_STRING,0.0,NOT_IN_STRING,False,0.0,False,0,"[""eye"", ""nerve"", ""retina""]",114,11370
LINC02539,False,0.0,0.0,0.0,0.0,NOT_IN_STRING,0.0,NOT_IN_STRING,False,0.0,False,0,"[""eye"", ""nerve"", ""retina""]",114,11370
LINC02391,False,0.0,0.0,0.0,0.0,NOT_IN_STRING,0.0,NOT_IN_STRING,False,0.0,False,0,"[""eye"", ""nerve"", ""retina""]",114,11370
LMF1-AS1,False,0.0,0.0,0.0,0.0,NOT_IN_STRING,0.0,NOT_IN_STRING,False,0.0,False,0,"[""eye"", ""nerve"", ""retina""]",114,11370
LRIG3-DT,False,0.0,0.0,0.0,0.0,NOT_IN_STRING,0.0,NOT_IN_STRING,False,0.0,False,0,"[""eye"", ""nerve"", ""retina""]",114,11370
LRRC37A16P,False,0.0,0.0,0.0,0.0,NOT_IN_STRING,0.0,NOT_IN_STRING,False,0.0,False,0,"[""eye"", ""nerve"", ""retina""]",114,11370
LRRC37A17P,False,0.0,0.0,0.0,0.0,NOT_IN_STRING,0.0,NOT_IN_STRING,False,0.0,False,0,"[""eye"", ""nerve"", ""retina""]",114,11370
LRRC3B-AS1,False,0.0,0.0,0.0,0.0,NOT_IN_STRING,0.0,NOT_IN_STRING,False,0.0,False,0,"[""eye"", ""nerve"", ""retina""]",114,11370
LRRC52-AS1,False,0.0,0.0,0.0,0.0,NOT_IN_STRING,0.0,NOT_IN_STRING,False,0.0,False,0,"[""eye"", ""nerve"", ""retina""]",114,11370
LSM3P5,False,0.0,0.0,0.0,0.0,NOT_IN_STRING,0.0,NOT_IN_STRING,False,0.0,False,0,"[""eye"", ""nerve"", ""retina""]",114,11370
LUNAR1,False,0.0,0.0,0.0,0.0,NOT_IN_STRING,0.0,NOT_IN_STRING,False,0.0,False,0,"[""eye"", ""nerve"", ""retina""]",114,11370
MACC1-OT1,False,0.0,0.0,0.0,0.0,NOT_IN_STRING,0.0,NOT_IN_STRING,False,0.0,False,0,"[""eye"", ""nerve"", ""retina""]",114,11370
MAFTRR,False,0.0,0.0,0.0,0.0,NOT_IN_STRING,0.0,NOT_IN_STRING,False,0.0,False,0,"[""eye"", ""nerve"", ""retina""]",114,11370
MANCR,False,0.0,0.0,0.0,0.0,NOT_IN_STRING,0.0,NOT_IN_STRING,False,0.0,False,0,"[""eye"", ""nerve"", ""retina""]",114,11370
LINC02830,False,0.0,0.0,0.0,0.0,NOT_IN_STRING,0.0,NOT_IN_STRING,False,0.0,False,0,"[""eye"", ""nerve"", ""retina""]",114,11370
MARK2P16,False,0.0,0.0,0.0,0.0,NOT_IN_STRING,0.0,NOT_IN_STRING,False,0.0,False,0,"[""eye"", ""nerve"", ""retina""]",114,11370
MBD3L2B,False,0.0,0.0,0.0,0.0,NOT_IN_STRING,0.0,NOT_IN_STRING,False,0.0,False,0,"[""eye"", ""nerve"", ""retina""]",114,11370
MCPH1-DT,False,0.0,0.0,0.0,0.0,NOT_IN_STRING,0.0,NOT_IN_STRING,False,0.0,False,0,"[""eye"", ""nerve"", ""retina""]",114,11370
MEF2C-AS1,False,0.0,0.0,0.0,0.0,NOT_IN_STRING,0.0,NOT_IN_STRING,False,0.0,False,0,"[""eye"", ""nerve"", ""retina""]",114,11370
MEIS3P2,False,0.0,0.0,0.0,0.0,NOT_IN_STRING,0.0,NOT_IN_STRING,False,0.0,False,0,"[""eye"", ""nerve"", ""retina""]",114,11370
MESTP2,False,0.0,0.0,0.0,0.0,NOT_IN_STRING,0.0,NOT_IN_STRING,False,0.0,False,0,"[""eye"", ""nerve"", ""retina""]",114,11370
MICA-AS1,False,0.0,0.0,0.0,0.0,NOT_IN_STRING,0.0,NOT_IN_STRING,False,0.0,False,0,"[""eye"", ""nerve"", ""retina""]",114,11370
MIOXP1,False,0.0,0.0,0.0,0.0,NOT_IN_STRING,0.0,NOT_IN_STRING,False,0.0,False,0,"[""eye"", ""nerve"", ""retina""]",114,11370
MIR1206,False,0.0,0.0,0.0,0.0,NOT_IN_STRING,0.0,NOT_IN_STRING,False,0.0,False,0,"[""eye"", ""nerve"", ""retina""]",114,11370
MIR1255B2,False,0.0,0.0,0.0,0.0,NOT_IN_STRING,0.0,NOT_IN_STRING,False,0.0,False,0,"[""eye"", ""nerve"", ""retina""]",114,11370
MIR1302-3,False,0.0,0.0,0.0,0.0,NOT_IN_STRING,0.0,NOT_IN_STRING,False,0.0,False,0,"[""eye"", ""nerve"", ""retina""]",114,11370
MIR140,False,0.0,0.0,0.0,0.0,NOT_IN_STRING,0.0,NOT_IN_STRING,False,0.0,False,0,"[""eye"", ""nerve"", ""retina""]",114,11370
MAP3K14-AS1,False,0.0,0.0,0.0,0.0,NOT_IN_STRING,0.0,NOT_IN_STRING,False,0.0,False,0,"[""eye"", ""nerve"", ""retina""]",114,11370
LINC02831,False,0.0,0.0,0.0,0.0,NOT_IN_STRING,0.0,NOT_IN_STRING,False,0.0,False,0,"[""eye"", ""nerve"", ""retina""]",114,11370
LINC02839,False,0.0,0.0,0.0,0.0,NOT_IN_STRING,0.0,NOT_IN_STRING,False,0.0,False,0,"[""eye"", ""nerve"", ""retina""]",114,11370
LINC02842,False,0.0,0.0,0.0,0.0,NOT_IN_STRING,0.0,NOT_IN_STRING,False,0.0,False,0,"[""eye"", ""nerve"", ""retina""]",114,11370
LINC02849,False,0.0,0.0,0.0,0.0,NOT_IN_STRING,0.0,NOT_IN_STRING,False,0.0,False,0,"[""eye"", ""nerve"", ""retina""]",114,11370
LINC02853,False,0.0,0.0,0.0,0.0,NOT_IN_STRING,0.0,NOT_IN_STRING,False,0.0,False,0,"[""eye"", ""nerve"", ""retina""]",114,11370
LINC02864,False,0.0,0.0,0.0,0.0,NOT_IN_STRING,0.0,NOT_IN_STRING,False,0.0,False,0,"[""eye"", ""nerve"", ""retina""]",114,11370
LINC02869,False,0.0,0.0,0.0,0.0,NOT_IN_STRING,0.0,NOT_IN_STRING,False,0.0,False,0,"[""eye"", ""nerve"", ""retina""]",114,11370
LINC02882,False,0.0,0.0,0.0,0.0,NOT_IN_STRING,0.0,NOT_IN_STRING,False,0.0,False,0,"[""eye"", ""nerve"", ""retina""]",114,11370
LINC02883,False,0.0,0.0,0.0,0.0,NOT_IN_STRING,0.0,NOT_IN_STRING,False,0.0,False,0,"[""eye"", ""nerve"", ""retina""]",114,11370
LINC02885,False,0.0,0.0,0.0,0.0,NOT_IN_STRING,0.0,NOT_IN_STRING,False,0.0,False,0,"[""eye"", ""nerve"", ""retina""]",114,11370
LINC02934,False,0.0,0.0,0.0,0.0,NOT_IN_STRING,0.0,NOT_IN_STRING,False,0.0,False,0,"[""eye"", ""nerve"", ""retina""]",114,11370
LINC02937,False,0.0,0.0,0.0,0.0,NOT_IN_STRING,0.0,NOT_IN_STRING,False,0.0,False,0,"[""eye"", ""nerve"", ""retina""]",114,11370
LINP1,False,0.0,0.0,0.0,0.0,NOT_IN_STRING,0.0,NOT_IN_STRING,False,0.0,False,0,"[""eye"", ""nerve"", ""retina""]",114,11370
LINC02946,False,0.0,0.0,0.0,0.0,NOT_IN_STRING,0.0,NOT_IN_STRING,False,0.0,False,0,"[""eye"", ""nerve"", ""retina""]",114,11370
LINC02955,False,0.0,0.0,0.0,0.0,NOT_IN_STRING,0.0,NOT_IN_STRING,False,0.0,False,0,"[""eye"", ""nerve"", ""retina""]",114,11370
LINC02984,False,0.0,0.0,0.0,0.0,NOT_IN_STRING,0.0,NOT_IN_STRING,False,0.0,False,0,"[""eye"", ""nerve"", ""retina""]",114,11370
LINC03003,False,0.0,0.0,0.0,0.0,NOT_IN_STRING,0.0,NOT_IN_STRING,False,0.0,False,0,"[""eye"", ""nerve"", ""retina""]",114,11370
LINC03005,False,0.0,0.0,0.0,0.0,NOT_IN_STRING,0.0,NOT_IN_STRING,False,0.0,False,0,"[""eye"", ""nerve"", ""retina""]",114,11370
LINC03021,False,0.0,0.0,0.0,0.0,NOT_IN_STRING,0.0,NOT_IN_STRING,False,0.0,False,0,"[""eye"", ""nerve"", ""retina""]",114,11370
LINC03025,False,0.0,0.0,0.0,0.0,NOT_IN_STRING,0.0,NOT_IN_STRING,False,0.0,False,0,"[""eye"", ""nerve"", ""retina""]",114,11370
LINC03094,False,0.0,0.0,0.0,0.0,NOT_IN_STRING,0.0,NOT_IN_STRING,False,0.0,False,0,"[""eye"", ""nerve"", ""retina""]",114,11370
LINC03095,False,0.0,0.0,0.0,0.0,NOT_IN_STRING,0.0,NOT_IN_STRING,False,0.0,False,0,"[""eye"", ""nerve"", ""retina""]",114,11370
LINC03110,False,0.0,0.0,0.0,0.0,NOT_IN_STRING,0.0,NOT_IN_STRING,False,0.0,False,0,"[""eye"", ""nerve"", ""retina""]",114,11370
LINC03124,False,0.0,0.0,0.0,0.0,NOT_IN_STRING,0.0,NOT_IN_STRING,False,0.0,False,0,"[""eye"", ""nerve"", ""retina""]",114,11370
LINC03142,False,0.0,0.0,0.0,0.0,NOT_IN_STRING,0.0,NOT_IN_STRING,False,0.0,False,0,"[""eye"", ""nerve"", ""retina""]",114,11370
LINC02943,False,0.0,0.0,0.0,0.0,NOT_IN_STRING,0.0,NOT_IN_STRING,False,0.0,False,0,"[""eye"", ""nerve"", ""retina""]",114,11370
ENSG00000221611,False,0.0,0.0,0.0,0.0,NOT_IN_STRING,0.0,NOT_IN_STRING,False,0.0,False,0,"[""eye"", ""nerve"", ""retina""]",114,11370
ENSG00000223523,False,0.0,0.0,0.0,0.0,NOT_IN_STRING,0.0,NOT_IN_STRING,False,0.0,False,0,"[""eye"", ""nerve"", ""retina""]",114,11370
ENSG00000223786,False,0.0,0.0,0.0,0.0,NOT_IN_STRING,0.0,NOT_IN_STRING,False,0.0,False,0,"[""eye"", ""nerve"", ""retina""]",114,11370
ENSG00000223944,False,0.0,0.0,0.0,0.0,NOT_IN_STRING,0.0,NOT_IN_STRING,False,0.0,False,0,"[""eye"", ""nerve"", ""retina""]",114,11370
ENSG00000224174,False,0.0,0.0,0.0,0.0,NOT_IN_STRING,0.0,NOT_IN_STRING,False,0.0,False,0,"[""eye"", ""nerve"", ""retina""]",114,11370
ENSG00000224267,False,0.0,0.0,0.0,0.0,NOT_IN_STRING,0.0,NOT_IN_STRING,False,0.0,False,0,"[""eye"", ""nerve"", ""retina""]",114,11370
ENSG00000224412,False,0.0,0.0,0.0,0.0,NOT_IN_STRING,0.0,NOT_IN_STRING,False,0.0,False,0,"[""eye"", ""nerve"", ""retina""]",114,11370
ENSG00000224427,False,0.0,0.0,0.0,0.0,NOT_IN_STRING,0.0,NOT_IN_STRING,False,0.0,False,0,"[""eye"", ""nerve"", ""retina""]",114,11370
ENSG00000224541,False,0.0,0.0,0.0,0.0,NOT_IN_STRING,0.0,NOT_IN_STRING,False,0.0,False,0,"[""eye"", ""nerve"", ""retina""]",114,11370
ENSG00000224555,False,0.0,0.0,0.0,0.0,NOT_IN_STRING,0.0,NOT_IN_STRING,False,0.0,False,0,"[""eye"", ""nerve"", ""retina""]",114,11370
ENSG00000224972,False,0.0,0.0,0.0,0.0,NOT_IN_STRING,0.0,NOT_IN_STRING,False,0.0,False,0,"[""eye"", ""nerve"", ""retina""]",114,11370
ENSG00000225000,False,0.0,0.0,0.0,0.0,NOT_IN_STRING,0.0,NOT_IN_STRING,False,0.0,False,0,"[""eye"", ""nerve"", ""retina""]",114,11370
ENSG00000225315,False,0.0,0.0,0.0,0.0,NOT_IN_STRING,0.0,NOT_IN_STRING,False,0.0,False,0,"[""eye"", ""nerve"", ""retina""]",114,11370
TMZR1,False,0.0,0.0,0.0,0.0,NOT_IN_STRING,0.0,NOT_IN_STRING,False,0.0,False,0,"[""eye"", ""nerve"", ""retina""]",114,11370
ENSG00000225360,False,0.0,0.0,0.0,0.0,NOT_IN_STRING,0.0,NOT_IN_STRING,False,0.0,False,0,"[""eye"", ""nerve"", ""retina""]",114,11370
ENSG00000225411,False,0.0,0.0,0.0,0.0,NOT_IN_STRING,0.0,NOT_IN_STRING,False,0.0,False,0,"[""eye"", ""nerve"", ""retina""]",114,11370
ENSG00000225421,False,0.0,0.0,0.0,0.0,NOT_IN_STRING,0.0,NOT_IN_STRING,False,0.0,False,0,"[""eye"", ""nerve"", ""retina""]",114,11370
ENSG00000225480,False,0.0,0.0,0.0,0.0,NOT_IN_STRING,0.0,NOT_IN_STRING,False,0.0,False,0,"[""eye"", ""nerve"", ""retina""]",114,11370
ENSG00000225563,False,0.0,0.0,0.0,0.0,NOT_IN_STRING,0.0,NOT_IN_STRING,False,0.0,False,0,"[""eye"", ""nerve"", ""retina""]",114,11370
ENSG00000225718,False,0.0,0.0,0.0,0.0,NOT_IN_STRING,0.0,NOT_IN_STRING,False,0.0,False,0,"[""eye"", ""nerve"", ""retina""]",114,11370
ENSG00000225751,False,0.0,0.0,0.0,0.0,NOT_IN_STRING,0.0,NOT_IN_STRING,False,0.0,False,0,"[""eye"", ""nerve"", ""retina""]",114,11370
ENSG00000225869,False,0.0,0.0,0.0,0.0,NOT_IN_STRING,0.0,NOT_IN_STRING,False,0.0,False,0,"[""eye"", ""nerve"", ""retina""]",114,11370
ENSG00000226043,False,0.0,0.0,0.0,0.0,NOT_IN_STRING,0.0,NOT_IN_STRING,False,0.0,False,0,"[""eye"", ""nerve"", ""retina""]",114,11370
ENSG00000226197,False,0.0,0.0,0.0,0.0,NOT_IN_STRING,0.0,NOT_IN_STRING,False,0.0,False,0,"[""eye"", ""nerve"", ""retina""]",114,11370
ENSG00000226571,False,0.0,0.0,0.0,0.0,NOT_IN_STRING,0.0,NOT_IN_STRING,False,0.0,False,0,"[""eye"", ""nerve"", ""retina""]",114,11370
ENSG00000226939,False,0.0,0.0,0.0,0.0,NOT_IN_STRING,0.0,NOT_IN_STRING,False,0.0,False,0,"[""eye"", ""nerve"", ""retina""]",114,11370
ENSG00000226965,False,0.0,0.0,0.0,0.0,NOT_IN_STRING,0.0,NOT_IN_STRING,False,0.0,False,0,"[""eye"", ""nerve"", ""retina""]",114,11370
ENSG00000226996,False,0.0,0.0,0.0,0.0,NOT_IN_STRING,0.0,NOT_IN_STRING,False,0.0,False,0,"[""eye"", ""nerve"", ""retina""]",114,11370
ENSG00000225330,False,0.0,0.0,0.0,0.0,NOT_IN_STRING,0.0,NOT_IN_STRING,False,0.0,False,0,"[""eye"", ""nerve"", ""retina""]",114,11370
ELOCP23,False,0.0,0.0,0.0,0.0,NOT_IN_STRING,0.0,NOT_IN_STRING,False,0.0,False,0,"[""eye"", ""nerve"", ""retina""]",114,11370
ELOCP31,False,0.0,0.0,0.0,0.0,NOT_IN_STRING,0.0,NOT_IN_STRING,False,0.0,False,0,"[""eye"", ""nerve"", ""retina""]",114,11370
EML2-AS1,False,0.0,0.0,0.0,0.0,NOT_IN_STRING,0.0,NOT_IN_STRING,False,0.0,False,0,"[""eye"", ""nerve"", ""retina""]",114,11370
ENPP7P14,False,0.0,0.0,0.0,0.0,NOT_IN_STRING,0.0,NOT_IN_STRING,False,0.0,False,0,"[""eye"", ""nerve"", ""retina""]",114,11370
ENPP7P4,False,0.0,0.0,0.0,0.0,NOT_IN_STRING,0.0,NOT_IN_STRING,False,0.0,False,0,"[""eye"", ""nerve"", ""retina""]",114,11370
ENPP7P5,False,0.0,0.0,0.0,0.0,NOT_IN_STRING,0.0,NOT_IN_STRING,False,0.0,False,0,"[""eye"", ""nerve"", ""retina""]",114,11370
ENPP7P6,False,0.0,0.0,0.0,0.0,NOT_IN_STRING,0.0,NOT_IN_STRING,False,0.0,False,0,"[""eye"", ""nerve"", ""retina""]",114,11370
ENSG00000151303,False,0.0,0.0,0.0,0.0,NOT_IN_STRING,0.0,NOT_IN_STRING,False,0.0,False,0,"[""eye"", ""nerve"", ""retina""]",114,11370
ENSG00000166104,False,0.0,0.0,0.0,0.0,NOT_IN_STRING,0.0,NOT_IN_STRING,False,0.0,False,0,"[""eye"", ""nerve"", ""retina""]",114,11370
ENSG00000176984,False,0.0,0.0,0.0,0.0,NOT_IN_STRING,0.0,NOT_IN_STRING,False,0.0,False,0,"[""eye"", ""nerve"", ""retina""]",114,11370
ENSG00000199783,False,0.0,0.0,0.0,0.0,NOT_IN_STRING,0.0,NOT_IN_STRING,False,0.0,False,0,"[""eye"", ""nerve"", ""retina""]",114,11370
ENSG00000200753,False,0.0,0.0,0.0,0.0,NOT_IN_STRING,0.0,NOT_IN_STRING,False,0.0,False,0,"[""eye"", ""nerve"", ""retina""]",114,11370
ENSG00000201619,False,0.0,0.0,0.0,0.0,NOT_IN_STRING,0.0,NOT_IN_STRING,False,0.0,False,0,"[""eye"", ""nerve"", ""retina""]",114,11370
ENSG00000203279,False,0.0,0.0,0.0,0.0,NOT_IN_STRING,0.0,NOT_IN_STRING,False,0.0,False,0,"[""eye"", ""nerve"", ""retina""]",114,11370
ENSG00000219702,False,0.0,0.0,0.0,0.0,NOT_IN_STRING,0.0,NOT_IN_STRING,False,0.0,False,0,"[""eye"", ""nerve"", ""retina""]",114,11370
ENSG00000203900,False,0.0,0.0,0.0,0.0,NOT_IN_STRING,0.0,NOT_IN_STRING,False,0.0,False,0,"[""eye"", ""nerve"", ""retina""]",114,11370
ENSG00000205976,False,0.0,0.0,0.0,0.0,NOT_IN_STRING,0.0,NOT_IN_STRING,False,0.0,False,0,"[""eye"", ""nerve"", ""retina""]",114,11370
ENSG00000206090,False,0.0,0.0,0.0,0.0,NOT_IN_STRING,0.0,NOT_IN_STRING,False,0.0,False,0,"[""eye"", ""nerve"", ""retina""]",114,11370
ENSG00000206249,False,0.0,0.0,0.0,0.0,NOT_IN_STRING,0.0,NOT_IN_STRING,False,0.0,False,0,"[""eye"", ""nerve"", ""retina""]",114,11370
ENSG00000206356,False,0.0,0.0,0.0,0.0,NOT_IN_STRING,0.0,NOT_IN_STRING,False,0.0,False,0,"[""eye"", ""nerve"", ""retina""]",114,11370
ENSG00000207094,False,0.0,0.0,0.0,0.0,NOT_IN_STRING,0.0,NOT_IN_STRING,False,0.0,False,0,"[""eye"", ""nerve"", ""retina""]",114,11370
ENSG00000212293,False,0.0,0.0,0.0,0.0,NOT_IN_STRING,0.0,NOT_IN_STRING,False,0.0,False,0,"[""eye"", ""nerve"", ""retina""]",114,11370
ENSG00000213121,False,0.0,0.0,0.0,0.0,NOT_IN_STRING,0.0,NOT_IN_STRING,False,0.0,False,0,"[""eye"", ""nerve"", ""retina""]",114,11370
ENSG00000213777,False,0.0,0.0,0.0,0.0,NOT_IN_STRING,0.0,NOT_IN_STRING,False,0.0,False,0,"[""eye"", ""nerve"", ""retina""]",114,11370
ENSG00000214776,False,0.0,0.0,0.0,0.0,NOT_IN_STRING,0.0,NOT_IN_STRING,False,0.0,False,0,"[""eye"", ""nerve"", ""retina""]",114,11370
ENSG00000215512,False,0.0,0.0,0.0,0.0,NOT_IN_STRING,0.0,NOT_IN_STRING,False,0.0,False,0,"[""eye"", ""nerve"", ""retina""]",114,11370
ENSG00000216359,False,0.0,0.0,0.0,0.0,NOT_IN_STRING,0.0,NOT_IN_STRING,False,0.0,False,0,"[""eye"", ""nerve"", ""retina""]",114,11370
ENSG00000216519,False,0.0,0.0,0.0,0.0,NOT_IN_STRING,0.0,NOT_IN_STRING,False,0.0,False,0,"[""eye"", ""nerve"", ""retina""]",114,11370
ENSG00000216621,False,0.0,0.0,0.0,0.0,NOT_IN_STRING,0.0,NOT_IN_STRING,False,0.0,False,0,"[""eye"", ""nerve"", ""retina""]",114,11370
ENSG00000203648,False,0.0,0.0,0.0,0.0,NOT_IN_STRING,0.0,NOT_IN_STRING,False,0.0,False,0,"[""eye"", ""nerve"", ""retina""]",114,11370
ENSG00000230286,False,0.0,0.0,0.0,0.0,NOT_IN_STRING,0.0,NOT_IN_STRING,False,0.0,False,0,"[""eye"", ""nerve"", ""retina""]",114,11370
ENSG00000230309,False,0.0,0.0,0.0,0.0,NOT_IN_STRING,0.0,NOT_IN_STRING,False,0.0,False,0,"[""eye"", ""nerve"", ""retina""]",114,11370
ENSG00000230331,False,0.0,0.0,0.0,0.0,NOT_IN_STRING,0.0,NOT_IN_STRING,False,0.0,False,0,"[""eye"", ""nerve"", ""retina""]",114,11370
ENSG00000230333,False,0.0,0.0,0.0,0.0,NOT_IN_STRING,0.0,NOT_IN_STRING,False,0.0,False,0,"[""eye"", ""nerve"", ""retina""]",114,11370
ENSG00000230365,False,0.0,0.0,0.0,0.0,NOT_IN_STRING,0.0,NOT_IN_STRING,False,0.0,False,0,"[""eye"", ""nerve"", ""retina""]",114,11370
ENSG00000230571,False,0.0,0.0,0.0,0.0,NOT_IN_STRING,0.0,NOT_IN_STRING,False,0.0,False,0,"[""eye"", ""nerve"", ""retina""]",114,11370
ENSG00000230623,False,0.0,0.0,0.0,0.0,NOT_IN_STRING,0.0,NOT_IN_STRING,False,0.0,False,0,"[""eye"", ""nerve"", ""retina""]",114,11370
ENSG00000230627,False,0.0,0.0,0.0,0.0,NOT_IN_STRING,0.0,NOT_IN_STRING,False,0.0,False,0,"[""eye"", ""nerve"", ""retina""]",114,11370
ENSG00000230647,False,0.0,0.0,0.0,0.0,NOT_IN_STRING,0.0,NOT_IN_STRING,False,0.0,False,0,"[""eye"", ""nerve"", ""retina""]",114,11370
ENSG00000230730,False,0.0,0.0,0.0,0.0,NOT_IN_STRING,0.0,NOT_IN_STRING,False,0.0,False,0,"[""eye"", ""nerve"", ""retina""]",114,11370
ENSG00000230746,False,0.0,0.0,0.0,0.0,NOT_IN_STRING,0.0,NOT_IN_STRING,False,0.0,False,0,"[""eye"", ""nerve"", ""retina""]",114,11370
ENSG00000230908,False,0.0,0.0,0.0,0.0,NOT_IN_STRING,0.0,NOT_IN_STRING,False,0.0,False,0,"[""eye"", ""nerve"", ""retina""]",114,11370
ENSG00000231052,False,0.0,0.0,0.0,0.0,NOT_IN_STRING,0.0,NOT_IN_STRING,False,0.0,False,0,"[""eye"", ""nerve"", ""retina""]",114,11370
ENSG00000227066,False,0.0,0.0,0.0,0.0,NOT_IN_STRING,0.0,NOT_IN_STRING,False,0.0,False,0,"[""eye"", ""nerve"", ""retina""]",114,11370
ENSG00000231271,False,0.0,0.0,0.0,0.0,NOT_IN_STRING,0.0,NOT_IN_STRING,False,0.0,False,0,"[""eye"", ""nerve"", ""retina""]",114,11370
ENSG00000231484,False,0.0,0.0,0.0,0.0,NOT_IN_STRING,0.0,NOT_IN_STRING,False,0.0,False,0,"[""eye"", ""nerve"", ""retina""]",114,11370
ENSG00000231557,False,0.0,0.0,0.0,0.0,NOT_IN_STRING,0.0,NOT_IN_STRING,False,0.0,False,0,"[""eye"", ""nerve"", ""retina""]",114,11370
ENSG00000231698,False,0.0,0.0,0.0,0.0,NOT_IN_STRING,0.0,NOT_IN_STRING,False,0.0,False,0,"[""eye"", ""nerve"", ""retina""]",114,11370
ENSG00000231873,False,0.0,0.0,0.0,0.0,NOT_IN_STRING,0.0,NOT_IN_STRING,False,0.0,False,0,"[""eye"", ""nerve"", ""retina""]",114,11370
ENSG00000232006,False,0.0,0.0,0.0,0.0,NOT_IN_STRING,0.0,NOT_IN_STRING,False,0.0,False,0,"[""eye"", ""nerve"", ""retina""]",114,11370
ENSG00000232080,False,0.0,0.0,0.0,0.0,NOT_IN_STRING,0.0,NOT_IN_STRING,False,0.0,False,0,"[""eye"", ""nerve"", ""retina""]",114,11370
ENSG00000232193,False,0.0,0.0,0.0,0.0,NOT_IN_STRING,0.0,NOT_IN_STRING,False,0.0,False,0,"[""eye"", ""nerve"", ""retina""]",114,11370
ENSG00000232271,False,0.0,0.0,0.0,0.0,NOT_IN_STRING,0.0,NOT_IN_STRING,False,0.0,False,0,"[""eye"", ""nerve"", ""retina""]",114,11370
ENSG00000232436,False,0.0,0.0,0.0,0.0,NOT_IN_STRING,0.0,NOT_IN_STRING,False,0.0,False,0,"[""eye"", ""nerve"", ""retina""]",114,11370
ENSG00000232555,False,0.0,0.0,0.0,0.0,NOT_IN_STRING,0.0,NOT_IN_STRING,False,0.0,False,0,"[""eye"", ""nerve"", ""retina""]",114,11370
ENSG00000232682,False,0.0,0.0,0.0,0.0,NOT_IN_STRING,0.0,NOT_IN_STRING,False,0.0,False,0,"[""eye"", ""nerve"", ""retina""]",114,11370
ENSG00000232889,False,0.0,0.0,0.0,0.0,NOT_IN_STRING,0.0,NOT_IN_STRING,False,0.0,False,0,"[""eye"", ""nerve"", ""retina""]",114,11370
ENSG00000232979,False,0.0,0.0,0.0,0.0,NOT_IN_STRING,0.0,NOT_IN_STRING,False,0.0,False,0,"[""eye"", ""nerve"", ""retina""]",114,11370
ENSG00000231138,False,0.0,0.0,0.0,0.0,NOT_IN_STRING,0.0,NOT_IN_STRING,False,0.0,False,0,"[""eye"", ""nerve"", ""retina""]",114,11370
ENSG00000227161,False,0.0,0.0,0.0,0.0,NOT_IN_STRING,0.0,NOT_IN_STRING,False,0.0,False,0,"[""eye"", ""nerve"", ""retina""]",114,11370
ENSG00000227189,False,0.0,0.0,0.0,0.0,NOT_IN_STRING,0.0,NOT_IN_STRING,False,0.0,False,0,"[""eye"", ""nerve"", ""retina""]",114,11370
ENSG00000227200,False,0.0,0.0,0.0,0.0,NOT_IN_STRING,0.0,NOT_IN_STRING,False,0.0,False,0,"[""eye"", ""nerve"", ""retina""]",114,11370
ENSG00000227240,False,0.0,0.0,0.0,0.0,NOT_IN_STRING,0.0,NOT_IN_STRING,False,0.0,False,0,"[""eye"", ""nerve"", ""retina""]",114,11370
ENSG00000227307,False,0.0,0.0,0.0,0.0,NOT_IN_STRING,0.0,NOT_IN_STRING,False,0.0,False,0,"[""eye"", ""nerve"", ""retina""]",114,11370
ENSG00000227330,False,0.0,0.0,0.0,0.0,NOT_IN_STRING,0.0,NOT_IN_STRING,False,0.0,False,0,"[""eye"", ""nerve"", ""retina""]",114,11370
ENSG00000227355,False,0.0,0.0,0.0,0.0,NOT_IN_STRING,0.0,NOT_IN_STRING,False,0.0,False,0,"[""eye"", ""nerve"", ""retina""]",114,11370
ENSG00000227374,False,0.0,0.0,0.0,0.0,NOT_IN_STRING,0.0,NOT_IN_STRING,False,0.0,False,0,"[""eye"", ""nerve"", ""retina""]",114,11370
ENSG00000227579,False,0.0,0.0,0.0,0.0,NOT_IN_STRING,0.0,NOT_IN_STRING,False,0.0,False,0,"[""eye"", ""nerve"", ""retina""]",114,11370
ENSG00000227718,False,0.0,0.0,0.0,0.0,NOT_IN_STRING,0.0,NOT_IN_STRING,False,0.0,False,0,"[""eye"", ""nerve"", ""retina""]",114,11370
ENSG00000227757,False,0.0,0.0,0.0,0.0,NOT_IN_STRING,0.0,NOT_IN_STRING,False,0.0,False,0,"[""eye"", ""nerve"", ""retina""]",114,11370
ENSG00000227785,False,0.0,0.0,0.0,0.0,NOT_IN_STRING,0.0,NOT_IN_STRING,False,0.0,False,0,"[""eye"", ""nerve"", ""retina""]",114,11370
ENSG00000227803,False,0.0,0.0,0.0,0.0,NOT_IN_STRING,0.0,NOT_IN_STRING,False,0.0,False,0,"[""eye"", ""nerve"", ""retina""]",114,11370
ENSG00000227933,False,0.0,0.0,0.0,0.0,NOT_IN_STRING,0.0,NOT_IN_STRING,False,0.0,False,0,"[""eye"", ""nerve"", ""retina""]",114,11370
ENSG00000230258,False,0.0,0.0,0.0,0.0,NOT_IN_STRING,0.0,NOT_IN_STRING,False,0.0,False,0,"[""eye"", ""nerve"", ""retina""]",114,11370
ENSG00000228222,False,0.0,0.0,0.0,0.0,NOT_IN_STRING,0.0,NOT_IN_STRING,False,0.0,False,0,"[""eye"", ""nerve"", ""retina""]",114,11370
ENSG00000228302,False,0.0,0.0,0.0,0.0,NOT_IN_STRING,0.0,NOT_IN_STRING,False,0.0,False,0,"[""eye"", ""nerve"", ""retina""]",114,11370
ENSG00000228355,False,0.0,0.0,0.0,0.0,NOT_IN_STRING,0.0,NOT_IN_STRING,False,0.0,False,0,"[""eye"", ""nerve"", ""retina""]",114,11370
ENSG00000228417,False,0.0,0.0,0.0,0.0,NOT_IN_STRING,0.0,NOT_IN_STRING,False,0.0,False,0,"[""eye"", ""nerve"", ""retina""]",114,11370
ENSG00000228620,False,0.0,0.0,0.0,0.0,NOT_IN_STRING,0.0,NOT_IN_STRING,False,0.0,False,0,"[""eye"", ""nerve"", ""retina""]",114,11370
ENSG00000228697,False,0.0,0.0,0.0,0.0,NOT_IN_STRING,0.0,NOT_IN_STRING,False,0.0,False,0,"[""eye"", ""nerve"", ""retina""]",114,11370
ENSG00000228876,False,0.0,0.0,0.0,0.0,NOT_IN_STRING,0.0,NOT_IN_STRING,False,0.0,False,0,"[""eye"", ""nerve"", ""retina""]",114,11370
ENSG00000229066,False,0.0,0.0,0.0,0.0,NOT_IN_STRING,0.0,NOT_IN_STRING,False,0.0,False,0,"[""eye"", ""nerve"", ""retina""]",114,11370
ENSG00000229271,False,0.0,0.0,0.0,0.0,NOT_IN_STRING,0.0,NOT_IN_STRING,False,0.0,False,0,"[""eye"", ""nerve"", ""retina""]",114,11370
ENSG00000229312,False,0.0,0.0,0.0,0.0,NOT_IN_STRING,0.0,NOT_IN_STRING,False,0.0,False,0,"[""eye"", ""nerve"", ""retina""]",114,11370
ENSG00000229337,False,0.0,0.0,0.0,0.0,NOT_IN_STRING,0.0,NOT_IN_STRING,False,0.0,False,0,"[""eye"", ""nerve"", ""retina""]",114,11370
ENSG00000229405,False,0.0,0.0,0.0,0.0,NOT_IN_STRING,0.0,NOT_IN_STRING,False,0.0,False,0,"[""eye"", ""nerve"", ""retina""]",114,11370
ENSG00000230015,False,0.0,0.0,0.0,0.0,NOT_IN_STRING,0.0,NOT_IN_STRING,False,0.0,False,0,"[""eye"", ""nerve"", ""retina""]",114,11370
ENSG00000230051,False,0.0,0.0,0.0,0.0,NOT_IN_STRING,0.0,NOT_IN_STRING,False,0.0,False,0,"[""eye"", ""nerve"", ""retina""]",114,11370
ENSG00000228167,False,0.0,0.0,0.0,0.0,NOT_IN_STRING,0.0,NOT_IN_STRING,False,0.0,False,0,"[""eye"", ""nerve"", ""retina""]",114,11370
CASC8,False,0.0,0.0,0.0,0.0,NOT_IN_STRING,0.0,NOT_IN_STRING,False,0.0,False,0,"[""eye"", ""nerve"", ""retina""]",114,11370
CAV2-DT,False,0.0,0.0,0.0,0.0,NOT_IN_STRING,0.0,NOT_IN_STRING,False,0.0,False,0,"[""eye"", ""nerve"", ""retina""]",114,11370
CCDC144NL-AS1,False,0.0,0.0,0.0,0.0,NOT_IN_STRING,0.0,NOT_IN_STRING,False,0.0,False,0,"[""eye"", ""nerve"", ""retina""]",114,11370
CCDST,False,0.0,0.0,0.0,0.0,NOT_IN_STRING,0.0,NOT_IN_STRING,False,0.0,False,0,"[""eye"", ""nerve"", ""retina""]",114,11370
CCL3-AS1,False,0.0,0.0,0.0,0.0,NOT_IN_STRING,0.0,NOT_IN_STRING,False,0.0,False,0,"[""eye"", ""nerve"", ""retina""]",114,11370
CCNQP3,False,0.0,0.0,0.0,0.0,NOT_IN_STRING,0.0,NOT_IN_STRING,False,0.0,False,0,"[""eye"", ""nerve"", ""retina""]",114,11370
CCNY-AS1,False,0.0,0.0,0.0,0.0,NOT_IN_STRING,0.0,NOT_IN_STRING,False,0.0,False,0,"[""eye"", ""nerve"", ""retina""]",114,11370
CDC27P3,False,0.0,0.0,0.0,0.0,NOT_IN_STRING,0.0,NOT_IN_STRING,False,0.0,False,0,"[""eye"", ""nerve"", ""retina""]",114,11370
CDC42EP3-AS1,False,0.0,0.0,0.0,0.0,NOT_IN_STRING,0.0,NOT_IN_STRING,False,0.0,False,0,"[""eye"", ""nerve"", ""retina""]",114,11370
CDC42EP3P1,False,0.0,0.0,0.0,0.0,NOT_IN_STRING,0.0,NOT_IN_STRING,False,0.0,False,0,"[""eye"", ""nerve"", ""retina""]",114,11370
CDK5RAP3P1,False,0.0,0.0,0.0,0.0,NOT_IN_STRING,0.0,NOT_IN_STRING,False,0.0,False,0,"[""eye"", ""nerve"", ""retina""]",114,11370
CDRT15P13,False,0.0,0.0,0.0,0.0,NOT_IN_STRING,0.0,NOT_IN_STRING,False,0.0,False,0,"[""eye"", ""nerve"", ""retina""]",114,11370
CEACAM22P,False,0.0,0.0,0.0,0.0,NOT_IN_STRING,0.0,NOT_IN_STRING,False,0.0,False,0,"[""eye"", ""nerve"", ""retina""]",114,11370
EIF4BP8,False,0.0,0.0,0.0,0.0,NOT_IN_STRING,0.0,NOT_IN_STRING,False,0.0,False,0,"[""eye"", ""nerve"", ""retina""]",114,11370
CERS3-AS1,False,0.0,0.0,0.0,0.0,NOT_IN_STRING,0.0,NOT_IN_STRING,False,0.0,False,0,"[""eye"", ""nerve"", ""retina""]",114,11370
CFTRP2,False,0.0,0.0,0.0,0.0,NOT_IN_STRING,0.0,NOT_IN_STRING,False,0.0,False,0,"[""eye"", ""nerve"", ""retina""]",114,11370
CFTRP3,False,0.0,0.0,0.0,0.0,NOT_IN_STRING,0.0,NOT_IN_STRING,False,0.0,False,0,"[""eye"", ""nerve"", ""retina""]",114,11370
CHEK2P2,False,0.0,0.0,0.0,0.0,NOT_IN_STRING,0.0,NOT_IN_STRING,False,0.0,False,0,"[""eye"", ""nerve"", ""retina""]",114,11370
CHEK2P3,False,0.0,0.0,0.0,0.0,NOT_IN_STRING,0.0,NOT_IN_STRING,False,0.0,False,0,"[""eye"", ""nerve"", ""retina""]",114,11370
CHEK2P5,False,0.0,0.0,0.0,0.0,NOT_IN_STRING,0.0,NOT_IN_STRING,False,0.0,False,0,"[""eye"", ""nerve"", ""retina""]",114,11370
CHIAP3,False,0.0,0.0,0.0,0.0,NOT_IN_STRING,0.0,NOT_IN_STRING,False,0.0,False,0,"[""eye"", ""nerve"", ""retina""]",114,11370
CHORDC1P1,False,0.0,0.0,0.0,0.0,NOT_IN_STRING,0.0,NOT_IN_STRING,False,0.0,False,0,"[""eye"", ""nerve"", ""retina""]",114,11370
CHORDC1P4,False,0.0,0.0,0.0,0.0,NOT_IN_STRING,0.0,NOT_IN_STRING,False,0.0,False,0,"[""eye"", ""nerve"", ""retina""]",114,11370
CHSY3-AS1,False,0.0,0.0,0.0,0.0,NOT_IN_STRING,0.0,NOT_IN_STRING,False,0.0,False,0,"[""eye"", ""nerve"", ""retina""]",114,11370
CICP25,False,0.0,0.0,0.0,0.0,NOT_IN_STRING,0.0,NOT_IN_STRING,False,0.0,False,0,"[""eye"", ""nerve"", ""retina""]",114,11370
CKS1BP4,False,0.0,0.0,0.0,0.0,NOT_IN_STRING,0.0,NOT_IN_STRING,False,0.0,False,0,"[""eye"", ""nerve"", ""retina""]",114,11370
CLCA4-AS1,False,0.0,0.0,0.0,0.0,NOT_IN_STRING,0.0,NOT_IN_STRING,False,0.0,False,0,"[""eye"", ""nerve"", ""retina""]",114,11370
CLCP1,False,0.0,0.0,0.0,0.0,NOT_IN_STRING,0.0,NOT_IN_STRING,False,0.0,False,0,"[""eye"", ""nerve"", ""retina""]",114,11370
CENPIP1,False,0.0,0.0,0.0,0.0,NOT_IN_STRING,0.0,NOT_IN_STRING,False,0.0,False,0,"[""eye"", ""nerve"", ""retina""]",114,11370
ASTN2-AS1,False,0.0,0.0,0.0,0.0,NOT_IN_STRING,0.0,NOT_IN_STRING,False,0.0,False,0,"[""eye"", ""nerve"", ""retina""]",114,11370
ATF1P1,False,0.0,0.0,0.0,0.0,NOT_IN_STRING,0.0,NOT_IN_STRING,False,0.0,False,0,"[""eye"", ""nerve"", ""retina""]",114,11370
ATP5MC1P8,False,0.0,0.0,0.0,0.0,NOT_IN_STRING,0.0,NOT_IN_STRING,False,0.0,False,0,"[""eye"", ""nerve"", ""retina""]",114,11370
B3GAT1-DT,False,0.0,0.0,0.0,0.0,NOT_IN_STRING,0.0,NOT_IN_STRING,False,0.0,False,0,"[""eye"", ""nerve"", ""retina""]",114,11370
BACH1-IT3,False,0.0,0.0,0.0,0.0,NOT_IN_STRING,0.0,NOT_IN_STRING,False,0.0,False,0,"[""eye"", ""nerve"", ""retina""]",114,11370
BAGE2,False,0.0,0.0,0.0,0.0,NOT_IN_STRING,0.0,NOT_IN_STRING,False,0.0,False,0,"[""eye"", ""nerve"", ""retina""]",114,11370
BCRP4,False,0.0,0.0,0.0,0.0,NOT_IN_STRING,0.0,NOT_IN_STRING,False,0.0,False,0,"[""eye"", ""nerve"", ""retina""]",114,11370
BCRP5,False,0.0,0.0,0.0,0.0,NOT_IN_STRING,0.0,NOT_IN_STRING,False,0.0,False,0,"[""eye"", ""nerve"", ""retina""]",114,11370
BMPR1AP2,False,0.0,0.0,0.0,0.0,NOT_IN_STRING,0.0,NOT_IN_STRING,False,0.0,False,0,"[""eye"", ""nerve"", ""retina""]",114,11370
BNIP3P13,False,0.0,0.0,0.0,0.0,NOT_IN_STRING,0.0,NOT_IN_STRING,False,0.0,False,0,"[""eye"", ""nerve"", ""retina""]",114,11370
BNIP3P32,False,0.0,0.0,0.0,0.0,NOT_IN_STRING,0.0,NOT_IN_STRING,False,0.0,False,0,"[""eye"", ""nerve"", ""retina""]",114,11370
BNIP3P33,False,0.0,0.0,0.0,0.0,NOT_IN_STRING,0.0,NOT_IN_STRING,False,0.0,False,0,"[""eye"", ""nerve"", ""retina""]",114,11370
BNIP3P7,False,0.0,0.0,0.0,0.0,NOT_IN_STRING,0.0,NOT_IN_STRING,False,0.0,False,0,"[""eye"", ""nerve"", ""retina""]",114,11370
BNIP3P8,False,0.0,0.0,0.0,0.0,NOT_IN_STRING,0.0,NOT_IN_STRING,False,0.0,False,0,"[""eye"", ""nerve"", ""retina""]",114,11370
CASC20,False,0.0,0.0,0.0,0.0,NOT_IN_STRING,0.0,NOT_IN_STRING,False,0.0,False,0,"[""eye"", ""nerve"", ""retina""]",114,11370
BPIFB9P,False,0.0,0.0,0.0,0.0,NOT_IN_STRING,0.0,NOT_IN_STRING,False,0.0,False,0,"[""eye"", ""nerve"", ""retina""]",114,11370
BSG-AS1,False,0.0,0.0,0.0,0.0,NOT_IN_STRING,0.0,NOT_IN_STRING,False,0.0,False,0,"[""eye"", ""nerve"", ""retina""]",114,11370
BTBD6P1,False,0.0,0.0,0.0,0.0,NOT_IN_STRING,0.0,NOT_IN_STRING,False,0.0,False,0,"[""eye"", ""nerve"", ""retina""]",114,11370
BTG3-AS1,False,0.0,0.0,0.0,0.0,NOT_IN_STRING,0.0,NOT_IN_STRING,False,0.0,False,0,"[""eye"", ""nerve"", ""retina""]",114,11370
BTNL12P,False,0.0,0.0,0.0,0.0,NOT_IN_STRING,0.0,NOT_IN_STRING,False,0.0,False,0,"[""eye"", ""nerve"", ""retina""]",114,11370
C11orf98P2,False,0.0,0.0,0.0,0.0,NOT_IN_STRING,0.0,NOT_IN_STRING,False,0.0,False,0,"[""eye"", ""nerve"", ""retina""]",114,11370
C1QTNF7-AS1,False,0.0,0.0,0.0,0.0,NOT_IN_STRING,0.0,NOT_IN_STRING,False,0.0,False,0,"[""eye"", ""nerve"", ""retina""]",114,11370
C9orf78P2,False,0.0,0.0,0.0,0.0,NOT_IN_STRING,0.0,NOT_IN_STRING,False,0.0,False,0,"[""eye"", ""nerve"", ""retina""]",114,11370
CADM2-AS1,False,0.0,0.0,0.0,0.0,NOT_IN_STRING,0.0,NOT_IN_STRING,False,0.0,False,0,"[""eye"", ""nerve"", ""retina""]",114,11370
CALML3-AS1,False,0.0,0.0,0.0,0.0,NOT_IN_STRING,0.0,NOT_IN_STRING,False,0.0,False,0,"[""eye"", ""nerve"", ""retina""]",114,11370
CAMTA1-AS3,False,0.0,0.0,0.0,0.0,NOT_IN_STRING,0.0,NOT_IN_STRING,False,0.0,False,0,"[""eye"", ""nerve"", ""retina""]",114,11370
CASC15,False,0.0,0.0,0.0,0.0,NOT_IN_STRING,0.0,NOT_IN_STRING,False,0.0,False,0,"[""eye"", ""nerve"", ""retina""]",114,11370
CASC16,False,0.0,0.0,0.0,0.0,NOT_IN_STRING,0.0,NOT_IN_STRING,False,0.0,False,0,"[""eye"", ""nerve"", ""retina""]",114,11370
CASC19,False,0.0,0.0,0.0,0.0,NOT_IN_STRING,0.0,NOT_IN_STRING,False,0.0,False,0,"[""eye"", ""nerve"", ""retina""]",114,11370
BOLA3P3,False,0.0,0.0,0.0,0.0,NOT_IN_STRING,0.0,NOT_IN_STRING,False,0.0,False,0,"[""eye"", ""nerve"", ""retina""]",114,11370
DMP1-AS1,False,0.0,0.0,0.0,0.0,NOT_IN_STRING,0.0,NOT_IN_STRING,False,0.0,False,0,"[""eye"", ""nerve"", ""retina""]",114,11370
DNAH8-AS1,False,0.0,0.0,0.0,0.0,NOT_IN_STRING,0.0,NOT_IN_STRING,False,0.0,False,0,"[""eye"", ""nerve"", ""retina""]",114,11370
DND1P1,False,0.0,0.0,0.0,0.0,NOT_IN_STRING,0.0,NOT_IN_STRING,False,0.0,False,0,"[""eye"", ""nerve"", ""retina""]",114,11370
DNM1P17,False,0.0,0.0,0.0,0.0,NOT_IN_STRING,0.0,NOT_IN_STRING,False,0.0,False,0,"[""eye"", ""nerve"", ""retina""]",114,11370
DOCK8-AS2,False,0.0,0.0,0.0,0.0,NOT_IN_STRING,0.0,NOT_IN_STRING,False,0.0,False,0,"[""eye"", ""nerve"", ""retina""]",114,11370
DPPA2P4,False,0.0,0.0,0.0,0.0,NOT_IN_STRING,0.0,NOT_IN_STRING,False,0.0,False,0,"[""eye"", ""nerve"", ""retina""]",114,11370
DPRXP2,False,0.0,0.0,0.0,0.0,NOT_IN_STRING,0.0,NOT_IN_STRING,False,0.0,False,0,"[""eye"", ""nerve"", ""retina""]",114,11370
DSCR4,False,0.0,0.0,0.0,0.0,NOT_IN_STRING,0.0,NOT_IN_STRING,False,0.0,False,0,"[""eye"", ""nerve"", ""retina""]",114,11370
DSCR9,False,0.0,0.0,0.0,0.0,NOT_IN_STRING,0.0,NOT_IN_STRING,False,0.0,False,0,"[""eye"", ""nerve"", ""retina""]",114,11370
DSG1-AS1,False,0.0,0.0,0.0,0.0,NOT_IN_STRING,0.0,NOT_IN_STRING,False,0.0,False,0,"[""eye"", ""nerve"", ""retina""]",114,11370
DUX4L1,False,0.0,0.0,0.0,0.0,NOT_IN_STRING,0.0,NOT_IN_STRING,False,0.0,False,0,"[""eye"", ""nerve"", ""retina""]",114,11370
DUX4L32,False,0.0,0.0,0.0,0.0,NOT_IN_STRING,0.0,NOT_IN_STRING,False,0.0,False,0,"[""eye"", ""nerve"", ""retina""]",114,11370
DUX4L37,False,0.0,0.0,0.0,0.0,NOT_IN_STRING,0.0,NOT_IN_STRING,False,0.0,False,0,"[""eye"", ""nerve"", ""retina""]",114,11370
CLEC4OP,False,0.0,0.0,0.0,0.0,NOT_IN_STRING,0.0,NOT_IN_STRING,False,0.0,False,0,"[""eye"", ""nerve"", ""retina""]",114,11370
DUX4L45,False,0.0,0.0,0.0,0.0,NOT_IN_STRING,0.0,NOT_IN_STRING,False,0.0,False,0,"[""eye"", ""nerve"", ""retina""]",114,11370
DUX4L46,False,0.0,0.0,0.0,0.0,NOT_IN_STRING,0.0,NOT_IN_STRING,False,0.0,False,0,"[""eye"", ""nerve"", ""retina""]",114,11370
DUX4L47,False,0.0,0.0,0.0,0.0,NOT_IN_STRING,0.0,NOT_IN_STRING,False,0.0,False,0,"[""eye"", ""nerve"", ""retina""]",114,11370
DUX4L5,False,0.0,0.0,0.0,0.0,NOT_IN_STRING,0.0,NOT_IN_STRING,False,0.0,False,0,"[""eye"", ""nerve"", ""retina""]",114,11370
DYM-AS1,False,0.0,0.0,0.0,0.0,NOT_IN_STRING,0.0,NOT_IN_STRING,False,0.0,False,0,"[""eye"", ""nerve"", ""retina""]",114,11370
EAF1-AS1,False,0.0,0.0,0.0,0.0,NOT_IN_STRING,0.0,NOT_IN_STRING,False,0.0,False,0,"[""eye"", ""nerve"", ""retina""]",114,11370
EBAG9P1,False,0.0,0.0,0.0,0.0,NOT_IN_STRING,0.0,NOT_IN_STRING,False,0.0,False,0,"[""eye"", ""nerve"", ""retina""]",114,11370
ECM1P1,False,0.0,0.0,0.0,0.0,NOT_IN_STRING,0.0,NOT_IN_STRING,False,0.0,False,0,"[""eye"", ""nerve"", ""retina""]",114,11370
EEF1DP8,False,0.0,0.0,0.0,0.0,NOT_IN_STRING,0.0,NOT_IN_STRING,False,0.0,False,0,"[""eye"", ""nerve"", ""retina""]",114,11370
EGFEM1P,False,0.0,0.0,0.0,0.0,NOT_IN_STRING,0.0,NOT_IN_STRING,False,0.0,False,0,"[""eye"", ""nerve"", ""retina""]",114,11370
EGLN3-AS1,False,0.0,0.0,0.0,0.0,NOT_IN_STRING,0.0,NOT_IN_STRING,False,0.0,False,0,"[""eye"", ""nerve"", ""retina""]",114,11370
EGR3-AS1,False,0.0,0.0,0.0,0.0,NOT_IN_STRING,0.0,NOT_IN_STRING,False,0.0,False,0,"[""eye"", ""nerve"", ""retina""]",114,11370
EIF4A1P11,False,0.0,0.0,0.0,0.0,NOT_IN_STRING,0.0,NOT_IN_STRING,False,0.0,False,0,"[""eye"", ""nerve"", ""retina""]",114,11370
EIF4A1P13,False,0.0,0.0,0.0,0.0,NOT_IN_STRING,0.0,NOT_IN_STRING,False,0.0,False,0,"[""eye"", ""nerve"", ""retina""]",114,11370
DUX4L4,False,0.0,0.0,0.0,0.0,NOT_IN_STRING,0.0,NOT_IN_STRING,False,0.0,False,0,"[""eye"", ""nerve"", ""retina""]",114,11370
CNN2P10,False,0.0,0.0,0.0,0.0,NOT_IN_STRING,0.0,NOT_IN_STRING,False,0.0,False,0,"[""eye"", ""nerve"", ""retina""]",114,11370
CNOT6LP1,False,0.0,0.0,0.0,0.0,NOT_IN_STRING,0.0,NOT_IN_STRING,False,0.0,False,0,"[""eye"", ""nerve"", ""retina""]",114,11370
CNTFR-AS1,False,0.0,0.0,0.0,0.0,NOT_IN_STRING,0.0,NOT_IN_STRING,False,0.0,False,0,"[""eye"", ""nerve"", ""retina""]",114,11370
COPDA1,False,0.0,0.0,0.0,0.0,NOT_IN_STRING,0.0,NOT_IN_STRING,False,0.0,False,0,"[""eye"", ""nerve"", ""retina""]",114,11370
COX4I1P1,False,0.0,0.0,0.0,0.0,NOT_IN_STRING,0.0,NOT_IN_STRING,False,0.0,False,0,"[""eye"", ""nerve"", ""retina""]",114,11370
CPP,False,0.0,0.0,0.0,0.0,NOT_IN_STRING,0.0,NOT_IN_STRING,False,0.0,False,0,"[""eye"", ""nerve"", ""retina""]",114,11370
CPSF1P1,False,0.0,0.0,0.0,0.0,NOT_IN_STRING,0.0,NOT_IN_STRING,False,0.0,False,0,"[""eye"", ""nerve"", ""retina""]",114,11370
CPSF6P1,False,0.0,0.0,0.0,0.0,NOT_IN_STRING,0.0,NOT_IN_STRING,False,0.0,False,0,"[""eye"", ""nerve"", ""retina""]",114,11370
CRIP1P4,False,0.0,0.0,0.0,0.0,NOT_IN_STRING,0.0,NOT_IN_STRING,False,0.0,False,0,"[""eye"", ""nerve"", ""retina""]",114,11370
CRNDE,False,0.0,0.0,0.0,0.0,NOT_IN_STRING,0.0,NOT_IN_STRING,False,0.0,False,0,"[""eye"", ""nerve"", ""retina""]",114,11370
CROCCP2,False,0.0,0.0,0.0,0.0,NOT_IN_STRING,0.0,NOT_IN_STRING,False,0.0,False,0,"[""eye"", ""nerve"", ""retina""]",114,11370
CRYBB2P1,False,0.0,0.0,0.0,0.0,NOT_IN_STRING,0.0,NOT_IN_STRING,False,0.0,False,0,"[""eye"", ""nerve"", ""retina""]",114,11370
CSNK1G2-AS1,False,0.0,0.0,0.0,0.0,NOT_IN_STRING,0.0,NOT_IN_STRING,False,0.0,False,0,"[""eye"", ""nerve"", ""retina""]",114,11370
CST9LP1,False,0.0,0.0,0.0,0.0,NOT_IN_STRING,0.0,NOT_IN_STRING,False,0.0,False,0,"[""eye"", ""nerve"", ""retina""]",114,11370
DLG2-AS2,False,0.0,0.0,0.0,0.0,NOT_IN_STRING,0.0,NOT_IN_STRING,False,0.0,False,0,"[""eye"", ""nerve"", ""retina""]",114,11370
CTB-1I21.1,False,0.0,0.0,0.0,0.0,NOT_IN_STRING,0.0,NOT_IN_STRING,False,0.0,False,0,"[""eye"", ""nerve"", ""retina""]",114,11370
CUL4AP1,False,0.0,0.0,0.0,0.0,NOT_IN_STRING,0.0,NOT_IN_STRING,False,0.0,False,0,"[""eye"", ""nerve"", ""retina""]",114,11370
CYKILR,False,0.0,0.0,0.0,0.0,NOT_IN_STRING,0.0,NOT_IN_STRING,False,0.0,False,0,"[""eye"", ""nerve"", ""retina""]",114,11370
CYP2A7P1,False,0.0,0.0,0.0,0.0,NOT_IN_STRING,0.0,NOT_IN_STRING,False,0.0,False,0,"[""eye"", ""nerve"", ""retina""]",114,11370
CYP2B7P,False,0.0,0.0,0.0,0.0,NOT_IN_STRING,0.0,NOT_IN_STRING,False,0.0,False,0,"[""eye"", ""nerve"", ""retina""]",114,11370
CYP51A1P3,False,0.0,0.0,0.0,0.0,NOT_IN_STRING,0.0,NOT_IN_STRING,False,0.0,False,0,"[""eye"", ""nerve"", ""retina""]",114,11370
CYTOR,False,0.0,0.0,0.0,0.0,NOT_IN_STRING,0.0,NOT_IN_STRING,False,0.0,False,0,"[""eye"", ""nerve"", ""retina""]",114,11370
DDC-AS1,False,0.0,0.0,0.0,0.0,NOT_IN_STRING,0.0,NOT_IN_STRING,False,0.0,False,0,"[""eye"", ""nerve"", ""retina""]",114,11370
DDX11-AS1,False,0.0,0.0,0.0,0.0,NOT_IN_STRING,0.0,NOT_IN_STRING,False,0.0,False,0,"[""eye"", ""nerve"", ""retina""]",114,11370
DDX18P4,False,0.0,0.0,0.0,0.0,NOT_IN_STRING,0.0,NOT_IN_STRING,False,0.0,False,0,"[""eye"", ""nerve"", ""retina""]",114,11370
DEFB131C,False,0.0,0.0,0.0,0.0,NOT_IN_STRING,0.0,NOT_IN_STRING,False,0.0,False,0,"[""eye"", ""nerve"", ""retina""]",114,11370
DHFRP6,False,0.0,0.0,0.0,0.0,NOT_IN_STRING,0.0,NOT_IN_STRING,False,0.0,False,0,"[""eye"", ""nerve"", ""retina""]",114,11370
DIRC3,False,0.0,0.0,0.0,0.0,NOT_IN_STRING,0.0,NOT_IN_STRING,False,0.0,False,0,"[""eye"", ""nerve"", ""retina""]",114,11370
DISC1FP1,False,0.0,0.0,0.0,0.0,NOT_IN_STRING,0.0,NOT_IN_STRING,False,0.0,False,0,"[""eye"", ""nerve"", ""retina""]",114,11370
CST9LP2,False,0.0,0.0,0.0,0.0,NOT_IN_STRING,0.0,NOT_IN_STRING,False,0.0,False,0,"[""eye"", ""nerve"", ""retina""]",114,11370
ENSG00000253280,False,0.0,0.0,0.0,0.0,NOT_IN_STRING,0.0,NOT_IN_STRING,False,0.0,False,0,"[""eye"", ""nerve"", ""retina""]",114,11370
ENSG00000253363,False,0.0,0.0,0.0,0.0,NOT_IN_STRING,0.0,NOT_IN_STRING,False,0.0,False,0,"[""eye"", ""nerve"", ""retina""]",114,11370
ENSG00000253392,False,0.0,0.0,0.0,0.0,NOT_IN_STRING,0.0,NOT_IN_STRING,False,0.0,False,0,"[""eye"", ""nerve"", ""retina""]",114,11370
ENSG00000253553,False,0.0,0.0,0.0,0.0,NOT_IN_STRING,0.0,NOT_IN_STRING,False,0.0,False,0,"[""eye"", ""nerve"", ""retina""]",114,11370
ENSG00000253557,False,0.0,0.0,0.0,0.0,NOT_IN_STRING,0.0,NOT_IN_STRING,False,0.0,False,0,"[""eye"", ""nerve"", ""retina""]",114,11370
ENSG00000253585,False,0.0,0.0,0.0,0.0,NOT_IN_STRING,0.0,NOT_IN_STRING,False,0.0,False,0,"[""eye"", ""nerve"", ""retina""]",114,11370
ENSG00000253619,False,0.0,0.0,0.0,0.0,NOT_IN_STRING,0.0,NOT_IN_STRING,False,0.0,False,0,"[""eye"", ""nerve"", ""retina""]",114,11370
ENSG00000253627,False,0.0,0.0,0.0,0.0,NOT_IN_STRING,0.0,NOT_IN_STRING,False,0.0,False,0,"[""eye"", ""nerve"", ""retina""]",114,11370
ENSG00000253634,False,0.0,0.0,0.0,0.0,NOT_IN_STRING,0.0,NOT_IN_STRING,False,0.0,False,0,"[""eye"", ""nerve"", ""retina""]",114,11370
ENSG00000253656,False,0.0,0.0,0.0,0.0,NOT_IN_STRING,0.0,NOT_IN_STRING,False,0.0,False,0,"[""eye"", ""nerve"", ""retina""]",114,11370
ENSG00000253659,False,0.0,0.0,0.0,0.0,NOT_IN_STRING,0.0,NOT_IN_STRING,False,0.0,False,0,"[""eye"", ""nerve"", ""retina""]",114,11370
ENSG00000253730,False,0.0,0.0,0.0,0.0,NOT_IN_STRING,0.0,NOT_IN_STRING,False,0.0,False,0,"[""eye"", ""nerve"", ""retina""]",114,11370
ENSG00000253834,False,0.0,0.0,0.0,0.0,NOT_IN_STRING,0.0,NOT_IN_STRING,False,0.0,False,0,"[""eye"", ""nerve"", ""retina""]",114,11370
ENSG00000233358,False,0.0,0.0,0.0,0.0,NOT_IN_STRING,0.0,NOT_IN_STRING,False,0.0,False,0,"[""eye"", ""nerve"", ""retina""]",114,11370
ENSG00000253901,False,0.0,0.0,0.0,0.0,NOT_IN_STRING,0.0,NOT_IN_STRING,False,0.0,False,0,"[""eye"", ""nerve"", ""retina""]",114,11370
ENSG00000254136,False,0.0,0.0,0.0,0.0,NOT_IN_STRING,0.0,NOT_IN_STRING,False,0.0,False,0,"[""eye"", ""nerve"", ""retina""]",114,11370
ENSG00000254202,False,0.0,0.0,0.0,0.0,NOT_IN_STRING,0.0,NOT_IN_STRING,False,0.0,False,0,"[""eye"", ""nerve"", ""retina""]",114,11370
ENSG00000254428,False,0.0,0.0,0.0,0.0,NOT_IN_STRING,0.0,NOT_IN_STRING,False,0.0,False,0,"[""eye"", ""nerve"", ""retina""]",114,11370
ENSG00000254447,False,0.0,0.0,0.0,0.0,NOT_IN_STRING,0.0,NOT_IN_STRING,False,0.0,False,0,"[""eye"", ""nerve"", ""retina""]",114,11370
ENSG00000254487,False,0.0,0.0,0.0,0.0,NOT_IN_STRING,0.0,NOT_IN_STRING,False,0.0,False,0,"[""eye"", ""nerve"", ""retina""]",114,11370
ENSG00000254526,False,0.0,0.0,0.0,0.0,NOT_IN_STRING,0.0,NOT_IN_STRING,False,0.0,False,0,"[""eye"", ""nerve"", ""retina""]",114,11370
ENSG00000254551,False,0.0,0.0,0.0,0.0,NOT_IN_STRING,0.0,NOT_IN_STRING,False,0.0,False,0,"[""eye"", ""nerve"", ""retina""]",114,11370
ENSG00000254734,False,0.0,0.0,0.0,0.0,NOT_IN_STRING,0.0,NOT_IN_STRING,False,0.0,False,0,"[""eye"", ""nerve"", ""retina""]",114,11370
ENSG00000254754,False,0.0,0.0,0.0,0.0,NOT_IN_STRING,0.0,NOT_IN_STRING,False,0.0,False,0,"[""eye"", ""nerve"", ""retina""]",114,11370
ENSG00000254777,False,0.0,0.0,0.0,0.0,NOT_IN_STRING,0.0,NOT_IN_STRING,False,0.0,False,0,"[""eye"", ""nerve"", ""retina""]",114,11370
ENSG00000254789,False,0.0,0.0,0.0,0.0,NOT_IN_STRING,0.0,NOT_IN_STRING,False,0.0,False,0,"[""eye"", ""nerve"", ""retina""]",114,11370
ENSG00000254885,False,0.0,0.0,0.0,0.0,NOT_IN_STRING,0.0,NOT_IN_STRING,False,0.0,False,0,"[""eye"", ""nerve"", ""retina""]",114,11370
ENSG00000254909,False,0.0,0.0,0.0,0.0,NOT_IN_STRING,0.0,NOT_IN_STRING,False,0.0,False,0,"[""eye"", ""nerve"", ""retina""]",114,11370
ENSG00000253852,False,0.0,0.0,0.0,0.0,NOT_IN_STRING,0.0,NOT_IN_STRING,False,0.0,False,0,"[""eye"", ""nerve"", ""retina""]",114,11370
ENSG00000250703,False,0.0,0.0,0.0,0.0,NOT_IN_STRING,0.0,NOT_IN_STRING,False,0.0,False,0,"[""eye"", ""nerve"", ""retina""]",114,11370
ENSG00000250723,False,0.0,0.0,0.0,0.0,NOT_IN_STRING,0.0,NOT_IN_STRING,False,0.0,False,0,"[""eye"", ""nerve"", ""retina""]",114,11370
ENSG00000250761,False,0.0,0.0,0.0,0.0,NOT_IN_STRING,0.0,NOT_IN_STRING,False,0.0,False,0,"[""eye"", ""nerve"", ""retina""]",114,11370
ENSG00000250820,False,0.0,0.0,0.0,0.0,NOT_IN_STRING,0.0,NOT_IN_STRING,False,0.0,False,0,"[""eye"", ""nerve"", ""retina""]",114,11370
ENSG00000251023,False,0.0,0.0,0.0,0.0,NOT_IN_STRING,0.0,NOT_IN_STRING,False,0.0,False,0,"[""eye"", ""nerve"", ""retina""]",114,11370
ENSG00000251088,False,0.0,0.0,0.0,0.0,NOT_IN_STRING,0.0,NOT_IN_STRING,False,0.0,False,0,"[""eye"", ""nerve"", ""retina""]",114,11370
ENSG00000251199,False,0.0,0.0,0.0,0.0,NOT_IN_STRING,0.0,NOT_IN_STRING,False,0.0,False,0,"[""eye"", ""nerve"", ""retina""]",114,11370
ENSG00000251216,False,0.0,0.0,0.0,0.0,NOT_IN_STRING,0.0,NOT_IN_STRING,False,0.0,False,0,"[""eye"", ""nerve"", ""retina""]",114,11370
ENSG00000251250,False,0.0,0.0,0.0,0.0,NOT_IN_STRING,0.0,NOT_IN_STRING,False,0.0,False,0,"[""eye"", ""nerve"", ""retina""]",114,11370
ENSG00000251293,False,0.0,0.0,0.0,0.0,NOT_IN_STRING,0.0,NOT_IN_STRING,False,0.0,False,0,"[""eye"", ""nerve"", ""retina""]",114,11370
ENSG00000251294,False,0.0,0.0,0.0,0.0,NOT_IN_STRING,0.0,NOT_IN_STRING,False,0.0,False,0,"[""eye"", ""nerve"", ""retina""]",114,11370
ENSG00000251388,False,0.0,0.0,0.0,0.0,NOT_IN_STRING,0.0,NOT_IN_STRING,False,0.0,False,0,"[""eye"", ""nerve"", ""retina""]",114,11370
ENSG00000251417,False,0.0,0.0,0.0,0.0,NOT_IN_STRING,0.0,NOT_IN_STRING,False,0.0,False,0,"[""eye"", ""nerve"", ""retina""]",114,11370
ENSG00000251419,False,0.0,0.0,0.0,0.0,NOT_IN_STRING,0.0,NOT_IN_STRING,False,0.0,False,0,"[""eye"", ""nerve"", ""retina""]",114,11370
ENSG00000253259,False,0.0,0.0,0.0,0.0,NOT_IN_STRING,0.0,NOT_IN_STRING,False,0.0,False,0,"[""eye"", ""nerve"", ""retina""]",114,11370
ENSG00000251556,False,0.0,0.0,0.0,0.0,NOT_IN_STRING,0.0,NOT_IN_STRING,False,0.0,False,0,"[""eye"", ""nerve"", ""retina""]",114,11370
ENSG00000251574,False,0.0,0.0,0.0,0.0,NOT_IN_STRING,0.0,NOT_IN_STRING,False,0.0,False,0,"[""eye"", ""nerve"", ""retina""]",114,11370
ENSG00000252349,False,0.0,0.0,0.0,0.0,NOT_IN_STRING,0.0,NOT_IN_STRING,False,0.0,False,0,"[""eye"", ""nerve"", ""retina""]",114,11370
ENSG00000252409,False,0.0,0.0,0.0,0.0,NOT_IN_STRING,0.0,NOT_IN_STRING,False,0.0,False,0,"[""eye"", ""nerve"", ""retina""]",114,11370
ENSG00000252888,False,0.0,0.0,0.0,0.0,NOT_IN_STRING,0.0,NOT_IN_STRING,False,0.0,False,0,"[""eye"", ""nerve"", ""retina""]",114,11370
ENSG00000253105,False,0.0,0.0,0.0,0.0,NOT_IN_STRING,0.0,NOT_IN_STRING,False,0.0,False,0,"[""eye"", ""nerve"", ""retina""]",114,11370
ENSG00000253154,False,0.0,0.0,0.0,0.0,NOT_IN_STRING,0.0,NOT_IN_STRING,False,0.0,False,0,"[""eye"", ""nerve"", ""retina""]",114,11370
ENSG00000253163,False,0.0,0.0,0.0,0.0,NOT_IN_STRING,0.0,NOT_IN_STRING,False,0.0,False,0,"[""eye"", ""nerve"", ""retina""]",114,11370
ENSG00000253174,False,0.0,0.0,0.0,0.0,NOT_IN_STRING,0.0,NOT_IN_STRING,False,0.0,False,0,"[""eye"", ""nerve"", ""retina""]",114,11370
ENSG00000253177,False,0.0,0.0,0.0,0.0,NOT_IN_STRING,0.0,NOT_IN_STRING,False,0.0,False,0,"[""eye"", ""nerve"", ""retina""]",114,11370
ENSG00000253184,False,0.0,0.0,0.0,0.0,NOT_IN_STRING,0.0,NOT_IN_STRING,False,0.0,False,0,"[""eye"", ""nerve"", ""retina""]",114,11370
ENSG00000253205,False,0.0,0.0,0.0,0.0,NOT_IN_STRING,0.0,NOT_IN_STRING,False,0.0,False,0,"[""eye"", ""nerve"", ""retina""]",114,11370
ENSG00000253216,False,0.0,0.0,0.0,0.0,NOT_IN_STRING,0.0,NOT_IN_STRING,False,0.0,False,0,"[""eye"", ""nerve"", ""retina""]",114,11370
ENSG00000253238,False,0.0,0.0,0.0,0.0,NOT_IN_STRING,0.0,NOT_IN_STRING,False,0.0,False,0,"[""eye"", ""nerve"", ""retina""]",114,11370
ENSG00000251488,False,0.0,0.0,0.0,0.0,NOT_IN_STRING,0.0,NOT_IN_STRING,False,0.0,False,0,"[""eye"", ""nerve"", ""retina""]",114,11370
ENSG00000256987,False,0.0,0.0,0.0,0.0,NOT_IN_STRING,0.0,NOT_IN_STRING,False,0.0,False,0,"[""eye"", ""nerve"", ""retina""]",114,11370
ENSG00000257022,False,0.0,0.0,0.0,0.0,NOT_IN_STRING,0.0,NOT_IN_STRING,False,0.0,False,0,"[""eye"", ""nerve"", ""retina""]",114,11370
ENSG00000257042,False,0.0,0.0,0.0,0.0,NOT_IN_STRING,0.0,NOT_IN_STRING,False,0.0,False,0,"[""eye"", ""nerve"", ""retina""]",114,11370
ENSG00000257060,False,0.0,0.0,0.0,0.0,NOT_IN_STRING,0.0,NOT_IN_STRING,False,0.0,False,0,"[""eye"", ""nerve"", ""retina""]",114,11370
ENSG00000257165,False,0.0,0.0,0.0,0.0,NOT_IN_STRING,0.0,NOT_IN_STRING,False,0.0,False,0,"[""eye"", ""nerve"", ""retina""]",114,11370
ENSG00000257175,False,0.0,0.0,0.0,0.0,NOT_IN_STRING,0.0,NOT_IN_STRING,False,0.0,False,0,"[""eye"", ""nerve"", ""retina""]",114,11370
ENSG00000257310,False,0.0,0.0,0.0,0.0,NOT_IN_STRING,0.0,NOT_IN_STRING,False,0.0,False,0,"[""eye"", ""nerve"", ""retina""]",114,11370
ENSG00000257329,False,0.0,0.0,0.0,0.0,NOT_IN_STRING,0.0,NOT_IN_STRING,False,0.0,False,0,"[""eye"", ""nerve"", ""retina""]",114,11370
ENSG00000257398,False,0.0,0.0,0.0,0.0,NOT_IN_STRING,0.0,NOT_IN_STRING,False,0.0,False,0,"[""eye"", ""nerve"", ""retina""]",114,11370
ENSG00000257452,False,0.0,0.0,0.0,0.0,NOT_IN_STRING,0.0,NOT_IN_STRING,False,0.0,False,0,"[""eye"", ""nerve"", ""retina""]",114,11370
ENSG00000257493,False,0.0,0.0,0.0,0.0,NOT_IN_STRING,0.0,NOT_IN_STRING,False,0.0,False,0,"[""eye"", ""nerve"", ""retina""]",114,11370
ENSG00000257496,False,0.0,0.0,0.0,0.0,NOT_IN_STRING,0.0,NOT_IN_STRING,False,0.0,False,0,"[""eye"", ""nerve"", ""retina""]",114,11370
ENSG00000257522,False,0.0,0.0,0.0,0.0,NOT_IN_STRING,0.0,NOT_IN_STRING,False,0.0,False,0,"[""eye"", ""nerve"", ""retina""]",114,11370
ENSG00000254919,False,0.0,0.0,0.0,0.0,NOT_IN_STRING,0.0,NOT_IN_STRING,False,0.0,False,0,"[""eye"", ""nerve"", ""retina""]",114,11370
ENSG00000257644,False,0.0,0.0,0.0,0.0,NOT_IN_STRING,0.0,NOT_IN_STRING,False,0.0,False,0,"[""eye"", ""nerve"", ""retina""]",114,11370
ENSG00000257657,False,0.0,0.0,0.0,0.0,NOT_IN_STRING,0.0,NOT_IN_STRING,False,0.0,False,0,"[""eye"", ""nerve"", ""retina""]",114,11370
ENSG00000257751,False,0.0,0.0,0.0,0.0,NOT_IN_STRING,0.0,NOT_IN_STRING,False,0.0,False,0,"[""eye"", ""nerve"", ""retina""]",114,11370
ENSG00000257764,False,0.0,0.0,0.0,0.0,NOT_IN_STRING,0.0,NOT_IN_STRING,False,0.0,False,0,"[""eye"", ""nerve"", ""retina""]",114,11370
ENSG00000257829,False,0.0,0.0,0.0,0.0,NOT_IN_STRING,0.0,NOT_IN_STRING,False,0.0,False,0,"[""eye"", ""nerve"", ""retina""]",114,11370
ENSG00000257849,False,0.0,0.0,0.0,0.0,NOT_IN_STRING,0.0,NOT_IN_STRING,False,0.0,False,0,"[""eye"", ""nerve"", ""retina""]",114,11370
ENSG00000257997,False,0.0,0.0,0.0,0.0,NOT_IN_STRING,0.0,NOT_IN_STRING,False,0.0,False,0,"[""eye"", ""nerve"", ""retina""]",114,11370
ENSG00000258084,False,0.0,0.0,0.0,0.0,NOT_IN_STRING,0.0,NOT_IN_STRING,False,0.0,False,0,"[""eye"", ""nerve"", ""retina""]",114,11370
ENSG00000258091,False,0.0,0.0,0.0,0.0,NOT_IN_STRING,0.0,NOT_IN_STRING,False,0.0,False,0,"[""eye"", ""nerve"", ""retina""]",114,11370
ENSG00000258235,False,0.0,0.0,0.0,0.0,NOT_IN_STRING,0.0,NOT_IN_STRING,False,0.0,False,0,"[""eye"", ""nerve"", ""retina""]",114,11370
ENSG00000258273,False,0.0,0.0,0.0,0.0,NOT_IN_STRING,0.0,NOT_IN_STRING,False,0.0,False,0,"[""eye"", ""nerve"", ""retina""]",114,11370
ENSG00000258294,False,0.0,0.0,0.0,0.0,NOT_IN_STRING,0.0,NOT_IN_STRING,False,0.0,False,0,"[""eye"", ""nerve"", ""retina""]",114,11370
ENSG00000258364,False,0.0,0.0,0.0,0.0,NOT_IN_STRING,0.0,NOT_IN_STRING,False,0.0,False,0,"[""eye"", ""nerve"", ""retina""]",114,11370
ENSG00000258379,False,0.0,0.0,0.0,0.0,NOT_IN_STRING,0.0,NOT_IN_STRING,False,0.0,False,0,"[""eye"", ""nerve"", ""retina""]",114,11370
ENSG00000257548,False,0.0,0.0,0.0,0.0,NOT_IN_STRING,0.0,NOT_IN_STRING,False,0.0,False,0,"[""eye"", ""nerve"", ""retina""]",114,11370
ENSG00000254989,False,0.0,0.0,0.0,0.0,NOT_IN_STRING,0.0,NOT_IN_STRING,False,0.0,False,0,"[""eye"", ""nerve"", ""retina""]",114,11370
ENSG00000254991,False,0.0,0.0,0.0,0.0,NOT_IN_STRING,0.0,NOT_IN_STRING,False,0.0,False,0,"[""eye"", ""nerve"", ""retina""]",114,11370
ENSG00000255094,False,0.0,0.0,0.0,0.0,NOT_IN_STRING,0.0,NOT_IN_STRING,False,0.0,False,0,"[""eye"", ""nerve"", ""retina""]",114,11370
ENSG00000255122,False,0.0,0.0,0.0,0.0,NOT_IN_STRING,0.0,NOT_IN_STRING,False,0.0,False,0,"[""eye"", ""nerve"", ""retina""]",114,11370
ENSG00000255139,False,0.0,0.0,0.0,0.0,NOT_IN_STRING,0.0,NOT_IN_STRING,False,0.0,False,0,"[""eye"", ""nerve"", ""retina""]",114,11370
ENSG00000255143,False,0.0,0.0,0.0,0.0,NOT_IN_STRING,0.0,NOT_IN_STRING,False,0.0,False,0,"[""eye"", ""nerve"", ""retina""]",114,11370
ENSG00000255170,False,0.0,0.0,0.0,0.0,NOT_IN_STRING,0.0,NOT_IN_STRING,False,0.0,False,0,"[""eye"", ""nerve"", ""retina""]",114,11370
ENSG00000255246,False,0.0,0.0,0.0,0.0,NOT_IN_STRING,0.0,NOT_IN_STRING,False,0.0,False,0,"[""eye"", ""nerve"", ""retina""]",114,11370
ENSG00000255266,False,0.0,0.0,0.0,0.0,NOT_IN_STRING,0.0,NOT_IN_STRING,False,0.0,False,0,"[""eye"", ""nerve"", ""retina""]",114,11370
ENSG00000255313,False,0.0,0.0,0.0,0.0,NOT_IN_STRING,0.0,NOT_IN_STRING,False,0.0,False,0,"[""eye"", ""nerve"", ""retina""]",114,11370
ENSG00000255413,False,0.0,0.0,0.0,0.0,NOT_IN_STRING,0.0,NOT_IN_STRING,False,0.0,False,0,"[""eye"", ""nerve"", ""retina""]",114,11370
ENSG00000255447,False,0.0,0.0,0.0,0.0,NOT_IN_STRING,0.0,NOT_IN_STRING,False,0.0,False,0,"[""eye"", ""nerve"", ""retina""]",114,11370
ENSG00000255463,False,0.0,0.0,0.0,0.0,NOT_IN_STRING,0.0,NOT_IN_STRING,False,0.0,False,0,"[""eye"", ""nerve"", ""retina""]",114,11370
ENSG00000255467,False,0.0,0.0,0.0,0.0,NOT_IN_STRING,0.0,NOT_IN_STRING,False,0.0,False,0,"[""eye"", ""nerve"", ""retina""]",114,11370
ENSG00000256975,False,0.0,0.0,0.0,0.0,NOT_IN_STRING,0.0,NOT_IN_STRING,False,0.0,False,0,"[""eye"", ""nerve"", ""retina""]",114,11370
ENSG00000255558,False,0.0,0.0,0.0,0.0,NOT_IN_STRING,0.0,NOT_IN_STRING,False,0.0,False,0,"[""eye"", ""nerve"", ""retina""]",114,11370
ENSG00000255790,False,0.0,0.0,0.0,0.0,NOT_IN_STRING,0.0,NOT_IN_STRING,False,0.0,False,0,"[""eye"", ""nerve"", ""retina""]",114,11370
ENSG00000255830,False,0.0,0.0,0.0,0.0,NOT_IN_STRING,0.0,NOT_IN_STRING,False,0.0,False,0,"[""eye"", ""nerve"", ""retina""]",114,11370
ENSG00000255946,False,0.0,0.0,0.0,0.0,NOT_IN_STRING,0.0,NOT_IN_STRING,False,0.0,False,0,"[""eye"", ""nerve"", ""retina""]",114,11370
ENSG00000256011,False,0.0,0.0,0.0,0.0,NOT_IN_STRING,0.0,NOT_IN_STRING,False,0.0,False,0,"[""eye"", ""nerve"", ""retina""]",114,11370
ENSG00000256148,False,0.0,0.0,0.0,0.0,NOT_IN_STRING,0.0,NOT_IN_STRING,False,0.0,False,0,"[""eye"", ""nerve"", ""retina""]",114,11370
ENSG00000256209,False,0.0,0.0,0.0,0.0,NOT_IN_STRING,0.0,NOT_IN_STRING,False,0.0,False,0,"[""eye"", ""nerve"", ""retina""]",114,11370
ENSG00000256258,False,0.0,0.0,0.0,0.0,NOT_IN_STRING,0.0,NOT_IN_STRING,False,0.0,False,0,"[""eye"", ""nerve"", ""retina""]",114,11370
ENSG00000256298,False,0.0,0.0,0.0,0.0,NOT_IN_STRING,0.0,NOT_IN_STRING,False,0.0,False,0,"[""eye"", ""nerve"", ""retina""]",114,11370
ENSG00000256357,False,0.0,0.0,0.0,0.0,NOT_IN_STRING,0.0,NOT_IN_STRING,False,0.0,False,0,"[""eye"", ""nerve"", ""retina""]",114,11370
ENSG00000256462,False,0.0,0.0,0.0,0.0,NOT_IN_STRING,0.0,NOT_IN_STRING,False,0.0,False,0,"[""eye"", ""nerve"", ""retina""]",114,11370
ENSG00000256591,False,0.0,0.0,0.0,0.0,NOT_IN_STRING,0.0,NOT_IN_STRING,False,0.0,False,0,"[""eye"", ""nerve"", ""retina""]",114,11370
ENSG00000256654,False,0.0,0.0,0.0,0.0,NOT_IN_STRING,0.0,NOT_IN_STRING,False,0.0,False,0,"[""eye"", ""nerve"", ""retina""]",114,11370
ENSG00000256734,False,0.0,0.0,0.0,0.0,NOT_IN_STRING,0.0,NOT_IN_STRING,False,0.0,False,0,"[""eye"", ""nerve"", ""retina""]",114,11370
ENSG00000255550,False,0.0,0.0,0.0,0.0,NOT_IN_STRING,0.0,NOT_IN_STRING,False,0.0,False,0,"[""eye"", ""nerve"", ""retina""]",114,11370
ENSG00000237153,False,0.0,0.0,0.0,0.0,NOT_IN_STRING,0.0,NOT_IN_STRING,False,0.0,False,0,"[""eye"", ""nerve"", ""retina""]",114,11370
ENSG00000237212,False,0.0,0.0,0.0,0.0,NOT_IN_STRING,0.0,NOT_IN_STRING,False,0.0,False,0,"[""eye"", ""nerve"", ""retina""]",114,11370
ENSG00000237299,False,0.0,0.0,0.0,0.0,NOT_IN_STRING,0.0,NOT_IN_STRING,False,0.0,False,0,"[""eye"", ""nerve"", ""retina""]",114,11370
ENSG00000237626,False,0.0,0.0,0.0,0.0,NOT_IN_STRING,0.0,NOT_IN_STRING,False,0.0,False,0,"[""eye"", ""nerve"", ""retina""]",114,11370
ENSG00000237669,False,0.0,0.0,0.0,0.0,NOT_IN_STRING,0.0,NOT_IN_STRING,False,0.0,False,0,"[""eye"", ""nerve"", ""retina""]",114,11370
ENSG00000237685,False,0.0,0.0,0.0,0.0,NOT_IN_STRING,0.0,NOT_IN_STRING,False,0.0,False,0,"[""eye"", ""nerve"", ""retina""]",114,11370
ENSG00000237783,False,0.0,0.0,0.0,0.0,NOT_IN_STRING,0.0,NOT_IN_STRING,False,0.0,False,0,"[""eye"", ""nerve"", ""retina""]",114,11370
ENSG00000237844,False,0.0,0.0,0.0,0.0,NOT_IN_STRING,0.0,NOT_IN_STRING,False,0.0,False,0,"[""eye"", ""nerve"", ""retina""]",114,11370
ENSG00000237955,False,0.0,0.0,0.0,0.0,NOT_IN_STRING,0.0,NOT_IN_STRING,False,0.0,False,0,"[""eye"", ""nerve"", ""retina""]",114,11370
ENSG00000237961,False,0.0,0.0,0.0,0.0,NOT_IN_STRING,0.0,NOT_IN_STRING,False,0.0,False,0,"[""eye"", ""nerve"", ""retina""]",114,11370
ENSG00000238108,False,0.0,0.0,0.0,0.0,NOT_IN_STRING,0.0,NOT_IN_STRING,False,0.0,False,0,"[""eye"", ""nerve"", ""retina""]",114,11370
ENSG00000238129,False,0.0,0.0,0.0,0.0,NOT_IN_STRING,0.0,NOT_IN_STRING,False,0.0,False,0,"[""eye"", ""nerve"", ""retina""]",114,11370
ENSG00000238207,False,0.0,0.0,0.0,0.0,NOT_IN_STRING,0.0,NOT_IN_STRING,False,0.0,False,0,"[""eye"", ""nerve"", ""retina""]",114,11370
ENSG00000250694,False,0.0,0.0,0.0,0.0,NOT_IN_STRING,0.0,NOT_IN_STRING,False,0.0,False,0,"[""eye"", ""nerve"", ""retina""]",114,11370
ENSG00000238270,False,0.0,0.0,0.0,0.0,NOT_IN_STRING,0.0,NOT_IN_STRING,False,0.0,False,0,"[""eye"", ""nerve"", ""retina""]",114,11370
ENSG00000238272,False,0.0,0.0,0.0,0.0,NOT_IN_STRING,0.0,NOT_IN_STRING,False,0.0,False,0,"[""eye"", ""nerve"", ""retina""]",114,11370
ENSG00000239344,False,0.0,0.0,0.0,0.0,NOT_IN_STRING,0.0,NOT_IN_STRING,False,0.0,False,0,"[""eye"", ""nerve"", ""retina""]",114,11370
ENSG00000239986,False,0.0,0.0,0.0,0.0,NOT_IN_STRING,0.0,NOT_IN_STRING,False,0.0,False,0,"[""eye"", ""nerve"", ""retina""]",114,11370
ENSG00000240015,False,0.0,0.0,0.0,0.0,NOT_IN_STRING,0.0,NOT_IN_STRING,False,0.0,False,0,"[""eye"", ""nerve"", ""retina""]",114,11370
ENSG00000240197,False,0.0,0.0,0.0,0.0,NOT_IN_STRING,0.0,NOT_IN_STRING,False,0.0,False,0,"[""eye"", ""nerve"", ""retina""]",114,11370
ENSG00000240499,False,0.0,0.0,0.0,0.0,NOT_IN_STRING,0.0,NOT_IN_STRING,False,0.0,False,0,"[""eye"", ""nerve"", ""retina""]",114,11370
ENSG00000240634,False,0.0,0.0,0.0,0.0,NOT_IN_STRING,0.0,NOT_IN_STRING,False,0.0,False,0,"[""eye"", ""nerve"", ""retina""]",114,11370
ENSG00000240687,False,0.0,0.0,0.0,0.0,NOT_IN_STRING,0.0,NOT_IN_STRING,False,0.0,False,0,"[""eye"", ""nerve"", ""retina""]",114,11370
ENSG00000240888,False,0.0,0.0,0.0,0.0,NOT_IN_STRING,0.0,NOT_IN_STRING,False,0.0,False,0,"[""eye"", ""nerve"", ""retina""]",114,11370
ENSG00000241183,False,0.0,0.0,0.0,0.0,NOT_IN_STRING,0.0,NOT_IN_STRING,False,0.0,False,0,"[""eye"", ""nerve"", ""retina""]",114,11370
ENSG00000241493,False,0.0,0.0,0.0,0.0,NOT_IN_STRING,0.0,NOT_IN_STRING,False,0.0,False,0,"[""eye"", ""nerve"", ""retina""]",114,11370
ENSG00000242009,False,0.0,0.0,0.0,0.0,NOT_IN_STRING,0.0,NOT_IN_STRING,False,0.0,False,0,"[""eye"", ""nerve"", ""retina""]",114,11370
ENSG00000242072,False,0.0,0.0,0.0,0.0,NOT_IN_STRING,0.0,NOT_IN_STRING,False,0.0,False,0,"[""eye"", ""nerve"", ""retina""]",114,11370
ENSG00000238220,False,0.0,0.0,0.0,0.0,NOT_IN_STRING,0.0,NOT_IN_STRING,False,0.0,False,0,"[""eye"", ""nerve"", ""retina""]",114,11370
ENSG00000233359,False,0.0,0.0,0.0,0.0,NOT_IN_STRING,0.0,NOT_IN_STRING,False,0.0,False,0,"[""eye"", ""nerve"", ""retina""]",114,11370
ENSG00000233365,False,0.0,0.0,0.0,0.0,NOT_IN_STRING,0.0,NOT_IN_STRING,False,0.0,False,0,"[""eye"", ""nerve"", ""retina""]",114,11370
ENSG00000233393,False,0.0,0.0,0.0,0.0,NOT_IN_STRING,0.0,NOT_IN_STRING,False,0.0,False,0,"[""eye"", ""nerve"", ""retina""]",114,11370
ENSG00000233420,False,0.0,0.0,0.0,0.0,NOT_IN_STRING,0.0,NOT_IN_STRING,False,0.0,False,0,"[""eye"", ""nerve"", ""retina""]",114,11370
ENSG00000233689,False,0.0,0.0,0.0,0.0,NOT_IN_STRING,0.0,NOT_IN_STRING,False,0.0,False,0,"[""eye"", ""nerve"", ""retina""]",114,11370
ENSG00000233737,False,0.0,0.0,0.0,0.0,NOT_IN_STRING,0.0,NOT_IN_STRING,False,0.0,False,0,"[""eye"", ""nerve"", ""retina""]",114,11370
ENSG00000233739,False,0.0,0.0,0.0,0.0,NOT_IN_STRING,0.0,NOT_IN_STRING,False,0.0,False,0,"[""eye"", ""nerve"", ""retina""]",114,11370
ENSG00000233755,False,0.0,0.0,0.0,0.0,NOT_IN_STRING,0.0,NOT_IN_STRING,False,0.0,False,0,"[""eye"", ""nerve"", ""retina""]",114,11370
ENSG00000234208,False,0.0,0.0,0.0,0.0,NOT_IN_STRING,0.0,NOT_IN_STRING,False,0.0,False,0,"[""eye"", ""nerve"", ""retina""]",114,11370
ENSG00000234340,False,0.0,0.0,0.0,0.0,NOT_IN_STRING,0.0,NOT_IN_STRING,False,0.0,False,0,"[""eye"", ""nerve"", ""retina""]",114,11370
ENSG00000234352,False,0.0,0.0,0.0,0.0,NOT_IN_STRING,0.0,NOT_IN_STRING,False,0.0,False,0,"[""eye"", ""nerve"", ""retina""]",114,11370
ENSG00000234710,False,0.0,0.0,0.0,0.0,NOT_IN_STRING,0.0,NOT_IN_STRING,False,0.0,False,0,"[""eye"", ""nerve"", ""retina""]",114,11370
ENSG00000234863,False,0.0,0.0,0.0,0.0,NOT_IN_STRING,0.0,NOT_IN_STRING,False,0.0,False,0,"[""eye"", ""nerve"", ""retina""]",114,11370
ENSG00000235005,False,0.0,0.0,0.0,0.0,NOT_IN_STRING,0.0,NOT_IN_STRING,False,0.0,False,0,"[""eye"", ""nerve"", ""retina""]",114,11370
ENSG00000236838,False,0.0,0.0,0.0,0.0,NOT_IN_STRING,0.0,NOT_IN_STRING,False,0.0,False,0,"[""eye"", ""nerve"", ""retina""]",114,11370
ENSG00000235292,False,0.0,0.0,0.0,0.0,NOT_IN_STRING,0.0,NOT_IN_STRING,False,0.0,False,0,"[""eye"", ""nerve"", ""retina""]",114,11370
ENSG00000235296,False,0.0,0.0,0.0,0.0,NOT_IN_STRING,0.0,NOT_IN_STRING,False,0.0,False,0,"[""eye"", ""nerve"", ""retina""]",114,11370
ENSG00000235494,False,0.0,0.0,0.0,0.0,NOT_IN_STRING,0.0,NOT_IN_STRING,False,0.0,False,0,"[""eye"", ""nerve"", ""retina""]",114,11370
ENSG00000235495,False,0.0,0.0,0.0,0.0,NOT_IN_STRING,0.0,NOT_IN_STRING,False,0.0,False,0,"[""eye"", ""nerve"", ""retina""]",114,11370
ENSG00000235743,False,0.0,0.0,0.0,0.0,NOT_IN_STRING,0.0,NOT_IN_STRING,False,0.0,False,0,"[""eye"", ""nerve"", ""retina""]",114,11370
ENSG00000235843,False,0.0,0.0,0.0,0.0,NOT_IN_STRING,0.0,NOT_IN_STRING,False,0.0,False,0,"[""eye"", ""nerve"", ""retina""]",114,11370
ENSG00000236114,False,0.0,0.0,0.0,0.0,NOT_IN_STRING,0.0,NOT_IN_STRING,False,0.0,False,0,"[""eye"", ""nerve"", ""retina""]",114,11370
ENSG00000236140,False,0.0,0.0,0.0,0.0,NOT_IN_STRING,0.0,NOT_IN_STRING,False,0.0,False,0,"[""eye"", ""nerve"", ""retina""]",114,11370
ENSG00000236230,False,0.0,0.0,0.0,0.0,NOT_IN_STRING,0.0,NOT_IN_STRING,False,0.0,False,0,"[""eye"", ""nerve"", ""retina""]",114,11370
ENSG00000236283,False,0.0,0.0,0.0,0.0,NOT_IN_STRING,0.0,NOT_IN_STRING,False,0.0,False,0,"[""eye"", ""nerve"", ""retina""]",114,11370
ENSG00000236457,False,0.0,0.0,0.0,0.0,NOT_IN_STRING,0.0,NOT_IN_STRING,False,0.0,False,0,"[""eye"", ""nerve"", ""retina""]",114,11370
ENSG00000236461,False,0.0,0.0,0.0,0.0,NOT_IN_STRING,0.0,NOT_IN_STRING,False,0.0,False,0,"[""eye"", ""nerve"", ""retina""]",114,11370
ENSG00000236540,False,0.0,0.0,0.0,0.0,NOT_IN_STRING,0.0,NOT_IN_STRING,False,0.0,False,0,"[""eye"", ""nerve"", ""retina""]",114,11370
ENSG00000236817,False,0.0,0.0,0.0,0.0,NOT_IN_STRING,0.0,NOT_IN_STRING,False,0.0,False,0,"[""eye"", ""nerve"", ""retina""]",114,11370
ENSG00000235122,False,0.0,0.0,0.0,0.0,NOT_IN_STRING,0.0,NOT_IN_STRING,False,0.0,False,0,"[""eye"", ""nerve"", ""retina""]",114,11370
ENSG00000248884,False,0.0,0.0,0.0,0.0,NOT_IN_STRING,0.0,NOT_IN_STRING,False,0.0,False,0,"[""eye"", ""nerve"", ""retina""]",114,11370
ENSG00000248965,False,0.0,0.0,0.0,0.0,NOT_IN_STRING,0.0,NOT_IN_STRING,False,0.0,False,0,"[""eye"", ""nerve"", ""retina""]",114,11370
ENSG00000249049,False,0.0,0.0,0.0,0.0,NOT_IN_STRING,0.0,NOT_IN_STRING,False,0.0,False,0,"[""eye"", ""nerve"", ""retina""]",114,11370
ENSG00000249079,False,0.0,0.0,0.0,0.0,NOT_IN_STRING,0.0,NOT_IN_STRING,False,0.0,False,0,"[""eye"", ""nerve"", ""retina""]",114,11370
ENSG00000249207,False,0.0,0.0,0.0,0.0,NOT_IN_STRING,0.0,NOT_IN_STRING,False,0.0,False,0,"[""eye"", ""nerve"", ""retina""]",114,11370
ENSG00000249334,False,0.0,0.0,0.0,0.0,NOT_IN_STRING,0.0,NOT_IN_STRING,False,0.0,False,0,"[""eye"", ""nerve"", ""retina""]",114,11370
ENSG00000249392,False,0.0,0.0,0.0,0.0,NOT_IN_STRING,0.0,NOT_IN_STRING,False,0.0,False,0,"[""eye"", ""nerve"", ""retina""]",114,11370
ENSG00000249416,False,0.0,0.0,0.0,0.0,NOT_IN_STRING,0.0,NOT_IN_STRING,False,0.0,False,0,"[""eye"", ""nerve"", ""retina""]",114,11370
ENSG00000249435,False,0.0,0.0,0.0,0.0,NOT_IN_STRING,0.0,NOT_IN_STRING,False,0.0,False,0,"[""eye"", ""nerve"", ""retina""]",114,11370
ENSG00000249547,False,0.0,0.0,0.0,0.0,NOT_IN_STRING,0.0,NOT_IN_STRING,False,0.0,False,0,"[""eye"", ""nerve"", ""retina""]",114,11370
ENSG00000249562,False,0.0,0.0,0.0,0.0,NOT_IN_STRING,0.0,NOT_IN_STRING,False,0.0,False,0,"[""eye"", ""nerve"", ""retina""]",114,11370
ENSG00000249639,False,0.0,0.0,0.0,0.0,NOT_IN_STRING,0.0,NOT_IN_STRING,False,0.0,False,0,"[""eye"", ""nerve"", ""retina""]",114,11370
ENSG00000249753,False,0.0,0.0,0.0,0.0,NOT_IN_STRING,0.0,NOT_IN_STRING,False,0.0,False,0,"[""eye"", ""nerve"", ""retina""]",114,11370
ENSG00000249776,False,0.0,0.0,0.0,0.0,NOT_IN_STRING,0.0,NOT_IN_STRING,False,0.0,False,0,"[""eye"", ""nerve"", ""retina""]",114,11370
ENSG00000242154,False,0.0,0.0,0.0,0.0,NOT_IN_STRING,0.0,NOT_IN_STRING,False,0.0,False,0,"[""eye"", ""nerve"", ""retina""]",114,11370
ENSG00000249849,False,0.0,0.0,0.0,0.0,NOT_IN_STRING,0.0,NOT_IN_STRING,False,0.0,False,0,"[""eye"", ""nerve"", ""retina""]",114,11370
ENSG00000249856,False,0.0,0.0,0.0,0.0,NOT_IN_STRING,0.0,NOT_IN_STRING,False,0.0,False,0,"[""eye"", ""nerve"", ""retina""]",114,11370
ENSG00000249881,False,0.0,0.0,0.0,0.0,NOT_IN_STRING,0.0,NOT_IN_STRING,False,0.0,False,0,"[""eye"", ""nerve"", ""retina""]",114,11370
ENSG00000249892,False,0.0,0.0,0.0,0.0,NOT_IN_STRING,0.0,NOT_IN_STRING,False,0.0,False,0,"[""eye"", ""nerve"", ""retina""]",114,11370
ENSG00000249942,False,0.0,0.0,0.0,0.0,NOT_IN_STRING,0.0,NOT_IN_STRING,False,0.0,False,0,"[""eye"", ""nerve"", ""retina""]",114,11370
ENSG00000250074,False,0.0,0.0,0.0,0.0,NOT_IN_STRING,0.0,NOT_IN_STRING,False,0.0,False,0,"[""eye"", ""nerve"", ""retina""]",114,11370
ENSG00000250195,False,0.0,0.0,0.0,0.0,NOT_IN_STRING,0.0,NOT_IN_STRING,False,0.0,False,0,"[""eye"", ""nerve"", ""retina""]",114,11370
ENSG00000250390,False,0.0,0.0,0.0,0.0,NOT_IN_STRING,0.0,NOT_IN_STRING,False,0.0,False,0,"[""eye"", ""nerve"", ""retina""]",114,11370
ENSG00000250421,False,0.0,0.0,0.0,0.0,NOT_IN_STRING,0.0,NOT_IN_STRING,False,0.0,False,0,"[""eye"", ""nerve"", ""retina""]",114,11370
ENSG00000250519,False,0.0,0.0,0.0,0.0,NOT_IN_STRING,0.0,NOT_IN_STRING,False,0.0,False,0,"[""eye"", ""nerve"", ""retina""]",114,11370
ENSG00000250573,False,0.0,0.0,0.0,0.0,NOT_IN_STRING,0.0,NOT_IN_STRING,False,0.0,False,0,"[""eye"", ""nerve"", ""retina""]",114,11370
ENSG00000250602,False,0.0,0.0,0.0,0.0,NOT_IN_STRING,0.0,NOT_IN_STRING,False,0.0,False,0,"[""eye"", ""nerve"", ""retina""]",114,11370
ENSG00000250603,False,0.0,0.0,0.0,0.0,NOT_IN_STRING,0.0,NOT_IN_STRING,False,0.0,False,0,"[""eye"", ""nerve"", ""retina""]",114,11370
ENSG00000250619,False,0.0,0.0,0.0,0.0,NOT_IN_STRING,0.0,NOT_IN_STRING,False,0.0,False,0,"[""eye"", ""nerve"", ""retina""]",114,11370
ENSG00000249782,False,0.0,0.0,0.0,0.0,NOT_IN_STRING,0.0,NOT_IN_STRING,False,0.0,False,0,"[""eye"", ""nerve"", ""retina""]",114,11370
ENSG00000242163,False,0.0,0.0,0.0,0.0,NOT_IN_STRING,0.0,NOT_IN_STRING,False,0.0,False,0,"[""eye"", ""nerve"", ""retina""]",114,11370
ENSG00000242545,False,0.0,0.0,0.0,0.0,NOT_IN_STRING,0.0,NOT_IN_STRING,False,0.0,False,0,"[""eye"", ""nerve"", ""retina""]",114,11370
ENSG00000242880,False,0.0,0.0,0.0,0.0,NOT_IN_STRING,0.0,NOT_IN_STRING,False,0.0,False,0,"[""eye"", ""nerve"", ""retina""]",114,11370
ENSG00000243008,False,0.0,0.0,0.0,0.0,NOT_IN_STRING,0.0,NOT_IN_STRING,False,0.0,False,0,"[""eye"", ""nerve"", ""retina""]",114,11370
ENSG00000243024,False,0.0,0.0,0.0,0.0,NOT_IN_STRING,0.0,NOT_IN_STRING,False,0.0,False,0,"[""eye"", ""nerve"", ""retina""]",114,11370
ENSG00000243243,False,0.0,0.0,0.0,0.0,NOT_IN_STRING,0.0,NOT_IN_STRING,False,0.0,False,0,"[""eye"", ""nerve"", ""retina""]",114,11370
ENSG00000243276,False,0.0,0.0,0.0,0.0,NOT_IN_STRING,0.0,NOT_IN_STRING,False,0.0,False,0,"[""eye"", ""nerve"", ""retina""]",114,11370
ENSG00000243296,False,0.0,0.0,0.0,0.0,NOT_IN_STRING,0.0,NOT_IN_STRING,False,0.0,False,0,"[""eye"", ""nerve"", ""retina""]",114,11370
ENSG00000243389,False,0.0,0.0,0.0,0.0,NOT_IN_STRING,0.0,NOT_IN_STRING,False,0.0,False,0,"[""eye"", ""nerve"", ""retina""]",114,11370
ENSG00000243829,False,0.0,0.0,0.0,0.0,NOT_IN_STRING,0.0,NOT_IN_STRING,False,0.0,False,0,"[""eye"", ""nerve"", ""retina""]",114,11370
ENSG00000246250,False,0.0,0.0,0.0,0.0,NOT_IN_STRING,0.0,NOT_IN_STRING,False,0.0,False,0,"[""eye"", ""nerve"", ""retina""]",114,11370
ENSG00000247925,False,0.0,0.0,0.0,0.0,NOT_IN_STRING,0.0,NOT_IN_STRING,False,0.0,False,0,"[""eye"", ""nerve"", ""retina""]",114,11370
ENSG00000247970,False,0.0,0.0,0.0,0.0,NOT_IN_STRING,0.0,NOT_IN_STRING,False,0.0,False,0,"[""eye"", ""nerve"", ""retina""]",114,11370
ENSG00000248125,False,0.0,0.0,0.0,0.0,NOT_IN_STRING,0.0,NOT_IN_STRING,False,0.0,False,0,"[""eye"", ""nerve"", ""retina""]",114,11370
ENSG00000248763,False,0.0,0.0,0.0,0.0,NOT_IN_STRING,0.0,NOT_IN_STRING,False,0.0,False,0,"[""eye"", ""nerve"", ""retina""]",114,11370
ENSG00000248138,False,0.0,0.0,0.0,0.0,NOT_IN_STRING,0.0,NOT_IN_STRING,False,0.0,False,0,"[""eye"", ""nerve"", ""retina""]",114,11370
ENSG00000248172,False,0.0,0.0,0.0,0.0,NOT_IN_STRING,0.0,NOT_IN_STRING,False,0.0,False,0,"[""eye"", ""nerve"", ""retina""]",114,11370
ENSG00000248305,False,0.0,0.0,0.0,0.0,NOT_IN_STRING,0.0,NOT_IN_STRING,False,0.0,False,0,"[""eye"", ""nerve"", ""retina""]",114,11370
ENSG00000248347,False,0.0,0.0,0.0,0.0,NOT_IN_STRING,0.0,NOT_IN_STRING,False,0.0,False,0,"[""eye"", ""nerve"", ""retina""]",114,11370
ENSG00000248387,False,0.0,0.0,0.0,0.0,NOT_IN_STRING,0.0,NOT_IN_STRING,False,0.0,False,0,"[""eye"", ""nerve"", ""retina""]",114,11370
ENSG00000248426,False,0.0,0.0,0.0,0.0,NOT_IN_STRING,0.0,NOT_IN_STRING,False,0.0,False,0,"[""eye"", ""nerve"", ""retina""]",114,11370
ENSG00000248431,False,0.0,0.0,0.0,0.0,NOT_IN_STRING,0.0,NOT_IN_STRING,False,0.0,False,0,"[""eye"", ""nerve"", ""retina""]",114,11370
ENSG00000248475,False,0.0,0.0,0.0,0.0,NOT_IN_STRING,0.0,NOT_IN_STRING,False,0.0,False,0,"[""eye"", ""nerve"", ""retina""]",114,11370
ENSG00000248551,False,0.0,0.0,0.0,0.0,NOT_IN_STRING,0.0,NOT_IN_STRING,False,0.0,False,0,"[""eye"", ""nerve"", ""retina""]",114,11370
ENSG00000248601,False,0.0,0.0,0.0,0.0,NOT_IN_STRING,0.0,NOT_IN_STRING,False,0.0,False,0,"[""eye"", ""nerve"", ""retina""]",114,11370
ENSG00000248605,False,0.0,0.0,0.0,0.0,NOT_IN_STRING,0.0,NOT_IN_STRING,False,0.0,False,0,"[""eye"", ""nerve"", ""retina""]",114,11370
ENSG00000248645,False,0.0,0.0,0.0,0.0,NOT_IN_STRING,0.0,NOT_IN_STRING,False,0.0,False,0,"[""eye"", ""nerve"", ""retina""]",114,11370
ENSG00000248733,False,0.0,0.0,0.0,0.0,NOT_IN_STRING,0.0,NOT_IN_STRING,False,0.0,False,0,"[""eye"", ""nerve"", ""retina""]",114,11370
ENSG00000248758,False,0.0,0.0,0.0,0.0,NOT_IN_STRING,0.0,NOT_IN_STRING,False,0.0,False,0,"[""eye"", ""nerve"", ""retina""]",114,11370
ENSG00000248137,False,0.0,0.0,0.0,0.0,NOT_IN_STRING,0.0,NOT_IN_STRING,False,0.0,False,0,"[""eye"", ""nerve"", ""retina""]",114,11370
ENSG00000231482,False,0.0,0.0,0.0,0.0,NOT_IN_STRING,0.0,NOT_IN_STRING,False,0.0,False,0,"[""eye"", ""nerve"", ""retina""]",114,11370
ENSG00000233891,False,0.0,0.0,0.0,0.0,NOT_IN_STRING,0.0,NOT_IN_STRING,False,0.0,False,0,"[""eye"", ""nerve"", ""retina""]",114,11370
ENSG00000234464,False,0.0,0.0,0.0,0.0,NOT_IN_STRING,0.0,NOT_IN_STRING,False,0.0,False,0,"[""eye"", ""nerve"", ""retina""]",114,11370
ENSG00000235281,False,0.0,0.0,0.0,0.0,NOT_IN_STRING,0.0,NOT_IN_STRING,False,0.0,False,0,"[""eye"", ""nerve"", ""retina""]",114,11370
ENSG00000235415,False,0.0,0.0,0.0,0.0,NOT_IN_STRING,0.0,NOT_IN_STRING,False,0.0,False,0,"[""eye"", ""nerve"", ""retina""]",114,11370
ENSG00000237720,False,0.0,0.0,0.0,0.0,NOT_IN_STRING,0.0,NOT_IN_STRING,False,0.0,False,0,"[""eye"", ""nerve"", ""retina""]",114,11370
ENSG00000237735,False,0.0,0.0,0.0,0.0,NOT_IN_STRING,0.0,NOT_IN_STRING,False,0.0,False,0,"[""eye"", ""nerve"", ""retina""]",114,11370
ENSG00000242553,False,0.0,0.0,0.0,0.0,NOT_IN_STRING,0.0,NOT_IN_STRING,False,0.0,False,0,"[""eye"", ""nerve"", ""retina""]",114,11370
ENSG00000248112,False,0.0,0.0,0.0,0.0,NOT_IN_STRING,0.0,NOT_IN_STRING,False,0.0,False,0,"[""eye"", ""nerve"", ""retina""]",114,11370
ENSG00000248515,False,0.0,0.0,0.0,0.0,NOT_IN_STRING,0.0,NOT_IN_STRING,False,0.0,False,0,"[""eye"", ""nerve"", ""retina""]",114,11370
ENSG00000248744,False,0.0,0.0,0.0,0.0,NOT_IN_STRING,0.0,NOT_IN_STRING,False,0.0,False,0,"[""eye"", ""nerve"", ""retina""]",114,11370
ENSG00000248783,False,0.0,0.0,0.0,0.0,NOT_IN_STRING,0.0,NOT_IN_STRING,False,0.0,False,0,"[""eye"", ""nerve"", ""retina""]",114,11370
ENSG00000250049,False,0.0,0.0,0.0,0.0,NOT_IN_STRING,0.0,NOT_IN_STRING,False,0.0,False,0,"[""eye"", ""nerve"", ""retina""]",114,11370
ASS1P1,False,0.0,0.0,0.0,0.0,NOT_IN_STRING,0.0,NOT_IN_STRING,False,0.0,False,0,"[""eye"", ""nerve"", ""retina""]",114,11370
ENSG00000250954,False,0.0,0.0,0.0,0.0,NOT_IN_STRING,0.0,NOT_IN_STRING,False,0.0,False,0,"[""eye"", ""nerve"", ""retina""]",114,11370
ENSG00000251598,False,0.0,0.0,0.0,0.0,NOT_IN_STRING,0.0,NOT_IN_STRING,False,0.0,False,0,"[""eye"", ""nerve"", ""retina""]",114,11370
ENSG00000253496,False,0.0,0.0,0.0,0.0,NOT_IN_STRING,0.0,NOT_IN_STRING,False,0.0,False,0,"[""eye"", ""nerve"", ""retina""]",114,11370
ENSG00000253500,False,0.0,0.0,0.0,0.0,NOT_IN_STRING,0.0,NOT_IN_STRING,False,0.0,False,0,"[""eye"", ""nerve"", ""retina""]",114,11370
ENSG00000253693,False,0.0,0.0,0.0,0.0,NOT_IN_STRING,0.0,NOT_IN_STRING,False,0.0,False,0,"[""eye"", ""nerve"", ""retina""]",114,11370
ENSG00000253880,False,0.0,0.0,0.0,0.0,NOT_IN_STRING,0.0,NOT_IN_STRING,False,0.0,False,0,"[""eye"", ""nerve"", ""retina""]",114,11370
ENSG00000255367,False,0.0,0.0,0.0,0.0,NOT_IN_STRING,0.0,NOT_IN_STRING,False,0.0,False,0,"[""eye"", ""nerve"", ""retina""]",114,11370
ENSG00000255750,False,0.0,0.0,0.0,0.0,NOT_IN_STRING,0.0,NOT_IN_STRING,False,0.0,False,0,"[""eye"", ""nerve"", ""retina""]",114,11370
ENSG00000256417,False,0.0,0.0,0.0,0.0,NOT_IN_STRING,0.0,NOT_IN_STRING,False,0.0,False,0,"[""eye"", ""nerve"", ""retina""]",114,11370
ENSG00000257735,False,0.0,0.0,0.0,0.0,NOT_IN_STRING,0.0,NOT_IN_STRING,False,0.0,False,0,"[""eye"", ""nerve"", ""retina""]",114,11370
ENSG00000258394,False,0.0,0.0,0.0,0.0,NOT_IN_STRING,0.0,NOT_IN_STRING,False,0.0,False,0,"[""eye"", ""nerve"", ""retina""]",114,11370
ENSG00000258702,False,0.0,0.0,0.0,0.0,NOT_IN_STRING,0.0,NOT_IN_STRING,False,0.0,False,0,"[""eye"", ""nerve"", ""retina""]",114,11370
ENSG00000258744,False,0.0,0.0,0.0,0.0,NOT_IN_STRING,0.0,NOT_IN_STRING,False,0.0,False,0,"[""eye"", ""nerve"", ""retina""]",114,11370
ENSG00000258747,False,0.0,0.0,0.0,0.0,NOT_IN_STRING,0.0,NOT_IN_STRING,False,0.0,False,0,"[""eye"", ""nerve"", ""retina""]",114,11370
ENSG00000250126,False,0.0,0.0,0.0,0.0,NOT_IN_STRING,0.0,NOT_IN_STRING,False,0.0,False,0,"[""eye"", ""nerve"", ""retina""]",114,11370
B3GALT5-AS1,False,0.0,0.0,0.0,0.0,NOT_IN_STRING,0.0,NOT_IN_STRING,False,0.0,False,0,"[""eye"", ""nerve"", ""retina""]",114,11370
BTG1-DT,False,0.0,0.0,0.0,0.0,NOT_IN_STRING,0.0,NOT_IN_STRING,False,0.0,False,0,"[""eye"", ""nerve"", ""retina""]",114,11370
CACNG2-DT,False,0.0,0.0,0.0,0.0,NOT_IN_STRING,0.0,NOT_IN_STRING,False,0.0,False,0,"[""eye"", ""nerve"", ""retina""]",114,11370
CFAP20DC-DT,False,0.0,0.0,0.0,0.0,NOT_IN_STRING,0.0,NOT_IN_STRING,False,0.0,False,0,"[""eye"", ""nerve"", ""retina""]",114,11370
COX10-DT,False,0.0,0.0,0.0,0.0,NOT_IN_STRING,0.0,NOT_IN_STRING,False,0.0,False,0,"[""eye"", ""nerve"", ""retina""]",114,11370
CRAT37,False,0.0,0.0,0.0,0.0,NOT_IN_STRING,0.0,NOT_IN_STRING,False,0.0,False,0,"[""eye"", ""nerve"", ""retina""]",114,11370
CYYR1-AS1,False,0.0,0.0,0.0,0.0,NOT_IN_STRING,0.0,NOT_IN_STRING,False,0.0,False,0,"[""eye"", ""nerve"", ""retina""]",114,11370
DELEC1,False,0.0,0.0,0.0,0.0,NOT_IN_STRING,0.0,NOT_IN_STRING,False,0.0,False,0,"[""eye"", ""nerve"", ""retina""]",114,11370
DLEU1,False,0.0,0.0,0.0,0.0,NOT_IN_STRING,0.0,NOT_IN_STRING,False,0.0,False,0,"[""eye"", ""nerve"", ""retina""]",114,11370
DPH6-DT,False,0.0,0.0,0.0,0.0,NOT_IN_STRING,0.0,NOT_IN_STRING,False,0.0,False,0,"[""eye"", ""nerve"", ""retina""]",114,11370
DRAIC,False,0.0,0.0,0.0,0.0,NOT_IN_STRING,0.0,NOT_IN_STRING,False,0.0,False,0,"[""eye"", ""nerve"", ""retina""]",114,11370
DUXAP8,False,0.0,0.0,0.0,0.0,NOT_IN_STRING,0.0,NOT_IN_STRING,False,0.0,False,0,"[""eye"", ""nerve"", ""retina""]",114,11370
DYNLRB2-AS1,False,0.0,0.0,0.0,0.0,NOT_IN_STRING,0.0,NOT_IN_STRING,False,0.0,False,0,"[""eye"", ""nerve"", ""retina""]",114,11370
ENSG00000188897,False,0.0,0.0,0.0,0.0,NOT_IN_STRING,0.0,NOT_IN_STRING,False,0.0,False,0,"[""eye"", ""nerve"", ""retina""]",114,11370
ENSG00000231392,False,0.0,0.0,0.0,0.0,NOT_IN_STRING,0.0,NOT_IN_STRING,False,0.0,False,0,"[""eye"", ""nerve"", ""retina""]",114,11370
ENSG00000222042,False,0.0,0.0,0.0,0.0,NOT_IN_STRING,0.0,NOT_IN_STRING,False,0.0,False,0,"[""eye"", ""nerve"", ""retina""]",114,11370
ENSG00000223563,False,0.0,0.0,0.0,0.0,NOT_IN_STRING,0.0,NOT_IN_STRING,False,0.0,False,0,"[""eye"", ""nerve"", ""retina""]",114,11370
ENSG00000223727,False,0.0,0.0,0.0,0.0,NOT_IN_STRING,0.0,NOT_IN_STRING,False,0.0,False,0,"[""eye"", ""nerve"", ""retina""]",114,11370
ENSG00000225096,False,0.0,0.0,0.0,0.0,NOT_IN_STRING,0.0,NOT_IN_STRING,False,0.0,False,0,"[""eye"", ""nerve"", ""retina""]",114,11370
ENSG00000226160,False,0.0,0.0,0.0,0.0,NOT_IN_STRING,0.0,NOT_IN_STRING,False,0.0,False,0,"[""eye"", ""nerve"", ""retina""]",114,11370
ENSG00000226426,False,0.0,0.0,0.0,0.0,NOT_IN_STRING,0.0,NOT_IN_STRING,False,0.0,False,0,"[""eye"", ""nerve"", ""retina""]",114,11370
ENSG00000229425,False,0.0,0.0,0.0,0.0,NOT_IN_STRING,0.0,NOT_IN_STRING,False,0.0,False,0,"[""eye"", ""nerve"", ""retina""]",114,11370
ENSG00000229588,False,0.0,0.0,0.0,0.0,NOT_IN_STRING,0.0,NOT_IN_STRING,False,0.0,False,0,"[""eye"", ""nerve"", ""retina""]",114,11370
ENSG00000229642,False,0.0,0.0,0.0,0.0,NOT_IN_STRING,0.0,NOT_IN_STRING,False,0.0,False,0,"[""eye"", ""nerve"", ""retina""]",114,11370
ENSG00000229855,False,0.0,0.0,0.0,0.0,NOT_IN_STRING,0.0,NOT_IN_STRING,False,0.0,False,0,"[""eye"", ""nerve"", ""retina""]",114,11370
ENSG00000230010,False,0.0,0.0,0.0,0.0,NOT_IN_STRING,0.0,NOT_IN_STRING,False,0.0,False,0,"[""eye"", ""nerve"", ""retina""]",114,11370
ENSG00000230471,False,0.0,0.0,0.0,0.0,NOT_IN_STRING,0.0,NOT_IN_STRING,False,0.0,False,0,"[""eye"", ""nerve"", ""retina""]",114,11370
ENSG00000230490,False,0.0,0.0,0.0,0.0,NOT_IN_STRING,0.0,NOT_IN_STRING,False,0.0,False,0,"[""eye"", ""nerve"", ""retina""]",114,11370
ENSG00000230947,False,0.0,0.0,0.0,0.0,NOT_IN_STRING,0.0,NOT_IN_STRING,False,0.0,False,0,"[""eye"", ""nerve"", ""retina""]",114,11370
ENSG00000197585,False,0.0,0.0,0.0,0.0,NOT_IN_STRING,0.0,NOT_IN_STRING,False,0.0,False,0,"[""eye"", ""nerve"", ""retina""]",114,11370
ENSG00000286886,False,0.0,0.0,0.0,0.0,NOT_IN_STRING,0.0,NOT_IN_STRING,False,0.0,False,0,"[""eye"", ""nerve"", ""retina""]",114,11370
ENSG00000287042,False,0.0,0.0,0.0,0.0,NOT_IN_STRING,0.0,NOT_IN_STRING,False,0.0,False,0,"[""eye"", ""nerve"", ""retina""]",114,11370
ENSG00000287097,False,0.0,0.0,0.0,0.0,NOT_IN_STRING,0.0,NOT_IN_STRING,False,0.0,False,0,"[""eye"", ""nerve"", ""retina""]",114,11370
ENSG00000287117,False,0.0,0.0,0.0,0.0,NOT_IN_STRING,0.0,NOT_IN_STRING,False,0.0,False,0,"[""eye"", ""nerve"", ""retina""]",114,11370
ENSG00000287292,False,0.0,0.0,0.0,0.0,NOT_IN_STRING,0.0,NOT_IN_STRING,False,0.0,False,0,"[""eye"", ""nerve"", ""retina""]",114,11370
ENSG00000287478,False,0.0,0.0,0.0,0.0,NOT_IN_STRING,0.0,NOT_IN_STRING,False,0.0,False,0,"[""eye"", ""nerve"", ""retina""]",114,11370
ENSG00000287488,False,0.0,0.0,0.0,0.0,NOT_IN_STRING,0.0,NOT_IN_STRING,False,0.0,False,0,"[""eye"", ""nerve"", ""retina""]",114,11370
ENSG00000287693,False,0.0,0.0,0.0,0.0,NOT_IN_STRING,0.0,NOT_IN_STRING,False,0.0,False,0,"[""eye"", ""nerve"", ""retina""]",114,11370
ENSG00000287722,False,0.0,0.0,0.0,0.0,NOT_IN_STRING,0.0,NOT_IN_STRING,False,0.0,False,0,"[""eye"", ""nerve"", ""retina""]",114,11370
ENSG00000287838,False,0.0,0.0,0.0,0.0,NOT_IN_STRING,0.0,NOT_IN_STRING,False,0.0,False,0,"[""eye"", ""nerve"", ""retina""]",114,11370
ENSG00000287876,False,0.0,0.0,0.0,0.0,NOT_IN_STRING,0.0,NOT_IN_STRING,False,0.0,False,0,"[""eye"", ""nerve"", ""retina""]",114,11370
ENSG00000287907,False,0.0,0.0,0.0,0.0,NOT_IN_STRING,0.0,NOT_IN_STRING,False,0.0,False,0,"[""eye"", ""nerve"", ""retina""]",114,11370
ENSG00000287916,False,0.0,0.0,0.0,0.0,NOT_IN_STRING,0.0,NOT_IN_STRING,False,0.0,False,0,"[""eye"", ""nerve"", ""retina""]",114,11370
ENSG00000259033,False,0.0,0.0,0.0,0.0,NOT_IN_STRING,0.0,NOT_IN_STRING,False,0.0,False,0,"[""eye"", ""nerve"", ""retina""]",114,11370
ENSG00000288715,False,0.0,0.0,0.0,0.0,NOT_IN_STRING,0.0,NOT_IN_STRING,False,0.0,False,0,"[""eye"", ""nerve"", ""retina""]",114,11370
ENSG00000288731,False,0.0,0.0,0.0,0.0,NOT_IN_STRING,0.0,NOT_IN_STRING,False,0.0,False,0,"[""eye"", ""nerve"", ""retina""]",114,11370
ENSG00000288902,False,0.0,0.0,0.0,0.0,NOT_IN_STRING,0.0,NOT_IN_STRING,False,0.0,False,0,"[""eye"", ""nerve"", ""retina""]",114,11370
ENSG00000289095,False,0.0,0.0,0.0,0.0,NOT_IN_STRING,0.0,NOT_IN_STRING,False,0.0,False,0,"[""eye"", ""nerve"", ""retina""]",114,11370
ENSG00000289349,False,0.0,0.0,0.0,0.0,NOT_IN_STRING,0.0,NOT_IN_STRING,False,0.0,False,0,"[""eye"", ""nerve"", ""retina""]",114,11370
ENSG00000289423,False,0.0,0.0,0.0,0.0,NOT_IN_STRING,0.0,NOT_IN_STRING,False,0.0,False,0,"[""eye"", ""nerve"", ""retina""]",114,11370
ENSG00000289569,False,0.0,0.0,0.0,0.0,NOT_IN_STRING,0.0,NOT_IN_STRING,False,0.0,False,0,"[""eye"", ""nerve"", ""retina""]",114,11370
ENSG00000289873,False,0.0,0.0,0.0,0.0,NOT_IN_STRING,0.0,NOT_IN_STRING,False,0.0,False,0,"[""eye"", ""nerve"", ""retina""]",114,11370
ENSG00000290199,False,0.0,0.0,0.0,0.0,NOT_IN_STRING,0.0,NOT_IN_STRING,False,0.0,False,0,"[""eye"", ""nerve"", ""retina""]",114,11370
ENSG00000290410,False,0.0,0.0,0.0,0.0,NOT_IN_STRING,0.0,NOT_IN_STRING,False,0.0,False,0,"[""eye"", ""nerve"", ""retina""]",114,11370
ENSG00000290581,False,0.0,0.0,0.0,0.0,NOT_IN_STRING,0.0,NOT_IN_STRING,False,0.0,False,0,"[""eye"", ""nerve"", ""retina""]",114,11370
ENSG00000290938,False,0.0,0.0,0.0,0.0,NOT_IN_STRING,0.0,NOT_IN_STRING,False,0.0,False,0,"[""eye"", ""nerve"", ""retina""]",114,11370
ENSG00000290957,False,0.0,0.0,0.0,0.0,NOT_IN_STRING,0.0,NOT_IN_STRING,False,0.0,False,0,"[""eye"", ""nerve"", ""retina""]",114,11370
ENSG00000290990,False,0.0,0.0,0.0,0.0,NOT_IN_STRING,0.0,NOT_IN_STRING,False,0.0,False,0,"[""eye"", ""nerve"", ""retina""]",114,11370
ENSG00000287923,False,0.0,0.0,0.0,0.0,NOT_IN_STRING,0.0,NOT_IN_STRING,False,0.0,False,0,"[""eye"", ""nerve"", ""retina""]",114,11370
ENSG00000259124,False,0.0,0.0,0.0,0.0,NOT_IN_STRING,0.0,NOT_IN_STRING,False,0.0,False,0,"[""eye"", ""nerve"", ""retina""]",114,11370
ENSG00000259675,False,0.0,0.0,0.0,0.0,NOT_IN_STRING,0.0,NOT_IN_STRING,False,0.0,False,0,"[""eye"", ""nerve"", ""retina""]",114,11370
ENSG00000259712,False,0.0,0.0,0.0,0.0,NOT_IN_STRING,0.0,NOT_IN_STRING,False,0.0,False,0,"[""eye"", ""nerve"", ""retina""]",114,11370
ENSG00000259846,False,0.0,0.0,0.0,0.0,NOT_IN_STRING,0.0,NOT_IN_STRING,False,0.0,False,0,"[""eye"", ""nerve"", ""retina""]",114,11370
ENSG00000260599,False,0.0,0.0,0.0,0.0,NOT_IN_STRING,0.0,NOT_IN_STRING,False,0.0,False,0,"[""eye"", ""nerve"", ""retina""]",114,11370
ENSG00000261161,False,0.0,0.0,0.0,0.0,NOT_IN_STRING,0.0,NOT_IN_STRING,False,0.0,False,0,"[""eye"", ""nerve"", ""retina""]",114,11370
ENSG00000261172,False,0.0,0.0,0.0,0.0,NOT_IN_STRING,0.0,NOT_IN_STRING,False,0.0,False,0,"[""eye"", ""nerve"", ""retina""]",114,11370
ENSG00000263594,False,0.0,0.0,0.0,0.0,NOT_IN_STRING,0.0,NOT_IN_STRING,False,0.0,False,0,"[""eye"", ""nerve"", ""retina""]",114,11370
ENSG00000263745,False,0.0,0.0,0.0,0.0,NOT_IN_STRING,0.0,NOT_IN_STRING,False,0.0,False,0,"[""eye"", ""nerve"", ""retina""]",114,11370
ENSG00000264196,False,0.0,0.0,0.0,0.0,NOT_IN_STRING,0.0,NOT_IN_STRING,False,0.0,False,0,"[""eye"", ""nerve"", ""retina""]",114,11370
ENSG00000267175,False,0.0,0.0,0.0,0.0,NOT_IN_STRING,0.0,NOT_IN_STRING,False,0.0,False,0,"[""eye"", ""nerve"", ""retina""]",114,11370
ENSG00000267286,False,0.0,0.0,0.0,0.0,NOT_IN_STRING,0.0,NOT_IN_STRING,False,0.0,False,0,"[""eye"", ""nerve"", ""retina""]",114,11370
ENSG00000268278,False,0.0,0.0,0.0,0.0,NOT_IN_STRING,0.0,NOT_IN_STRING,False,0.0,False,0,"[""eye"", ""nerve"", ""retina""]",114,11370
ENSG00000269043,False,0.0,0.0,0.0,0.0,NOT_IN_STRING,0.0,NOT_IN_STRING,False,0.0,False,0,"[""eye"", ""nerve"", ""retina""]",114,11370
ENSG00000286877,False,0.0,0.0,0.0,0.0,NOT_IN_STRING,0.0,NOT_IN_STRING,False,0.0,False,0,"[""eye"", ""nerve"", ""retina""]",114,11370
ENSG00000275649,False,0.0,0.0,0.0,0.0,NOT_IN_STRING,0.0,NOT_IN_STRING,False,0.0,False,0,"[""eye"", ""nerve"", ""retina""]",114,11370
ENSG00000278106,False,0.0,0.0,0.0,0.0,NOT_IN_STRING,0.0,NOT_IN_STRING,False,0.0,False,0,"[""eye"", ""nerve"", ""retina""]",114,11370
ENSG00000279973,False,0.0,0.0,0.0,0.0,NOT_IN_STRING,0.0,NOT_IN_STRING,False,0.0,False,0,"[""eye"", ""nerve"", ""retina""]",114,11370
ENSG00000280043,False,0.0,0.0,0.0,0.0,NOT_IN_STRING,0.0,NOT_IN_STRING,False,0.0,False,0,"[""eye"", ""nerve"", ""retina""]",114,11370
ENSG00000280171,False,0.0,0.0,0.0,0.0,NOT_IN_STRING,0.0,NOT_IN_STRING,False,0.0,False,0,"[""eye"", ""nerve"", ""retina""]",114,11370
ENSG00000283674,False,0.0,0.0,0.0,0.0,NOT_IN_STRING,0.0,NOT_IN_STRING,False,0.0,False,0,"[""eye"", ""nerve"", ""retina""]",114,11370
ENSG00000284823,False,0.0,0.0,0.0,0.0,NOT_IN_STRING,0.0,NOT_IN_STRING,False,0.0,False,0,"[""eye"", ""nerve"", ""retina""]",114,11370
ENSG00000285567,False,0.0,0.0,0.0,0.0,NOT_IN_STRING,0.0,NOT_IN_STRING,False,0.0,False,0,"[""eye"", ""nerve"", ""retina""]",114,11370
ENSG00000285755,False,0.0,0.0,0.0,0.0,NOT_IN_STRING,0.0,NOT_IN_STRING,False,0.0,False,0,"[""eye"", ""nerve"", ""retina""]",114,11370
ENSG00000285939,False,0.0,0.0,0.0,0.0,NOT_IN_STRING,0.0,NOT_IN_STRING,False,0.0,False,0,"[""eye"", ""nerve"", ""retina""]",114,11370
ENSG00000286044,False,0.0,0.0,0.0,0.0,NOT_IN_STRING,0.0,NOT_IN_STRING,False,0.0,False,0,"[""eye"", ""nerve"", ""retina""]",114,11370
ENSG00000286277,False,0.0,0.0,0.0,0.0,NOT_IN_STRING,0.0,NOT_IN_STRING,False,0.0,False,0,"[""eye"", ""nerve"", ""retina""]",114,11370
ENSG00000286533,False,0.0,0.0,0.0,0.0,NOT_IN_STRING,0.0,NOT_IN_STRING,False,0.0,False,0,"[""eye"", ""nerve"", ""retina""]",114,11370
ENSG00000286548,False,0.0,0.0,0.0,0.0,NOT_IN_STRING,0.0,NOT_IN_STRING,False,0.0,False,0,"[""eye"", ""nerve"", ""retina""]",114,11370
ENSG00000275465,False,0.0,0.0,0.0,0.0,NOT_IN_STRING,0.0,NOT_IN_STRING,False,0.0,False,0,"[""eye"", ""nerve"", ""retina""]",114,11370
ENSG00000301473,False,0.0,0.0,0.0,0.0,NOT_IN_STRING,0.0,NOT_IN_STRING,False,0.0,False,0,"[""eye"", ""nerve"", ""retina""]",114,11370
ENSG00000303016,False,0.0,0.0,0.0,0.0,NOT_IN_STRING,0.0,NOT_IN_STRING,False,0.0,False,0,"[""eye"", ""nerve"", ""retina""]",114,11370
EPIC1,False,0.0,0.0,0.0,0.0,NOT_IN_STRING,0.0,NOT_IN_STRING,False,0.0,False,0,"[""eye"", ""nerve"", ""retina""]",114,11370
GUSBP5,False,0.0,0.0,0.0,0.0,NOT_IN_STRING,0.0,NOT_IN_STRING,False,0.0,False,0,"[""eye"", ""nerve"", ""retina""]",114,11370
LINC00402,False,0.0,0.0,0.0,0.0,NOT_IN_STRING,0.0,NOT_IN_STRING,False,0.0,False,0,"[""eye"", ""nerve"", ""retina""]",114,11370
LINC00907,False,0.0,0.0,0.0,0.0,NOT_IN_STRING,0.0,NOT_IN_STRING,False,0.0,False,0,"[""eye"", ""nerve"", ""retina""]",114,11370
LINC02645,False,0.0,0.0,0.0,0.0,NOT_IN_STRING,0.0,NOT_IN_STRING,False,0.0,False,0,"[""eye"", ""nerve"", ""retina""]",114,11370
LINC03138,False,0.0,0.0,0.0,0.0,NOT_IN_STRING,0.0,NOT_IN_STRING,False,0.0,False,0,"[""eye"", ""nerve"", ""retina""]",114,11370
PARAIL,False,0.0,0.0,0.0,0.0,NOT_IN_STRING,0.0,NOT_IN_STRING,False,0.0,False,0,"[""eye"", ""nerve"", ""retina""]",114,11370
SNAP25-AS1,False,0.0,0.0,0.0,0.0,NOT_IN_STRING,0.0,NOT_IN_STRING,False,0.0,False,0,"[""eye"", ""nerve"", ""retina""]",114,11370
TEKT4P2,False,0.0,0.0,0.0,0.0,NOT_IN_STRING,0.0,NOT_IN_STRING,False,0.0,False,0,"[""eye"", ""nerve"", ""retina""]",114,11370
5_8S_rRNA,False,0.0,0.0,0.0,0.0,NOT_IN_STRING,0.0,NOT_IN_STRING,False,0.0,True,1,"[""eye"", ""nerve"", ""retina""]",114,11370
ABCC13,False,0.0,0.0,0.0,0.0,NOT_IN_STRING,0.0,NOT_IN_STRING,False,0.0,False,0,"[""eye"", ""nerve"", ""retina""]",114,11370
ATP8B1-AS1,False,0.0,0.0,0.0,0.0,NOT_IN_STRING,0.0,NOT_IN_STRING,False,0.0,False,0,"[""eye"", ""nerve"", ""retina""]",114,11370
DLEU2,False,0.0,0.0,0.0,0.0,NOT_IN_STRING,0.0,NOT_IN_STRING,False,0.0,False,0,"[""eye"", ""nerve"", ""retina""]",114,11370
ENSG00000227148,False,0.0,0.0,0.0,0.0,NOT_IN_STRING,0.0,NOT_IN_STRING,False,0.0,False,0,"[""eye"", ""nerve"", ""retina""]",114,11370
ENSG00000228566,False,0.0,0.0,0.0,0.0,NOT_IN_STRING,0.0,NOT_IN_STRING,False,0.0,False,0,"[""eye"", ""nerve"", ""retina""]",114,11370
ENSG00000230074,False,0.0,0.0,0.0,0.0,NOT_IN_STRING,0.0,NOT_IN_STRING,False,0.0,False,0,"[""eye"", ""nerve"", ""retina""]",114,11370
ENSG00000234261,False,0.0,0.0,0.0,0.0,NOT_IN_STRING,0.0,NOT_IN_STRING,False,0.0,False,0,"[""eye"", ""nerve"", ""retina""]",114,11370
ENSG00000237312,False,0.0,0.0,0.0,0.0,NOT_IN_STRING,0.0,NOT_IN_STRING,False,0.0,False,0,"[""eye"", ""nerve"", ""retina""]",114,11370
ENSG00000237527,False,0.0,0.0,0.0,0.0,NOT_IN_STRING,0.0,NOT_IN_STRING,False,0.0,False,0,"[""eye"", ""nerve"", ""retina""]",114,11370
ENSG00000245768,False,0.0,0.0,0.0,0.0,NOT_IN_STRING,0.0,NOT_IN_STRING,False,0.0,False,0,"[""eye"", ""nerve"", ""retina""]",114,11370
ENSG00000248752,False,0.0,0.0,0.0,0.0,NOT_IN_STRING,0.0,NOT_IN_STRING,False,0.0,False,0,"[""eye"", ""nerve"", ""retina""]",114,11370
ENSG00000254394,False,0.0,0.0,0.0,0.0,NOT_IN_STRING,0.0,NOT_IN_STRING,False,0.0,False,0,"[""eye"", ""nerve"", ""retina""]",114,11370
ENSG00000259345,False,0.0,0.0,0.0,0.0,NOT_IN_STRING,0.0,NOT_IN_STRING,False,0.0,False,0,"[""eye"", ""nerve"", ""retina""]",114,11370
ENSG00000259560,False,0.0,0.0,0.0,0.0,NOT_IN_STRING,0.0,NOT_IN_STRING,False,0.0,False,0,"[""eye"", ""nerve"", ""retina""]",114,11370
ENSG00000259925,False,0.0,0.0,0.0,0.0,NOT_IN_STRING,0.0,NOT_IN_STRING,False,0.0,False,0,"[""eye"", ""nerve"", ""retina""]",114,11370
ENSG00000260223,False,0.0,0.0,0.0,0.0,NOT_IN_STRING,0.0,NOT_IN_STRING,False,0.0,False,0,"[""eye"", ""nerve"", ""retina""]",114,11370
ANKRD20A11P,False,0.0,0.0,0.0,0.0,NOT_IN_STRING,0.0,NOT_IN_STRING,False,0.0,False,0,"[""eye"", ""nerve"", ""retina""]",114,11370
DCHS2-AS1,False,0.0,0.0,0.0,0.0,NOT_IN_STRING,0.0,NOT_IN_STRING,False,0.0,False,0,"[""eye"", ""nerve"", ""retina""]",114,11370
Y_RNA,False,0.0,0.0,0.0,0.0,NOT_IN_STRING,0.0,NOT_IN_STRING,False,0.0,False,0,"[""eye"", ""nerve"", ""retina""]",114,11370
LINC03218,False,0.0,0.0,0.0,0.0,NOT_IN_STRING,0.0,NOT_IN_STRING,False,0.0,False,0,"[""eye"", ""nerve"", ""retina""]",114,11370
TTC6,False,0.0,0.0,0.0,0.0,NOT_IN_STRING,0.0,NOT_IN_STRING,False,0.0,False,0,"[""eye"", ""nerve"", ""retina""]",114,11370
ENSG00000287801,False,0.0,0.0,0.0,0.0,NOT_IN_STRING,0.0,NOT_IN_STRING,False,0.0,False,0,"[""eye"", ""nerve"", ""retina""]",114,11370
DSEL-AS1,False,0.0,0.0,0.0,0.0,NOT_IN_STRING,0.0,NOT_IN_STRING,False,0.0,False,0,"[""eye"", ""nerve"", ""retina""]",114,11370
ENSG00000259199,False,0.0,0.0,0.0,0.0,NOT_IN_STRING,0.0,NOT_IN_STRING,False,0.0,False,0,"[""eye"", ""nerve"", ""retina""]",114,11370
ENSG00000297112,False,0.0,0.0,0.0,0.0,NOT_IN_STRING,0.0,NOT_IN_STRING,False,0.0,False,0,"[""eye"", ""nerve"", ""retina""]",114,11370
LINC01667,False,0.0,0.0,0.0,0.0,NOT_IN_STRING,0.0,NOT_IN_STRING,False,0.0,False,0,"[""eye"", ""nerve"", ""retina""]",114,11370
MIR99AHG,False,0.0,0.0,0.0,0.0,NOT_IN_STRING,0.0,NOT_IN_STRING,False,0.0,False,0,"[""eye"", ""nerve"", ""retina""]",114,11370
B3GNTL1,False,0.0,0.0,0.0,0.0,NOT_IN_STRING,0.0,NOT_IN_STRING,False,0.0,False,0,"[""eye"", ""nerve"", ""retina""]",114,11370
C16orf74,False,0.0,0.0,0.0,0.0,NOT_IN_STRING,0.0,NOT_IN_STRING,False,0.0,False,0,"[""eye"", ""nerve"", ""retina""]",114,11370
CBR3-AS1,False,0.0,0.0,0.0,0.0,NOT_IN_STRING,0.0,NOT_IN_STRING,False,0.0,False,0,"[""eye"", ""nerve"", ""retina""]",114,11370
ENSG00000290523,False,0.0,0.0,0.0,0.0,NOT_IN_STRING,0.0,NOT_IN_STRING,False,0.0,False,0,"[""eye"", ""nerve"", ""retina""]",114,11370
ENSG00000298316,False,0.0,0.0,0.0,0.0,NOT_IN_STRING,0.0,NOT_IN_STRING,False,0.0,False,0,"[""eye"", ""nerve"", ""retina""]",114,11370
HES2,False,0.0,0.0,0.0,0.0,NOT_IN_STRING,0.0,NOT_IN_STRING,False,0.0,False,0,"[""eye"", ""nerve"", ""retina""]",114,11370
LDHB,False,0.0,0.0,0.0,0.0,NOT_IN_STRING,0.0,NOT_IN_STRING,False,0.0,True,1,"[""eye"", ""nerve"", ""retina""]",114,11370
LINC00923,False,0.0,0.0,0.0,0.0,NOT_IN_STRING,0.0,NOT_IN_STRING,False,0.0,False,0,"[""eye"", ""nerve"", ""retina""]",114,11370
LINC02055,False,0.0,0.0,0.0,0.0,NOT_IN_STRING,0.0,NOT_IN_STRING,False,0.0,False,0,"[""eye"", ""nerve"", ""retina""]",114,11370
Metazoa_SRP,False,0.0,0.0,0.0,0.0,NOT_IN_STRING,0.0,NOT_IN_STRING,False,0.0,False,0,"[""eye"", ""nerve"", ""retina""]",114,11370
OBI1-AS1,False,0.0,0.0,0.0,0.0,NOT_IN_STRING,0.0,NOT_IN_STRING,False,0.0,False,0,"[""eye"", ""nerve"", ""retina""]",114,11370
C19orf84,False,0.0,0.0,0.0,0.0,NOT_IN_STRING,0.0,NOT_IN_STRING,False,0.0,False,0,"[""eye"", ""nerve"", ""retina""]",114,11370
CYP4F35P,False,0.0,0.0,0.0,0.0,NOT_IN_STRING,0.0,NOT_IN_STRING,False,0.0,False,0,"[""eye"", ""nerve"", ""retina""]",114,11370
DDHD1-DT,False,0.0,0.0,0.0,0.0,NOT_IN_STRING,0.0,NOT_IN_STRING,False,0.0,False,0,"[""eye"", ""nerve"", ""retina""]",114,11370
ENSG00000254186,False,0.0,0.0,0.0,0.0,NOT_IN_STRING,0.0,NOT_IN_STRING,False,0.0,False,0,"[""eye"", ""nerve"", ""retina""]",114,11370
ENSG00000258077,False,0.0,0.0,0.0,0.0,NOT_IN_STRING,0.0,NOT_IN_STRING,False,0.0,False,0,"[""eye"", ""nerve"", ""retina""]",114,11370
ENSG00000258526,False,0.0,0.0,0.0,0.0,NOT_IN_STRING,0.0,NOT_IN_STRING,False,0.0,False,0,"[""eye"", ""nerve"", ""retina""]",114,11370
ENSG00000290397,False,0.0,0.0,0.0,0.0,NOT_IN_STRING,0.0,NOT_IN_STRING,False,0.0,False,0,"[""eye"", ""nerve"", ""retina""]",114,11370
ENSG00000296937,False,0.0,0.0,0.0,0.0,NOT_IN_STRING,0.0,NOT_IN_STRING,False,0.0,False,0,"[""eye"", ""nerve"", ""retina""]",114,11370
ENSG00000297062,False,0.0,0.0,0.0,0.0,NOT_IN_STRING,0.0,NOT_IN_STRING,False,0.0,False,0,"[""eye"", ""nerve"", ""retina""]",114,11370
LINC01170,False,0.0,0.0,0.0,0.0,NOT_IN_STRING,0.0,NOT_IN_STRING,False,0.0,False,0,"[""eye"", ""nerve"", ""retina""]",114,11370
LINC01378,False,0.0,0.0,0.0,0.0,NOT_IN_STRING,0.0,NOT_IN_STRING,False,0.0,False,0,"[""eye"", ""nerve"", ""retina""]",114,11370
LINC01425,False,0.0,0.0,0.0,0.0,NOT_IN_STRING,0.0,NOT_IN_STRING,False,0.0,False,0,"[""eye"", ""nerve"", ""retina""]",114,11370
LINC01524,False,0.0,0.0,0.0,0.0,NOT_IN_STRING,0.0,NOT_IN_STRING,False,0.0,False,0,"[""eye"", ""nerve"", ""retina""]",114,11370
LINC01656,False,0.0,0.0,0.0,0.0,NOT_IN_STRING,0.0,NOT_IN_STRING,False,0.0,False,0,"[""eye"", ""nerve"", ""retina""]",114,11370
LINC01684,False,0.0,0.0,0.0,0.0,NOT_IN_STRING,0.0,NOT_IN_STRING,False,0.0,False,0,"[""eye"", ""nerve"", ""retina""]",114,11370
LINC02194,False,0.0,0.0,0.0,0.0,NOT_IN_STRING,0.0,NOT_IN_STRING,False,0.0,False,0,"[""eye"", ""nerve"", ""retina""]",114,11370
LINC02277,False,0.0,0.0,0.0,0.0,NOT_IN_STRING,0.0,NOT_IN_STRING,False,0.0,False,0,"[""eye"", ""nerve"", ""retina""]",114,11370
LINC02346,False,0.0,0.0,0.0,0.0,NOT_IN_STRING,0.0,NOT_IN_STRING,False,0.0,False,0,"[""eye"", ""nerve"", ""retina""]",114,11370
LINC02503,False,0.0,0.0,0.0,0.0,NOT_IN_STRING,0.0,NOT_IN_STRING,False,0.0,False,0,"[""eye"", ""nerve"", ""retina""]",114,11370
LINC02694,False,0.0,0.0,0.0,0.0,NOT_IN_STRING,0.0,NOT_IN_STRING,False,0.0,False,0,"[""eye"", ""nerve"", ""retina""]",114,11370
LINC02755,False,0.0,0.0,0.0,0.0,NOT_IN_STRING,0.0,NOT_IN_STRING,False,0.0,False,0,"[""eye"", ""nerve"", ""retina""]",114,11370
LINC02997,False,0.0,0.0,0.0,0.0,NOT_IN_STRING,0.0,NOT_IN_STRING,False,0.0,False,0,"[""eye"", ""nerve"", ""retina""]",114,11370
ENSG00000262879,False,0.0,0.0,0.0,0.0,NOT_IN_STRING,0.0,NOT_IN_STRING,False,0.0,False,0,"[""eye"", ""nerve"", ""retina""]",114,11370
MIATNB,False,0.0,0.0,0.0,0.0,NOT_IN_STRING,0.0,NOT_IN_STRING,False,0.0,False,0,"[""eye"", ""nerve"", ""retina""]",114,11370
MIR4300HG,False,0.0,0.0,0.0,0.0,NOT_IN_STRING,0.0,NOT_IN_STRING,False,0.0,False,0,"[""eye"", ""nerve"", ""retina""]",114,11370
MIR646HG,False,0.0,0.0,0.0,0.0,NOT_IN_STRING,0.0,NOT_IN_STRING,False,0.0,False,0,"[""eye"", ""nerve"", ""retina""]",114,11370
NPIPA9,False,0.0,0.0,0.0,0.0,NOT_IN_STRING,0.0,NOT_IN_STRING,False,0.0,True,1,"[""eye"", ""nerve"", ""retina""]",114,11370
PCAT1,False,0.0,0.0,0.0,0.0,NOT_IN_STRING,0.0,NOT_IN_STRING,False,0.0,False,0,"[""eye"", ""nerve"", ""retina""]",114,11370
POT1-AS1,False,0.0,0.0,0.0,0.0,NOT_IN_STRING,0.0,NOT_IN_STRING,False,0.0,False,0,"[""eye"", ""nerve"", ""retina""]",114,11370
PSMD7-DT,False,0.0,0.0,0.0,0.0,NOT_IN_STRING,0.0,NOT_IN_STRING,False,0.0,False,0,"[""eye"", ""nerve"", ""retina""]",114,11370
PWRN1,False,0.0,0.0,0.0,0.0,NOT_IN_STRING,0.0,NOT_IN_STRING,False,0.0,False,0,"[""eye"", ""nerve"", ""retina""]",114,11370
SLC38A4-AS1,False,0.0,0.0,0.0,0.0,NOT_IN_STRING,0.0,NOT_IN_STRING,False,0.0,False,0,"[""eye"", ""nerve"", ""retina""]",114,11370
VPS51P17,False,0.0,0.0,0.0,0.0,NOT_IN_STRING,0.0,NOT_IN_STRING,False,0.0,False,0,"[""eye"", ""nerve"", ""retina""]",114,11370
AGA-DT,False,0.0,0.0,0.0,0.0,NOT_IN_STRING,0.0,NOT_IN_STRING,False,0.0,False,0,"[""eye"", ""nerve"", ""retina""]",114,11370
ALDH1A3-AS1,False,0.0,0.0,0.0,0.0,NOT_IN_STRING,0.0,NOT_IN_STRING,False,0.0,False,0,"[""eye"", ""nerve"", ""retina""]",114,11370
ANKRD20A5P,False,0.0,0.0,0.0,0.0,NOT_IN_STRING,0.0,NOT_IN_STRING,False,0.0,False,0,"[""eye"", ""nerve"", ""retina""]",114,11370
ARHGEF18-AS1,False,0.0,0.0,0.0,0.0,NOT_IN_STRING,0.0,NOT_IN_STRING,False,0.0,False,0,"[""eye"", ""nerve"", ""retina""]",114,11370
LY86-AS1,False,0.0,0.0,0.0,0.0,NOT_IN_STRING,0.0,NOT_IN_STRING,False,0.0,False,0,"[""eye"", ""nerve"", ""retina""]",114,11370
ENSG00000265484,False,0.0,0.0,0.0,0.0,NOT_IN_STRING,0.0,NOT_IN_STRING,False,0.0,False,0,"[""eye"", ""nerve"", ""retina""]",114,11370
ENSG00000273550,False,0.0,0.0,0.0,0.0,NOT_IN_STRING,0.0,NOT_IN_STRING,False,0.0,False,0,"[""eye"", ""nerve"", ""retina""]",114,11370
ENSG00000287149,False,0.0,0.0,0.0,0.0,NOT_IN_STRING,0.0,NOT_IN_STRING,False,0.0,False,0,"[""eye"", ""nerve"", ""retina""]",114,11370
ENSG00000287699,False,0.0,0.0,0.0,0.0,NOT_IN_STRING,0.0,NOT_IN_STRING,False,0.0,False,0,"[""eye"", ""nerve"", ""retina""]",114,11370
ENSG00000287704,False,0.0,0.0,0.0,0.0,NOT_IN_STRING,0.0,NOT_IN_STRING,False,0.0,False,0,"[""eye"", ""nerve"", ""retina""]",114,11370
ENSG00000290606,False,0.0,0.0,0.0,0.0,NOT_IN_STRING,0.0,NOT_IN_STRING,False,0.0,False,0,"[""eye"", ""nerve"", ""retina""]",114,11370
ENSG00000291131,False,0.0,0.0,0.0,0.0,NOT_IN_STRING,0.0,NOT_IN_STRING,False,0.0,False,0,"[""eye"", ""nerve"", ""retina""]",114,11370
ENSG00000291209,False,0.0,0.0,0.0,0.0,NOT_IN_STRING,0.0,NOT_IN_STRING,False,0.0,False,0,"[""eye"", ""nerve"", ""retina""]",114,11370
ENSG00000293062,False,0.0,0.0,0.0,0.0,NOT_IN_STRING,0.0,NOT_IN_STRING,False,0.0,False,0,"[""eye"", ""nerve"", ""retina""]",114,11370
ENSG00000298396,False,0.0,0.0,0.0,0.0,NOT_IN_STRING,0.0,NOT_IN_STRING,False,0.0,False,0,"[""eye"", ""nerve"", ""retina""]",114,11370
ENSG00000298824,False,0.0,0.0,0.0,0.0,NOT_IN_STRING,0.0,NOT_IN_STRING,False,0.0,False,0,"[""eye"", ""nerve"", ""retina""]",114,11370
ENSG00000301496,False,0.0,0.0,0.0,0.0,NOT_IN_STRING,0.0,NOT_IN_STRING,False,0.0,False,0,"[""eye"", ""nerve"", ""retina""]",114,11370
ENSG00000303723,False,0.0,0.0,0.0,0.0,NOT_IN_STRING,0.0,NOT_IN_STRING,False,0.0,False,0,"[""eye"", ""nerve"", ""retina""]",114,11370
ENSG00000309000,False,0.0,0.0,0.0,0.0,NOT_IN_STRING,0.0,NOT_IN_STRING,False,0.0,False,0,"[""eye"", ""nerve"", ""retina""]",114,11370
LINC00393,False,0.0,0.0,0.0,0.0,NOT_IN_STRING,0.0,NOT_IN_STRING,False,0.0,False,0,"[""eye"", ""nerve"", ""retina""]",114,11370
ENSG00000310236,False,0.0,0.0,0.0,0.0,NOT_IN_STRING,0.0,NOT_IN_STRING,False,0.0,False,0,"[""eye"", ""nerve"", ""retina""]",114,11370
ENSG00000310300,False,0.0,0.0,0.0,0.0,NOT_IN_STRING,0.0,NOT_IN_STRING,False,0.0,False,0,"[""eye"", ""nerve"", ""retina""]",114,11370
ENSG00000310449,False,0.0,0.0,0.0,0.0,NOT_IN_STRING,0.0,NOT_IN_STRING,False,0.0,False,0,"[""eye"", ""nerve"", ""retina""]",114,11370
ENTPD3-AS1,False,0.0,0.0,0.0,0.0,NOT_IN_STRING,0.0,NOT_IN_STRING,False,0.0,False,0,"[""eye"", ""nerve"", ""retina""]",114,11370
EPCIP-AS1,False,0.0,0.0,0.0,0.0,NOT_IN_STRING,0.0,NOT_IN_STRING,False,0.0,False,0,"[""eye"", ""nerve"", ""retina""]",114,11370
FAM157C,False,0.0,0.0,0.0,0.0,NOT_IN_STRING,0.0,NOT_IN_STRING,False,0.0,False,0,"[""eye"", ""nerve"", ""retina""]",114,11370
FRG1DP,False,0.0,0.0,0.0,0.0,NOT_IN_STRING,0.0,NOT_IN_STRING,False,0.0,False,0,"[""eye"", ""nerve"", ""retina""]",114,11370
FRG1GP,False,0.0,0.0,0.0,0.0,NOT_IN_STRING,0.0,NOT_IN_STRING,False,0.0,False,0,"[""eye"", ""nerve"", ""retina""]",114,11370
FRG1HP,False,0.0,0.0,0.0,0.0,NOT_IN_STRING,0.0,NOT_IN_STRING,False,0.0,False,0,"[""eye"", ""nerve"", ""retina""]",114,11370
GPRC5D-AS1,False,0.0,0.0,0.0,0.0,NOT_IN_STRING,0.0,NOT_IN_STRING,False,0.0,False,0,"[""eye"", ""nerve"", ""retina""]",114,11370
GUSBP11,False,0.0,0.0,0.0,0.0,NOT_IN_STRING,0.0,NOT_IN_STRING,False,0.0,False,0,"[""eye"", ""nerve"", ""retina""]",114,11370
HULC,False,0.0,0.0,0.0,0.0,NOT_IN_STRING,0.0,NOT_IN_STRING,False,0.0,False,0,"[""eye"", ""nerve"", ""retina""]",114,11370
LINC00237,False,0.0,0.0,0.0,0.0,NOT_IN_STRING,0.0,NOT_IN_STRING,False,0.0,False,0,"[""eye"", ""nerve"", ""retina""]",114,11370
LINC00276,False,0.0,0.0,0.0,0.0,NOT_IN_STRING,0.0,NOT_IN_STRING,False,0.0,False,0,"[""eye"", ""nerve"", ""retina""]",114,11370
ENSG00000309878,False,0.0,0.0,0.0,0.0,NOT_IN_STRING,0.0,NOT_IN_STRING,False,0.0,False,0,"[""eye"", ""nerve"", ""retina""]",114,11370
LINC02291,False,0.0,0.0,0.0,0.0,NOT_IN_STRING,0.0,NOT_IN_STRING,False,0.0,False,0,"[""eye"", ""nerve"", ""retina""]",114,11370
LINC02350,False,0.0,0.0,0.0,0.0,NOT_IN_STRING,0.0,NOT_IN_STRING,False,0.0,False,0,"[""eye"", ""nerve"", ""retina""]",114,11370
LINC02415,False,0.0,0.0,0.0,0.0,NOT_IN_STRING,0.0,NOT_IN_STRING,False,0.0,False,0,"[""eye"", ""nerve"", ""retina""]",114,11370
LINC02448,False,0.0,0.0,0.0,0.0,NOT_IN_STRING,0.0,NOT_IN_STRING,False,0.0,False,0,"[""eye"", ""nerve"", ""retina""]",114,11370
LINC02449,False,0.0,0.0,0.0,0.0,NOT_IN_STRING,0.0,NOT_IN_STRING,False,0.0,False,0,"[""eye"", ""nerve"", ""retina""]",114,11370
LINC02510,False,0.0,0.0,0.0,0.0,NOT_IN_STRING,0.0,NOT_IN_STRING,False,0.0,False,0,"[""eye"", ""nerve"", ""retina""]",114,11370
LINC02511,False,0.0,0.0,0.0,0.0,NOT_IN_STRING,0.0,NOT_IN_STRING,False,0.0,False,0,"[""eye"", ""nerve"", ""retina""]",114,11370
LINC02573,False,0.0,0.0,0.0,0.0,NOT_IN_STRING,0.0,NOT_IN_STRING,False,0.0,False,0,"[""eye"", ""nerve"", ""retina""]",114,11370
LINC02625,False,0.0,0.0,0.0,0.0,NOT_IN_STRING,0.0,NOT_IN_STRING,False,0.0,False,0,"[""eye"", ""nerve"", ""retina""]",114,11370
LINC02712,False,0.0,0.0,0.0,0.0,NOT_IN_STRING,0.0,NOT_IN_STRING,False,0.0,False,0,"[""eye"", ""nerve"", ""retina""]",114,11370
LINC02741,False,0.0,0.0,0.0,0.0,NOT_IN_STRING,0.0,NOT_IN_STRING,False,0.0,False,0,"[""eye"", ""nerve"", ""retina""]",114,11370
LINC02750,False,0.0,0.0,0.0,0.0,NOT_IN_STRING,0.0,NOT_IN_STRING,False,0.0,False,0,"[""eye"", ""nerve"", ""retina""]",114,11370
LINC02822,False,0.0,0.0,0.0,0.0,NOT_IN_STRING,0.0,NOT_IN_STRING,False,0.0,False,0,"[""eye"", ""nerve"", ""retina""]",114,11370
ENSG00000291064,False,0.0,0.0,0.0,0.0,NOT_IN_STRING,0.0,NOT_IN_STRING,False,0.0,False,0,"[""eye"", ""nerve"", ""retina""]",114,11370
LINC02940,False,0.0,0.0,0.0,0.0,NOT_IN_STRING,0.0,NOT_IN_STRING,False,0.0,False,0,"[""eye"", ""nerve"", ""retina""]",114,11370
LINC02987,False,0.0,0.0,0.0,0.0,NOT_IN_STRING,0.0,NOT_IN_STRING,False,0.0,False,0,"[""eye"", ""nerve"", ""retina""]",114,11370
LINC03000,False,0.0,0.0,0.0,0.0,NOT_IN_STRING,0.0,NOT_IN_STRING,False,0.0,False,0,"[""eye"", ""nerve"", ""retina""]",114,11370
LINC03004,False,0.0,0.0,0.0,0.0,NOT_IN_STRING,0.0,NOT_IN_STRING,False,0.0,False,0,"[""eye"", ""nerve"", ""retina""]",114,11370
LINC03036,False,0.0,0.0,0.0,0.0,NOT_IN_STRING,0.0,NOT_IN_STRING,False,0.0,False,0,"[""eye"", ""nerve"", ""retina""]",114,11370
LINC03131,False,0.0,0.0,0.0,0.0,NOT_IN_STRING,0.0,NOT_IN_STRING,False,0.0,False,0,"[""eye"", ""nerve"", ""retina""]",114,11370
LIPE-AS1,False,0.0,0.0,0.0,0.0,NOT_IN_STRING,0.0,NOT_IN_STRING,False,0.0,False,0,"[""eye"", ""nerve"", ""retina""]",114,11370
LIX1-AS1,False,0.0,0.0,0.0,0.0,NOT_IN_STRING,0.0,NOT_IN_STRING,False,0.0,False,0,"[""eye"", ""nerve"", ""retina""]",114,11370
LMCD1-AS1,False,0.0,0.0,0.0,0.0,NOT_IN_STRING,0.0,NOT_IN_STRING,False,0.0,False,0,"[""eye"", ""nerve"", ""retina""]",114,11370
LUCAT1,False,0.0,0.0,0.0,0.0,NOT_IN_STRING,0.0,NOT_IN_STRING,False,0.0,False,0,"[""eye"", ""nerve"", ""retina""]",114,11370
MADCAM1-AS1,False,0.0,0.0,0.0,0.0,NOT_IN_STRING,0.0,NOT_IN_STRING,False,0.0,False,0,"[""eye"", ""nerve"", ""retina""]",114,11370
MGC27382,False,0.0,0.0,0.0,0.0,NOT_IN_STRING,0.0,NOT_IN_STRING,False,0.0,False,0,"[""eye"", ""nerve"", ""retina""]",114,11370
MGC4859,False,0.0,0.0,0.0,0.0,NOT_IN_STRING,0.0,NOT_IN_STRING,False,0.0,False,0,"[""eye"", ""nerve"", ""retina""]",114,11370
MIR548BAHG,False,0.0,0.0,0.0,0.0,NOT_IN_STRING,0.0,NOT_IN_STRING,False,0.0,False,0,"[""eye"", ""nerve"", ""retina""]",114,11370
LINC02855,False,0.0,0.0,0.0,0.0,NOT_IN_STRING,0.0,NOT_IN_STRING,False,0.0,False,0,"[""eye"", ""nerve"", ""retina""]",114,11370
LINC00937,False,0.0,0.0,0.0,0.0,NOT_IN_STRING,0.0,NOT_IN_STRING,False,0.0,False,0,"[""eye"", ""nerve"", ""retina""]",114,11370
LINC01094,False,0.0,0.0,0.0,0.0,NOT_IN_STRING,0.0,NOT_IN_STRING,False,0.0,False,0,"[""eye"", ""nerve"", ""retina""]",114,11370
LINC01141,False,0.0,0.0,0.0,0.0,NOT_IN_STRING,0.0,NOT_IN_STRING,False,0.0,False,0,"[""eye"", ""nerve"", ""retina""]",114,11370
LINC01182,False,0.0,0.0,0.0,0.0,NOT_IN_STRING,0.0,NOT_IN_STRING,False,0.0,False,0,"[""eye"", ""nerve"", ""retina""]",114,11370
LINC01193,False,0.0,0.0,0.0,0.0,NOT_IN_STRING,0.0,NOT_IN_STRING,False,0.0,False,0,"[""eye"", ""nerve"", ""retina""]",114,11370
LINC01410,False,0.0,0.0,0.0,0.0,NOT_IN_STRING,0.0,NOT_IN_STRING,False,0.0,False,0,"[""eye"", ""nerve"", ""retina""]",114,11370
LINC01440,False,0.0,0.0,0.0,0.0,NOT_IN_STRING,0.0,NOT_IN_STRING,False,0.0,False,0,"[""eye"", ""nerve"", ""retina""]",114,11370
LINC01492,False,0.0,0.0,0.0,0.0,NOT_IN_STRING,0.0,NOT_IN_STRING,False,0.0,False,0,"[""eye"", ""nerve"", ""retina""]",114,11370
LINC01505,False,0.0,0.0,0.0,0.0,NOT_IN_STRING,0.0,NOT_IN_STRING,False,0.0,False,0,"[""eye"", ""nerve"", ""retina""]",114,11370
LINC01517,False,0.0,0.0,0.0,0.0,NOT_IN_STRING,0.0,NOT_IN_STRING,False,0.0,False,0,"[""eye"", ""nerve"", ""retina""]",114,11370
LINC01531,False,0.0,0.0,0.0,0.0,NOT_IN_STRING,0.0,NOT_IN_STRING,False,0.0,False,0,"[""eye"", ""nerve"", ""retina""]",114,11370
LINC01602,False,0.0,0.0,0.0,0.0,NOT_IN_STRING,0.0,NOT_IN_STRING,False,0.0,False,0,"[""eye"", ""nerve"", ""retina""]",114,11370
LINC01611,False,0.0,0.0,0.0,0.0,NOT_IN_STRING,0.0,NOT_IN_STRING,False,0.0,False,0,"[""eye"", ""nerve"", ""retina""]",114,11370
LINC01687,False,0.0,0.0,0.0,0.0,NOT_IN_STRING,0.0,NOT_IN_STRING,False,0.0,False,0,"[""eye"", ""nerve"", ""retina""]",114,11370
LINC02267,False,0.0,0.0,0.0,0.0,NOT_IN_STRING,0.0,NOT_IN_STRING,False,0.0,False,0,"[""eye"", ""nerve"", ""retina""]",114,11370
LINC01733,False,0.0,0.0,0.0,0.0,NOT_IN_STRING,0.0,NOT_IN_STRING,False,0.0,False,0,"[""eye"", ""nerve"", ""retina""]",114,11370
LINC01756,False,0.0,0.0,0.0,0.0,NOT_IN_STRING,0.0,NOT_IN_STRING,False,0.0,False,0,"[""eye"", ""nerve"", ""retina""]",114,11370
LINC01804,False,0.0,0.0,0.0,0.0,NOT_IN_STRING,0.0,NOT_IN_STRING,False,0.0,False,0,"[""eye"", ""nerve"", ""retina""]",114,11370
LINC01811,False,0.0,0.0,0.0,0.0,NOT_IN_STRING,0.0,NOT_IN_STRING,False,0.0,False,0,"[""eye"", ""nerve"", ""retina""]",114,11370
LINC01837,False,0.0,0.0,0.0,0.0,NOT_IN_STRING,0.0,NOT_IN_STRING,False,0.0,False,0,"[""eye"", ""nerve"", ""retina""]",114,11370
LINC01885,False,0.0,0.0,0.0,0.0,NOT_IN_STRING,0.0,NOT_IN_STRING,False,0.0,False,0,"[""eye"", ""nerve"", ""retina""]",114,11370
LINC02018,False,0.0,0.0,0.0,0.0,NOT_IN_STRING,0.0,NOT_IN_STRING,False,0.0,False,0,"[""eye"", ""nerve"", ""retina""]",114,11370
LINC02125,False,0.0,0.0,0.0,0.0,NOT_IN_STRING,0.0,NOT_IN_STRING,False,0.0,False,0,"[""eye"", ""nerve"", ""retina""]",114,11370
LINC02149,False,0.0,0.0,0.0,0.0,NOT_IN_STRING,0.0,NOT_IN_STRING,False,0.0,False,0,"[""eye"", ""nerve"", ""retina""]",114,11370
LINC02177,False,0.0,0.0,0.0,0.0,NOT_IN_STRING,0.0,NOT_IN_STRING,False,0.0,False,0,"[""eye"", ""nerve"", ""retina""]",114,11370
LINC02182,False,0.0,0.0,0.0,0.0,NOT_IN_STRING,0.0,NOT_IN_STRING,False,0.0,False,0,"[""eye"", ""nerve"", ""retina""]",114,11370
LINC02188,False,0.0,0.0,0.0,0.0,NOT_IN_STRING,0.0,NOT_IN_STRING,False,0.0,False,0,"[""eye"", ""nerve"", ""retina""]",114,11370
LINC02223,False,0.0,0.0,0.0,0.0,NOT_IN_STRING,0.0,NOT_IN_STRING,False,0.0,False,0,"[""eye"", ""nerve"", ""retina""]",114,11370
LINC02237,False,0.0,0.0,0.0,0.0,NOT_IN_STRING,0.0,NOT_IN_STRING,False,0.0,False,0,"[""eye"", ""nerve"", ""retina""]",114,11370
LINC01727,False,0.0,0.0,0.0,0.0,NOT_IN_STRING,0.0,NOT_IN_STRING,False,0.0,False,0,"[""eye"", ""nerve"", ""retina""]",114,11370
ACER3-AS1,False,0.0,0.0,0.0,0.0,NOT_IN_STRING,0.0,NOT_IN_STRING,False,0.0,False,0,"[""eye"", ""nerve"", ""retina""]",114,11370
ACSL3-AS1,False,0.0,0.0,0.0,0.0,NOT_IN_STRING,0.0,NOT_IN_STRING,False,0.0,False,0,"[""eye"", ""nerve"", ""retina""]",114,11370
ACTE1P,False,0.0,0.0,0.0,0.0,NOT_IN_STRING,0.0,NOT_IN_STRING,False,0.0,False,0,"[""eye"", ""nerve"", ""retina""]",114,11370
ACTR2P1,False,0.0,0.0,0.0,0.0,NOT_IN_STRING,0.0,NOT_IN_STRING,False,0.0,False,0,"[""eye"", ""nerve"", ""retina""]",114,11370
ACTR3BP5,False,0.0,0.0,0.0,0.0,NOT_IN_STRING,0.0,NOT_IN_STRING,False,0.0,False,0,"[""eye"", ""nerve"", ""retina""]",114,11370
ADAM3A,False,0.0,0.0,0.0,0.0,NOT_IN_STRING,0.0,NOT_IN_STRING,False,0.0,False,0,"[""eye"", ""nerve"", ""retina""]",114,11370
ADAM5,False,0.0,0.0,0.0,0.0,NOT_IN_STRING,0.0,NOT_IN_STRING,False,0.0,False,0,"[""eye"", ""nerve"", ""retina""]",114,11370
ADAMTS7P3,False,0.0,0.0,0.0,0.0,NOT_IN_STRING,0.0,NOT_IN_STRING,False,0.0,False,0,"[""eye"", ""nerve"", ""retina""]",114,11370
ADAMTSL4-AS2,False,0.0,0.0,0.0,0.0,NOT_IN_STRING,0.0,NOT_IN_STRING,False,0.0,False,0,"[""eye"", ""nerve"", ""retina""]",114,11370
ADORA2A-AS1,False,0.0,0.0,0.0,0.0,NOT_IN_STRING,0.0,NOT_IN_STRING,False,0.0,False,0,"[""eye"", ""nerve"", ""retina""]",114,11370
AFDN-DT,False,0.0,0.0,0.0,0.0,NOT_IN_STRING,0.0,NOT_IN_STRING,False,0.0,False,0,"[""eye"", ""nerve"", ""retina""]",114,11370
AGAP13P,False,0.0,0.0,0.0,0.0,NOT_IN_STRING,0.0,NOT_IN_STRING,False,0.0,False,0,"[""eye"", ""nerve"", ""retina""]",114,11370
AGGF1P8,False,0.0,0.0,0.0,0.0,NOT_IN_STRING,0.0,NOT_IN_STRING,False,0.0,False,0,"[""eye"", ""nerve"", ""retina""]",114,11370
MIR5571,False,0.0,0.0,0.0,0.0,NOT_IN_STRING,0.0,NOT_IN_STRING,False,0.0,False,0,"[""eye"", ""nerve"", ""retina""]",114,11370
ANKRD18CP,False,0.0,0.0,0.0,0.0,NOT_IN_STRING,0.0,NOT_IN_STRING,False,0.0,False,0,"[""eye"", ""nerve"", ""retina""]",114,11370
ANKRD20A9P,False,0.0,0.0,0.0,0.0,NOT_IN_STRING,0.0,NOT_IN_STRING,False,0.0,False,0,"[""eye"", ""nerve"", ""retina""]",114,11370
ANKRD26P3,False,0.0,0.0,0.0,0.0,NOT_IN_STRING,0.0,NOT_IN_STRING,False,0.0,False,0,"[""eye"", ""nerve"", ""retina""]",114,11370
ANKRD34C-AS1,False,0.0,0.0,0.0,0.0,NOT_IN_STRING,0.0,NOT_IN_STRING,False,0.0,False,0,"[""eye"", ""nerve"", ""retina""]",114,11370
ANKRD36BP2,False,0.0,0.0,0.0,0.0,NOT_IN_STRING,0.0,NOT_IN_STRING,False,0.0,False,0,"[""eye"", ""nerve"", ""retina""]",114,11370
ANP32CP,False,0.0,0.0,0.0,0.0,NOT_IN_STRING,0.0,NOT_IN_STRING,False,0.0,False,0,"[""eye"", ""nerve"", ""retina""]",114,11370
APCDD1L-DT,False,0.0,0.0,0.0,0.0,NOT_IN_STRING,0.0,NOT_IN_STRING,False,0.0,False,0,"[""eye"", ""nerve"", ""retina""]",114,11370
APP-DT,False,0.0,0.0,0.0,0.0,NOT_IN_STRING,0.0,NOT_IN_STRING,False,0.0,False,0,"[""eye"", ""nerve"", ""retina""]",114,11370
AQP4-AS1,False,0.0,0.0,0.0,0.0,NOT_IN_STRING,0.0,NOT_IN_STRING,False,0.0,False,0,"[""eye"", ""nerve"", ""retina""]",114,11370
ARHGEF26-AS1,False,0.0,0.0,0.0,0.0,NOT_IN_STRING,0.0,NOT_IN_STRING,False,0.0,False,0,"[""eye"", ""nerve"", ""retina""]",114,11370
ARL14EP-DT,False,0.0,0.0,0.0,0.0,NOT_IN_STRING,0.0,NOT_IN_STRING,False,0.0,False,0,"[""eye"", ""nerve"", ""retina""]",114,11370
ARL5AP4,False,0.0,0.0,0.0,0.0,NOT_IN_STRING,0.0,NOT_IN_STRING,False,0.0,False,0,"[""eye"", ""nerve"", ""retina""]",114,11370
ARPC1AP1,False,0.0,0.0,0.0,0.0,NOT_IN_STRING,0.0,NOT_IN_STRING,False,0.0,False,0,"[""eye"", ""nerve"", ""retina""]",114,11370
ASB16-AS1,False,0.0,0.0,0.0,0.0,NOT_IN_STRING,0.0,NOT_IN_STRING,False,0.0,False,0,"[""eye"", ""nerve"", ""retina""]",114,11370
AKR1C6P,False,0.0,0.0,0.0,0.0,NOT_IN_STRING,0.0,NOT_IN_STRING,False,0.0,False,0,"[""eye"", ""nerve"", ""retina""]",114,11370
MIR924HG,False,0.0,0.0,0.0,0.0,NOT_IN_STRING,0.0,NOT_IN_STRING,False,0.0,False,0,"[""eye"", ""nerve"", ""retina""]",114,11370
NECTIN3-AS1,False,0.0,0.0,0.0,0.0,NOT_IN_STRING,0.0,NOT_IN_STRING,False,0.0,False,0,"[""eye"", ""nerve"", ""retina""]",114,11370
NT5C3AP1,False,0.0,0.0,0.0,0.0,NOT_IN_STRING,0.0,NOT_IN_STRING,False,0.0,False,0,"[""eye"", ""nerve"", ""retina""]",114,11370
OR7E1P,False,0.0,0.0,0.0,0.0,NOT_IN_STRING,0.0,NOT_IN_STRING,False,0.0,False,0,"[""eye"", ""nerve"", ""retina""]",114,11370
PCBP2P1,False,0.0,0.0,0.0,0.0,NOT_IN_STRING,0.0,NOT_IN_STRING,False,0.0,False,0,"[""eye"", ""nerve"", ""retina""]",114,11370
PDGFDDN,False,0.0,0.0,0.0,0.0,NOT_IN_STRING,0.0,NOT_IN_STRING,False,0.0,False,0,"[""eye"", ""nerve"", ""retina""]",114,11370
PDK4-AS1,False,0.0,0.0,0.0,0.0,NOT_IN_STRING,0.0,NOT_IN_STRING,False,0.0,False,0,"[""eye"", ""nerve"", ""retina""]",114,11370
PGM5P2,False,0.0,0.0,0.0,0.0,NOT_IN_STRING,0.0,NOT_IN_STRING,False,0.0,False,0,"[""eye"", ""nerve"", ""retina""]",114,11370
PSG11-AS1,False,0.0,0.0,0.0,0.0,NOT_IN_STRING,0.0,NOT_IN_STRING,False,0.0,False,0,"[""eye"", ""nerve"", ""retina""]",114,11370
PTCSC2,False,0.0,0.0,0.0,0.0,NOT_IN_STRING,0.0,NOT_IN_STRING,False,0.0,False,0,"[""eye"", ""nerve"", ""retina""]",114,11370
RNA5SP528,False,0.0,0.0,0.0,0.0,NOT_IN_STRING,0.0,NOT_IN_STRING,False,0.0,False,0,"[""eye"", ""nerve"", ""retina""]",114,11370
RNA5SP532,False,0.0,0.0,0.0,0.0,NOT_IN_STRING,0.0,NOT_IN_STRING,False,0.0,False,0,"[""eye"", ""nerve"", ""retina""]",114,11370
RNU6-417P,False,0.0,0.0,0.0,0.0,NOT_IN_STRING,0.0,NOT_IN_STRING,False,0.0,False,0,"[""eye"", ""nerve"", ""retina""]",114,11370
RNU6-743P,False,0.0,0.0,0.0,0.0,NOT_IN_STRING,0.0,NOT_IN_STRING,False,0.0,False,0,"[""eye"", ""nerve"", ""retina""]",114,11370
ABHD17AP1,False,0.0,0.0,0.0,0.0,NOT_IN_STRING,0.0,NOT_IN_STRING,False,0.0,False,0,"[""eye"", ""nerve"", ""retina""]",114,11370
SAMSN1-AS1,False,0.0,0.0,0.0,0.0,NOT_IN_STRING,0.0,NOT_IN_STRING,False,0.0,False,0,"[""eye"", ""nerve"", ""retina""]",114,11370
SLC44A3-AS1,False,0.0,0.0,0.0,0.0,NOT_IN_STRING,0.0,NOT_IN_STRING,False,0.0,False,0,"[""eye"", ""nerve"", ""retina""]",114,11370
SLC8A1-AS1,False,0.0,0.0,0.0,0.0,NOT_IN_STRING,0.0,NOT_IN_STRING,False,0.0,False,0,"[""eye"", ""nerve"", ""retina""]",114,11370
SNHG14,False,0.0,0.0,0.0,0.0,NOT_IN_STRING,0.0,NOT_IN_STRING,False,0.0,False,0,"[""eye"", ""nerve"", ""retina""]",114,11370
SNORA70,False,0.0,0.0,0.0,0.0,NOT_IN_STRING,0.0,NOT_IN_STRING,False,0.0,False,0,"[""eye"", ""nerve"", ""retina""]",114,11370
SNX18P23,False,0.0,0.0,0.0,0.0,NOT_IN_STRING,0.0,NOT_IN_STRING,False,0.0,False,0,"[""eye"", ""nerve"", ""retina""]",114,11370
SPDYE10,False,0.0,0.0,0.0,0.0,NOT_IN_STRING,0.0,NOT_IN_STRING,False,0.0,False,0,"[""eye"", ""nerve"", ""retina""]",114,11370
SSPN-AS1,False,0.0,0.0,0.0,0.0,NOT_IN_STRING,0.0,NOT_IN_STRING,False,0.0,False,0,"[""eye"", ""nerve"", ""retina""]",114,11370
SVIL-AS1,False,0.0,0.0,0.0,0.0,NOT_IN_STRING,0.0,NOT_IN_STRING,False,0.0,False,0,"[""eye"", ""nerve"", ""retina""]",114,11370
SYNM-AS1,False,0.0,0.0,0.0,0.0,NOT_IN_STRING,0.0,NOT_IN_STRING,False,0.0,False,0,"[""eye"", ""nerve"", ""retina""]",114,11370
TPTE2P6,False,0.0,0.0,0.0,0.0,NOT_IN_STRING,0.0,NOT_IN_STRING,False,0.0,False,0,"[""eye"", ""nerve"", ""retina""]",114,11370
AATBC,False,0.0,0.0,0.0,0.0,NOT_IN_STRING,0.0,NOT_IN_STRING,False,0.0,False,0,"[""eye"", ""nerve"", ""retina""]",114,11370
ABCA3P1,False,0.0,0.0,0.0,0.0,NOT_IN_STRING,0.0,NOT_IN_STRING,False,0.0,False,0,"[""eye"", ""nerve"", ""retina""]",114,11370
ABCC6P1,False,0.0,0.0,0.0,0.0,NOT_IN_STRING,0.0,NOT_IN_STRING,False,0.0,False,0,"[""eye"", ""nerve"", ""retina""]",114,11370
ROCK1P1,False,0.0,0.0,0.0,0.0,NOT_IN_STRING,0.0,NOT_IN_STRING,False,0.0,False,0,"[""eye"", ""nerve"", ""retina""]",114,11370
ENSG00000300143,False,0.0,0.0,0.0,0.0,NOT_IN_STRING,0.0,NOT_IN_STRING,False,0.0,False,0,"[""eye"", ""nerve"", ""retina""]",114,11370
ENSG00000300444,False,0.0,0.0,0.0,0.0,NOT_IN_STRING,0.0,NOT_IN_STRING,False,0.0,False,0,"[""eye"", ""nerve"", ""retina""]",114,11370
ENSG00000300827,False,0.0,0.0,0.0,0.0,NOT_IN_STRING,0.0,NOT_IN_STRING,False,0.0,False,0,"[""eye"", ""nerve"", ""retina""]",114,11370
ENSG00000300941,False,0.0,0.0,0.0,0.0,NOT_IN_STRING,0.0,NOT_IN_STRING,False,0.0,False,0,"[""eye"", ""nerve"", ""retina""]",114,11370
ENSG00000300984,False,0.0,0.0,0.0,0.0,NOT_IN_STRING,0.0,NOT_IN_STRING,False,0.0,False,0,"[""eye"", ""nerve"", ""retina""]",114,11370
ENSG00000301054,False,0.0,0.0,0.0,0.0,NOT_IN_STRING,0.0,NOT_IN_STRING,False,0.0,False,0,"[""eye"", ""nerve"", ""retina""]",114,11370
ENSG00000301177,False,0.0,0.0,0.0,0.0,NOT_IN_STRING,0.0,NOT_IN_STRING,False,0.0,False,0,"[""eye"", ""nerve"", ""retina""]",114,11370
ENSG00000301307,False,0.0,0.0,0.0,0.0,NOT_IN_STRING,0.0,NOT_IN_STRING,False,0.0,False,0,"[""eye"", ""nerve"", ""retina""]",114,11370
ENSG00000301308,False,0.0,0.0,0.0,0.0,NOT_IN_STRING,0.0,NOT_IN_STRING,False,0.0,False,0,"[""eye"", ""nerve"", ""retina""]",114,11370
ENSG00000301400,False,0.0,0.0,0.0,0.0,NOT_IN_STRING,0.0,NOT_IN_STRING,False,0.0,False,0,"[""eye"", ""nerve"", ""retina""]",114,11370
ENSG00000301490,False,0.0,0.0,0.0,0.0,NOT_IN_STRING,0.0,NOT_IN_STRING,False,0.0,False,0,"[""eye"", ""nerve"", ""retina""]",114,11370
ENSG00000301538,False,0.0,0.0,0.0,0.0,NOT_IN_STRING,0.0,NOT_IN_STRING,False,0.0,False,0,"[""eye"", ""nerve"", ""retina""]",114,11370
ENSG00000301571,False,0.0,0.0,0.0,0.0,NOT_IN_STRING,0.0,NOT_IN_STRING,False,0.0,False,0,"[""eye"", ""nerve"", ""retina""]",114,11370
LINC00929,False,0.0,0.0,0.0,0.0,NOT_IN_STRING,0.0,NOT_IN_STRING,False,0.0,False,0,"[""eye"", ""nerve"", ""retina""]",114,11370
ENSG00000301837,False,0.0,0.0,0.0,0.0,NOT_IN_STRING,0.0,NOT_IN_STRING,False,0.0,False,0,"[""eye"", ""nerve"", ""retina""]",114,11370
ENSG00000301924,False,0.0,0.0,0.0,0.0,NOT_IN_STRING,0.0,NOT_IN_STRING,False,0.0,False,0,"[""eye"", ""nerve"", ""retina""]",114,11370
ENSG00000302026,False,0.0,0.0,0.0,0.0,NOT_IN_STRING,0.0,NOT_IN_STRING,False,0.0,False,0,"[""eye"", ""nerve"", ""retina""]",114,11370
ENSG00000302168,False,0.0,0.0,0.0,0.0,NOT_IN_STRING,0.0,NOT_IN_STRING,False,0.0,False,0,"[""eye"", ""nerve"", ""retina""]",114,11370
ENSG00000302248,False,0.0,0.0,0.0,0.0,NOT_IN_STRING,0.0,NOT_IN_STRING,False,0.0,False,0,"[""eye"", ""nerve"", ""retina""]",114,11370
ENSG00000302441,False,0.0,0.0,0.0,0.0,NOT_IN_STRING,0.0,NOT_IN_STRING,False,0.0,False,0,"[""eye"", ""nerve"", ""retina""]",114,11370
ENSG00000302803,False,0.0,0.0,0.0,0.0,NOT_IN_STRING,0.0,NOT_IN_STRING,False,0.0,False,0,"[""eye"", ""nerve"", ""retina""]",114,11370
ENSG00000302960,False,0.0,0.0,0.0,0.0,NOT_IN_STRING,0.0,NOT_IN_STRING,False,0.0,False,0,"[""eye"", ""nerve"", ""retina""]",114,11370
ENSG00000303040,False,0.0,0.0,0.0,0.0,NOT_IN_STRING,0.0,NOT_IN_STRING,False,0.0,False,0,"[""eye"", ""nerve"", ""retina""]",114,11370
ENSG00000303117,False,0.0,0.0,0.0,0.0,NOT_IN_STRING,0.0,NOT_IN_STRING,False,0.0,False,0,"[""eye"", ""nerve"", ""retina""]",114,11370
ENSG00000303992,False,0.0,0.0,0.0,0.0,NOT_IN_STRING,0.0,NOT_IN_STRING,False,0.0,False,0,"[""eye"", ""nerve"", ""retina""]",114,11370
ENSG00000304016,False,0.0,0.0,0.0,0.0,NOT_IN_STRING,0.0,NOT_IN_STRING,False,0.0,False,0,"[""eye"", ""nerve"", ""retina""]",114,11370
ENSG00000304497,False,0.0,0.0,0.0,0.0,NOT_IN_STRING,0.0,NOT_IN_STRING,False,0.0,False,0,"[""eye"", ""nerve"", ""retina""]",114,11370
ENSG00000304524,False,0.0,0.0,0.0,0.0,NOT_IN_STRING,0.0,NOT_IN_STRING,False,0.0,False,0,"[""eye"", ""nerve"", ""retina""]",114,11370
ENSG00000301731,False,0.0,0.0,0.0,0.0,NOT_IN_STRING,0.0,NOT_IN_STRING,False,0.0,False,0,"[""eye"", ""nerve"", ""retina""]",114,11370
ENSG00000291336,False,0.0,0.0,0.0,0.0,NOT_IN_STRING,0.0,NOT_IN_STRING,False,0.0,False,0,"[""eye"", ""nerve"", ""retina""]",114,11370
ENSG00000293004,False,0.0,0.0,0.0,0.0,NOT_IN_STRING,0.0,NOT_IN_STRING,False,0.0,False,0,"[""eye"", ""nerve"", ""retina""]",114,11370
ENSG00000293005,False,0.0,0.0,0.0,0.0,NOT_IN_STRING,0.0,NOT_IN_STRING,False,0.0,False,0,"[""eye"", ""nerve"", ""retina""]",114,11370
ENSG00000293269,False,0.0,0.0,0.0,0.0,NOT_IN_STRING,0.0,NOT_IN_STRING,False,0.0,False,0,"[""eye"", ""nerve"", ""retina""]",114,11370
ENSG00000293389,False,0.0,0.0,0.0,0.0,NOT_IN_STRING,0.0,NOT_IN_STRING,False,0.0,False,0,"[""eye"", ""nerve"", ""retina""]",114,11370
ENSG00000293623,False,0.0,0.0,0.0,0.0,NOT_IN_STRING,0.0,NOT_IN_STRING,False,0.0,False,0,"[""eye"", ""nerve"", ""retina""]",114,11370
ENSG00000293696,False,0.0,0.0,0.0,0.0,NOT_IN_STRING,0.0,NOT_IN_STRING,False,0.0,False,0,"[""eye"", ""nerve"", ""retina""]",114,11370
ENSG00000294065,False,0.0,0.0,0.0,0.0,NOT_IN_STRING,0.0,NOT_IN_STRING,False,0.0,False,0,"[""eye"", ""nerve"", ""retina""]",114,11370
ENSG00000294188,False,0.0,0.0,0.0,0.0,NOT_IN_STRING,0.0,NOT_IN_STRING,False,0.0,False,0,"[""eye"", ""nerve"", ""retina""]",114,11370
ENSG00000294569,False,0.0,0.0,0.0,0.0,NOT_IN_STRING,0.0,NOT_IN_STRING,False,0.0,False,0,"[""eye"", ""nerve"", ""retina""]",114,11370
ENSG00000294991,False,0.0,0.0,0.0,0.0,NOT_IN_STRING,0.0,NOT_IN_STRING,False,0.0,False,0,"[""eye"", ""nerve"", ""retina""]",114,11370
ENSG00000295001,False,0.0,0.0,0.0,0.0,NOT_IN_STRING,0.0,NOT_IN_STRING,False,0.0,False,0,"[""eye"", ""nerve"", ""retina""]",114,11370
ENSG00000295352,False,0.0,0.0,0.0,0.0,NOT_IN_STRING,0.0,NOT_IN_STRING,False,0.0,False,0,"[""eye"", ""nerve"", ""retina""]",114,11370
ENSG00000295503,False,0.0,0.0,0.0,0.0,NOT_IN_STRING,0.0,NOT_IN_STRING,False,0.0,False,0,"[""eye"", ""nerve"", ""retina""]",114,11370
ENSG00000300120,False,0.0,0.0,0.0,0.0,NOT_IN_STRING,0.0,NOT_IN_STRING,False,0.0,False,0,"[""eye"", ""nerve"", ""retina""]",114,11370
ENSG00000295751,False,0.0,0.0,0.0,0.0,NOT_IN_STRING,0.0,NOT_IN_STRING,False,0.0,False,0,"[""eye"", ""nerve"", ""retina""]",114,11370
ENSG00000295851,False,0.0,0.0,0.0,0.0,NOT_IN_STRING,0.0,NOT_IN_STRING,False,0.0,False,0,"[""eye"", ""nerve"", ""retina""]",114,11370
ENSG00000296085,False,0.0,0.0,0.0,0.0,NOT_IN_STRING,0.0,NOT_IN_STRING,False,0.0,False,0,"[""eye"", ""nerve"", ""retina""]",114,11370
ENSG00000296132,False,0.0,0.0,0.0,0.0,NOT_IN_STRING,0.0,NOT_IN_STRING,False,0.0,False,0,"[""eye"", ""nerve"", ""retina""]",114,11370
ENSG00000296299,False,0.0,0.0,0.0,0.0,NOT_IN_STRING,0.0,NOT_IN_STRING,False,0.0,False,0,"[""eye"", ""nerve"", ""retina""]",114,11370
ENSG00000296961,False,0.0,0.0,0.0,0.0,NOT_IN_STRING,0.0,NOT_IN_STRING,False,0.0,False,0,"[""eye"", ""nerve"", ""retina""]",114,11370
ENSG00000297123,False,0.0,0.0,0.0,0.0,NOT_IN_STRING,0.0,NOT_IN_STRING,False,0.0,False,0,"[""eye"", ""nerve"", ""retina""]",114,11370
ENSG00000297880,False,0.0,0.0,0.0,0.0,NOT_IN_STRING,0.0,NOT_IN_STRING,False,0.0,False,0,"[""eye"", ""nerve"", ""retina""]",114,11370
ENSG00000298441,False,0.0,0.0,0.0,0.0,NOT_IN_STRING,0.0,NOT_IN_STRING,False,0.0,False,0,"[""eye"", ""nerve"", ""retina""]",114,11370
ENSG00000298511,False,0.0,0.0,0.0,0.0,NOT_IN_STRING,0.0,NOT_IN_STRING,False,0.0,False,0,"[""eye"", ""nerve"", ""retina""]",114,11370
ENSG00000298846,False,0.0,0.0,0.0,0.0,NOT_IN_STRING,0.0,NOT_IN_STRING,False,0.0,False,0,"[""eye"", ""nerve"", ""retina""]",114,11370
ENSG00000299038,False,0.0,0.0,0.0,0.0,NOT_IN_STRING,0.0,NOT_IN_STRING,False,0.0,False,0,"[""eye"", ""nerve"", ""retina""]",114,11370
ENSG00000299452,False,0.0,0.0,0.0,0.0,NOT_IN_STRING,0.0,NOT_IN_STRING,False,0.0,False,0,"[""eye"", ""nerve"", ""retina""]",114,11370
ENSG00000299894,False,0.0,0.0,0.0,0.0,NOT_IN_STRING,0.0,NOT_IN_STRING,False,0.0,False,0,"[""eye"", ""nerve"", ""retina""]",114,11370
ENSG00000295701,False,0.0,0.0,0.0,0.0,NOT_IN_STRING,0.0,NOT_IN_STRING,False,0.0,False,0,"[""eye"", ""nerve"", ""retina""]",114,11370
GRM5P1,False,0.0,0.0,0.0,0.0,NOT_IN_STRING,0.0,NOT_IN_STRING,False,0.0,False,0,"[""eye"", ""nerve"", ""retina""]",114,11370
GTSCR1,False,0.0,0.0,0.0,0.0,NOT_IN_STRING,0.0,NOT_IN_STRING,False,0.0,False,0,"[""eye"", ""nerve"", ""retina""]",114,11370
GUCY2C-AS1,False,0.0,0.0,0.0,0.0,NOT_IN_STRING,0.0,NOT_IN_STRING,False,0.0,False,0,"[""eye"", ""nerve"", ""retina""]",114,11370
HAS2-AS1,False,0.0,0.0,0.0,0.0,NOT_IN_STRING,0.0,NOT_IN_STRING,False,0.0,False,0,"[""eye"", ""nerve"", ""retina""]",114,11370
HERC2P3,False,0.0,0.0,0.0,0.0,NOT_IN_STRING,0.0,NOT_IN_STRING,False,0.0,False,0,"[""eye"", ""nerve"", ""retina""]",114,11370
HNRNPA1P34,False,0.0,0.0,0.0,0.0,NOT_IN_STRING,0.0,NOT_IN_STRING,False,0.0,False,0,"[""eye"", ""nerve"", ""retina""]",114,11370
HPN-AS1,False,0.0,0.0,0.0,0.0,NOT_IN_STRING,0.0,NOT_IN_STRING,False,0.0,False,0,"[""eye"", ""nerve"", ""retina""]",114,11370
IGHV3-32,False,0.0,0.0,0.0,0.0,NOT_IN_STRING,0.0,NOT_IN_STRING,False,0.0,False,0,"[""eye"", ""nerve"", ""retina""]",114,11370
IGHV4-28,False,0.0,0.0,0.0,0.0,NOT_IN_STRING,0.0,NOT_IN_STRING,False,0.0,False,0,"[""eye"", ""nerve"", ""retina""]",114,11370
IGHVII-28-1,False,0.0,0.0,0.0,0.0,NOT_IN_STRING,0.0,NOT_IN_STRING,False,0.0,False,0,"[""eye"", ""nerve"", ""retina""]",114,11370
IGLV1-50,False,0.0,0.0,0.0,0.0,NOT_IN_STRING,0.0,NOT_IN_STRING,False,0.0,False,0,"[""eye"", ""nerve"", ""retina""]",114,11370
IGLV1-51,False,0.0,0.0,0.0,0.0,NOT_IN_STRING,0.0,NOT_IN_STRING,False,0.0,False,0,"[""eye"", ""nerve"", ""retina""]",114,11370
IGLV3-12,False,0.0,0.0,0.0,0.0,NOT_IN_STRING,0.0,NOT_IN_STRING,False,0.0,False,0,"[""eye"", ""nerve"", ""retina""]",114,11370
IGLV5-52,False,0.0,0.0,0.0,0.0,NOT_IN_STRING,0.0,NOT_IN_STRING,False,0.0,True,1,"[""eye"", ""nerve"", ""retina""]",114,11370
ENSG00000305102,False,0.0,0.0,0.0,0.0,NOT_IN_STRING,0.0,NOT_IN_STRING,False,0.0,False,0,"[""eye"", ""nerve"", ""retina""]",114,11370
LALTOP,False,0.0,0.0,0.0,0.0,NOT_IN_STRING,0.0,NOT_IN_STRING,False,0.0,False,0,"[""eye"", ""nerve"", ""retina""]",114,11370
LIM2-AS1,False,0.0,0.0,0.0,0.0,NOT_IN_STRING,0.0,NOT_IN_STRING,False,0.0,False,0,"[""eye"", ""nerve"", ""retina""]",114,11370
LINC00299,False,0.0,0.0,0.0,0.0,NOT_IN_STRING,0.0,NOT_IN_STRING,False,0.0,False,0,"[""eye"", ""nerve"", ""retina""]",114,11370
LINC00472,False,0.0,0.0,0.0,0.0,NOT_IN_STRING,0.0,NOT_IN_STRING,False,0.0,False,0,"[""eye"", ""nerve"", ""retina""]",114,11370
LINC00540,False,0.0,0.0,0.0,0.0,NOT_IN_STRING,0.0,NOT_IN_STRING,False,0.0,False,0,"[""eye"", ""nerve"", ""retina""]",114,11370
LINC00595,False,0.0,0.0,0.0,0.0,NOT_IN_STRING,0.0,NOT_IN_STRING,False,0.0,False,0,"[""eye"", ""nerve"", ""retina""]",114,11370
LINC00598,False,0.0,0.0,0.0,0.0,NOT_IN_STRING,0.0,NOT_IN_STRING,False,0.0,False,0,"[""eye"", ""nerve"", ""retina""]",114,11370
LINC00609,False,0.0,0.0,0.0,0.0,NOT_IN_STRING,0.0,NOT_IN_STRING,False,0.0,False,0,"[""eye"", ""nerve"", ""retina""]",114,11370
LINC00670,False,0.0,0.0,0.0,0.0,NOT_IN_STRING,0.0,NOT_IN_STRING,False,0.0,False,0,"[""eye"", ""nerve"", ""retina""]",114,11370
LINC00865,False,0.0,0.0,0.0,0.0,NOT_IN_STRING,0.0,NOT_IN_STRING,False,0.0,False,0,"[""eye"", ""nerve"", ""retina""]",114,11370
LINC00871,False,0.0,0.0,0.0,0.0,NOT_IN_STRING,0.0,NOT_IN_STRING,False,0.0,False,0,"[""eye"", ""nerve"", ""retina""]",114,11370
LINC00882,False,0.0,0.0,0.0,0.0,NOT_IN_STRING,0.0,NOT_IN_STRING,False,0.0,False,0,"[""eye"", ""nerve"", ""retina""]",114,11370
LINC00908,False,0.0,0.0,0.0,0.0,NOT_IN_STRING,0.0,NOT_IN_STRING,False,0.0,False,0,"[""eye"", ""nerve"", ""retina""]",114,11370
LINC00922,False,0.0,0.0,0.0,0.0,NOT_IN_STRING,0.0,NOT_IN_STRING,False,0.0,False,0,"[""eye"", ""nerve"", ""retina""]",114,11370
KRT86-AS1,False,0.0,0.0,0.0,0.0,NOT_IN_STRING,0.0,NOT_IN_STRING,False,0.0,False,0,"[""eye"", ""nerve"", ""retina""]",114,11370
ENSG00000305182,False,0.0,0.0,0.0,0.0,NOT_IN_STRING,0.0,NOT_IN_STRING,False,0.0,False,0,"[""eye"", ""nerve"", ""retina""]",114,11370
ENSG00000305741,False,0.0,0.0,0.0,0.0,NOT_IN_STRING,0.0,NOT_IN_STRING,False,0.0,False,0,"[""eye"", ""nerve"", ""retina""]",114,11370
ENSG00000306127,False,0.0,0.0,0.0,0.0,NOT_IN_STRING,0.0,NOT_IN_STRING,False,0.0,False,0,"[""eye"", ""nerve"", ""retina""]",114,11370
ENSG00000306540,False,0.0,0.0,0.0,0.0,NOT_IN_STRING,0.0,NOT_IN_STRING,False,0.0,False,0,"[""eye"", ""nerve"", ""retina""]",114,11370
ENSG00000306555,False,0.0,0.0,0.0,0.0,NOT_IN_STRING,0.0,NOT_IN_STRING,False,0.0,False,0,"[""eye"", ""nerve"", ""retina""]",114,11370
ENSG00000306807,False,0.0,0.0,0.0,0.0,NOT_IN_STRING,0.0,NOT_IN_STRING,False,0.0,False,0,"[""eye"", ""nerve"", ""retina""]",114,11370
ENSG00000307044,False,0.0,0.0,0.0,0.0,NOT_IN_STRING,0.0,NOT_IN_STRING,False,0.0,False,0,"[""eye"", ""nerve"", ""retina""]",114,11370
ENSG00000307412,False,0.0,0.0,0.0,0.0,NOT_IN_STRING,0.0,NOT_IN_STRING,False,0.0,False,0,"[""eye"", ""nerve"", ""retina""]",114,11370
ENSG00000307474,False,0.0,0.0,0.0,0.0,NOT_IN_STRING,0.0,NOT_IN_STRING,False,0.0,False,0,"[""eye"", ""nerve"", ""retina""]",114,11370
ENSG00000307496,False,0.0,0.0,0.0,0.0,NOT_IN_STRING,0.0,NOT_IN_STRING,False,0.0,False,0,"[""eye"", ""nerve"", ""retina""]",114,11370
ENSG00000307579,False,0.0,0.0,0.0,0.0,NOT_IN_STRING,0.0,NOT_IN_STRING,False,0.0,False,0,"[""eye"", ""nerve"", ""retina""]",114,11370
ENSG00000307651,False,0.0,0.0,0.0,0.0,NOT_IN_STRING,0.0,NOT_IN_STRING,False,0.0,False,0,"[""eye"", ""nerve"", ""retina""]",114,11370
ENSG00000308230,False,0.0,0.0,0.0,0.0,NOT_IN_STRING,0.0,NOT_IN_STRING,False,0.0,False,0,"[""eye"", ""nerve"", ""retina""]",114,11370
ENSG00000308311,False,0.0,0.0,0.0,0.0,NOT_IN_STRING,0.0,NOT_IN_STRING,False,0.0,False,0,"[""eye"", ""nerve"", ""retina""]",114,11370
GOLGA8IP,False,0.0,0.0,0.0,0.0,NOT_IN_STRING,0.0,NOT_IN_STRING,False,0.0,False,0,"[""eye"", ""nerve"", ""retina""]",114,11370
ENSG00000308339,False,0.0,0.0,0.0,0.0,NOT_IN_STRING,0.0,NOT_IN_STRING,False,0.0,False,0,"[""eye"", ""nerve"", ""retina""]",114,11370
ENSG00000308779,False,0.0,0.0,0.0,0.0,NOT_IN_STRING,0.0,NOT_IN_STRING,False,0.0,False,0,"[""eye"", ""nerve"", ""retina""]",114,11370
ENSG00000308900,False,0.0,0.0,0.0,0.0,NOT_IN_STRING,0.0,NOT_IN_STRING,False,0.0,False,0,"[""eye"", ""nerve"", ""retina""]",114,11370
ENSG00000309024,False,0.0,0.0,0.0,0.0,NOT_IN_STRING,0.0,NOT_IN_STRING,False,0.0,False,0,"[""eye"", ""nerve"", ""retina""]",114,11370
ENSG00000309445,False,0.0,0.0,0.0,0.0,NOT_IN_STRING,0.0,NOT_IN_STRING,False,0.0,False,0,"[""eye"", ""nerve"", ""retina""]",114,11370
ENSG00000309615,False,0.0,0.0,0.0,0.0,NOT_IN_STRING,0.0,NOT_IN_STRING,False,0.0,False,0,"[""eye"", ""nerve"", ""retina""]",114,11370
ENSG00000309617,False,0.0,0.0,0.0,0.0,NOT_IN_STRING,0.0,NOT_IN_STRING,False,0.0,False,0,"[""eye"", ""nerve"", ""retina""]",114,11370
ENSG00000309963,False,0.0,0.0,0.0,0.0,NOT_IN_STRING,0.0,NOT_IN_STRING,False,0.0,False,0,"[""eye"", ""nerve"", ""retina""]",114,11370
FAM242B,False,0.0,0.0,0.0,0.0,NOT_IN_STRING,0.0,NOT_IN_STRING,False,0.0,False,0,"[""eye"", ""nerve"", ""retina""]",114,11370
FAM27C,False,0.0,0.0,0.0,0.0,NOT_IN_STRING,0.0,NOT_IN_STRING,False,0.0,False,0,"[""eye"", ""nerve"", ""retina""]",114,11370
FAM66A,False,0.0,0.0,0.0,0.0,NOT_IN_STRING,0.0,NOT_IN_STRING,False,0.0,False,0,"[""eye"", ""nerve"", ""retina""]",114,11370
FRG1EP,False,0.0,0.0,0.0,0.0,NOT_IN_STRING,0.0,NOT_IN_STRING,False,0.0,False,0,"[""eye"", ""nerve"", ""retina""]",114,11370
GDNF-AS1,False,0.0,0.0,0.0,0.0,NOT_IN_STRING,0.0,NOT_IN_STRING,False,0.0,False,0,"[""eye"", ""nerve"", ""retina""]",114,11370
GLYATL1-AS1,False,0.0,0.0,0.0,0.0,NOT_IN_STRING,0.0,NOT_IN_STRING,False,0.0,False,0,"[""eye"", ""nerve"", ""retina""]",114,11370
ENSG00000308333,False,0.0,0.0,0.0,0.0,NOT_IN_STRING,0.0,NOT_IN_STRING,False,0.0,False,0,"[""eye"", ""nerve"", ""retina""]",114,11370
ENSG00000290904,False,0.0,0.0,0.0,0.0,NOT_IN_STRING,0.0,NOT_IN_STRING,False,0.0,False,0,"[""eye"", ""nerve"", ""retina""]",114,11370
ENSG00000290907,False,0.0,0.0,0.0,0.0,NOT_IN_STRING,0.0,NOT_IN_STRING,False,0.0,False,0,"[""eye"", ""nerve"", ""retina""]",114,11370
ENSG00000290921,False,0.0,0.0,0.0,0.0,NOT_IN_STRING,0.0,NOT_IN_STRING,False,0.0,False,0,"[""eye"", ""nerve"", ""retina""]",114,11370
ENSG00000290931,False,0.0,0.0,0.0,0.0,NOT_IN_STRING,0.0,NOT_IN_STRING,False,0.0,False,0,"[""eye"", ""nerve"", ""retina""]",114,11370
ENSG00000290948,False,0.0,0.0,0.0,0.0,NOT_IN_STRING,0.0,NOT_IN_STRING,False,0.0,False,0,"[""eye"", ""nerve"", ""retina""]",114,11370
ENSG00000290977,False,0.0,0.0,0.0,0.0,NOT_IN_STRING,0.0,NOT_IN_STRING,False,0.0,False,0,"[""eye"", ""nerve"", ""retina""]",114,11370
ENSG00000290987,False,0.0,0.0,0.0,0.0,NOT_IN_STRING,0.0,NOT_IN_STRING,False,0.0,False,0,"[""eye"", ""nerve"", ""retina""]",114,11370
ENSG00000290994,False,0.0,0.0,0.0,0.0,NOT_IN_STRING,0.0,NOT_IN_STRING,False,0.0,False,0,"[""eye"", ""nerve"", ""retina""]",114,11370
ENSG00000291041,False,0.0,0.0,0.0,0.0,NOT_IN_STRING,0.0,NOT_IN_STRING,False,0.0,False,0,"[""eye"", ""nerve"", ""retina""]",114,11370
ENSG00000291046,False,0.0,0.0,0.0,0.0,NOT_IN_STRING,0.0,NOT_IN_STRING,False,0.0,False,0,"[""eye"", ""nerve"", ""retina""]",114,11370
ENSG00000291065,False,0.0,0.0,0.0,0.0,NOT_IN_STRING,0.0,NOT_IN_STRING,False,0.0,False,0,"[""eye"", ""nerve"", ""retina""]",114,11370
ENSG00000291072,False,0.0,0.0,0.0,0.0,NOT_IN_STRING,0.0,NOT_IN_STRING,False,0.0,False,0,"[""eye"", ""nerve"", ""retina""]",114,11370
ENSG00000291169,False,0.0,0.0,0.0,0.0,NOT_IN_STRING,0.0,NOT_IN_STRING,False,0.0,False,0,"[""eye"", ""nerve"", ""retina""]",114,11370
ENSG00000258393,False,0.0,0.0,0.0,0.0,NOT_IN_STRING,0.0,NOT_IN_STRING,False,0.0,False,0,"[""eye"", ""nerve"", ""retina""]",114,11370
ENSG00000291179,False,0.0,0.0,0.0,0.0,NOT_IN_STRING,0.0,NOT_IN_STRING,False,0.0,False,0,"[""eye"", ""nerve"", ""retina""]",114,11370
ENSG00000291183,False,0.0,0.0,0.0,0.0,NOT_IN_STRING,0.0,NOT_IN_STRING,False,0.0,False,0,"[""eye"", ""nerve"", ""retina""]",114,11370
ENSG00000291193,False,0.0,0.0,0.0,0.0,NOT_IN_STRING,0.0,NOT_IN_STRING,False,0.0,False,0,"[""eye"", ""nerve"", ""retina""]",114,11370
ENSG00000291212,False,0.0,0.0,0.0,0.0,NOT_IN_STRING,0.0,NOT_IN_STRING,False,0.0,False,0,"[""eye"", ""nerve"", ""retina""]",114,11370
ENSG00000291214,False,0.0,0.0,0.0,0.0,NOT_IN_STRING,0.0,NOT_IN_STRING,False,0.0,False,0,"[""eye"", ""nerve"", ""retina""]",114,11370
ENSG00000291225,False,0.0,0.0,0.0,0.0,NOT_IN_STRING,0.0,NOT_IN_STRING,False,0.0,False,0,"[""eye"", ""nerve"", ""retina""]",114,11370
ENSG00000291257,False,0.0,0.0,0.0,0.0,NOT_IN_STRING,0.0,NOT_IN_STRING,False,0.0,False,0,"[""eye"", ""nerve"", ""retina""]",114,11370
ENSG00000291267,False,0.0,0.0,0.0,0.0,NOT_IN_STRING,0.0,NOT_IN_STRING,False,0.0,False,0,"[""eye"", ""nerve"", ""retina""]",114,11370
ENSG00000291268,False,0.0,0.0,0.0,0.0,NOT_IN_STRING,0.0,NOT_IN_STRING,False,0.0,False,0,"[""eye"", ""nerve"", ""retina""]",114,11370
ENSG00000291280,False,0.0,0.0,0.0,0.0,NOT_IN_STRING,0.0,NOT_IN_STRING,False,0.0,False,0,"[""eye"", ""nerve"", ""retina""]",114,11370
ENSG00000291293,False,0.0,0.0,0.0,0.0,NOT_IN_STRING,0.0,NOT_IN_STRING,False,0.0,False,0,"[""eye"", ""nerve"", ""retina""]",114,11370
ENSG00000291338,False,0.0,0.0,0.0,0.0,NOT_IN_STRING,0.0,NOT_IN_STRING,False,0.0,False,0,"[""eye"", ""nerve"", ""retina""]",114,11370
ENSG00000292285,False,0.0,0.0,0.0,0.0,NOT_IN_STRING,0.0,NOT_IN_STRING,False,0.0,False,0,"[""eye"", ""nerve"", ""retina""]",114,11370
ENSG00000292385,False,0.0,0.0,0.0,0.0,NOT_IN_STRING,0.0,NOT_IN_STRING,False,0.0,False,0,"[""eye"", ""nerve"", ""retina""]",114,11370
ENSG00000291175,False,0.0,0.0,0.0,0.0,NOT_IN_STRING,0.0,NOT_IN_STRING,False,0.0,False,0,"[""eye"", ""nerve"", ""retina""]",114,11370
ENSG00000289930,False,0.0,0.0,0.0,0.0,NOT_IN_STRING,0.0,NOT_IN_STRING,False,0.0,False,0,"[""eye"", ""nerve"", ""retina""]",114,11370
ENSG00000289931,False,0.0,0.0,0.0,0.0,NOT_IN_STRING,0.0,NOT_IN_STRING,False,0.0,False,0,"[""eye"", ""nerve"", ""retina""]",114,11370
ENSG00000289946,False,0.0,0.0,0.0,0.0,NOT_IN_STRING,0.0,NOT_IN_STRING,False,0.0,False,0,"[""eye"", ""nerve"", ""retina""]",114,11370
ENSG00000289970,False,0.0,0.0,0.0,0.0,NOT_IN_STRING,0.0,NOT_IN_STRING,False,0.0,False,0,"[""eye"", ""nerve"", ""retina""]",114,11370
ENSG00000289977,False,0.0,0.0,0.0,0.0,NOT_IN_STRING,0.0,NOT_IN_STRING,False,0.0,False,0,"[""eye"", ""nerve"", ""retina""]",114,11370
ENSG00000289985,False,0.0,0.0,0.0,0.0,NOT_IN_STRING,0.0,NOT_IN_STRING,False,0.0,False,0,"[""eye"", ""nerve"", ""retina""]",114,11370
ENSG00000290039,False,0.0,0.0,0.0,0.0,NOT_IN_STRING,0.0,NOT_IN_STRING,False,0.0,False,0,"[""eye"", ""nerve"", ""retina""]",114,11370
ENSG00000290080,False,0.0,0.0,0.0,0.0,NOT_IN_STRING,0.0,NOT_IN_STRING,False,0.0,False,0,"[""eye"", ""nerve"", ""retina""]",114,11370
ENSG00000290399,False,0.0,0.0,0.0,0.0,NOT_IN_STRING,0.0,NOT_IN_STRING,False,0.0,False,0,"[""eye"", ""nerve"", ""retina""]",114,11370
ENSG00000290409,False,0.0,0.0,0.0,0.0,NOT_IN_STRING,0.0,NOT_IN_STRING,False,0.0,False,0,"[""eye"", ""nerve"", ""retina""]",114,11370
ENSG00000290415,False,0.0,0.0,0.0,0.0,NOT_IN_STRING,0.0,NOT_IN_STRING,False,0.0,False,0,"[""eye"", ""nerve"", ""retina""]",114,11370
ENSG00000290458,False,0.0,0.0,0.0,0.0,NOT_IN_STRING,0.0,NOT_IN_STRING,False,0.0,False,0,"[""eye"", ""nerve"", ""retina""]",114,11370
ENSG00000290522,False,0.0,0.0,0.0,0.0,NOT_IN_STRING,0.0,NOT_IN_STRING,False,0.0,False,0,"[""eye"", ""nerve"", ""retina""]",114,11370
ENSG00000290524,False,0.0,0.0,0.0,0.0,NOT_IN_STRING,0.0,NOT_IN_STRING,False,0.0,False,0,"[""eye"", ""nerve"", ""retina""]",114,11370
ENSG00000290829,False,0.0,0.0,0.0,0.0,NOT_IN_STRING,0.0,NOT_IN_STRING,False,0.0,False,0,"[""eye"", ""nerve"", ""retina""]",114,11370
ENSG00000290563,False,0.0,0.0,0.0,0.0,NOT_IN_STRING,0.0,NOT_IN_STRING,False,0.0,False,0,"[""eye"", ""nerve"", ""retina""]",114,11370
ENSG00000290574,False,0.0,0.0,0.0,0.0,NOT_IN_STRING,0.0,NOT_IN_STRING,False,0.0,False,0,"[""eye"", ""nerve"", ""retina""]",114,11370
ENSG00000290642,False,0.0,0.0,0.0,0.0,NOT_IN_STRING,0.0,NOT_IN_STRING,False,0.0,False,0,"[""eye"", ""nerve"", ""retina""]",114,11370
ENSG00000290646,False,0.0,0.0,0.0,0.0,NOT_IN_STRING,0.0,NOT_IN_STRING,False,0.0,False,0,"[""eye"", ""nerve"", ""retina""]",114,11370
ENSG00000290667,False,0.0,0.0,0.0,0.0,NOT_IN_STRING,0.0,NOT_IN_STRING,False,0.0,False,0,"[""eye"", ""nerve"", ""retina""]",114,11370
ENSG00000290674,False,0.0,0.0,0.0,0.0,NOT_IN_STRING,0.0,NOT_IN_STRING,False,0.0,False,0,"[""eye"", ""nerve"", ""retina""]",114,11370
ENSG00000290675,False,0.0,0.0,0.0,0.0,NOT_IN_STRING,0.0,NOT_IN_STRING,False,0.0,False,0,"[""eye"", ""nerve"", ""retina""]",114,11370
ENSG00000290685,False,0.0,0.0,0.0,0.0,NOT_IN_STRING,0.0,NOT_IN_STRING,False,0.0,False,0,"[""eye"", ""nerve"", ""retina""]",114,11370
ENSG00000290701,False,0.0,0.0,0.0,0.0,NOT_IN_STRING,0.0,NOT_IN_STRING,False,0.0,False,0,"[""eye"", ""nerve"", ""retina""]",114,11370
ENSG00000290702,False,0.0,0.0,0.0,0.0,NOT_IN_STRING,0.0,NOT_IN_STRING,False,0.0,False,0,"[""eye"", ""nerve"", ""retina""]",114,11370
ENSG00000290775,False,0.0,0.0,0.0,0.0,NOT_IN_STRING,0.0,NOT_IN_STRING,False,0.0,False,0,"[""eye"", ""nerve"", ""retina""]",114,11370
ENSG00000290778,False,0.0,0.0,0.0,0.0,NOT_IN_STRING,0.0,NOT_IN_STRING,False,0.0,False,0,"[""eye"", ""nerve"", ""retina""]",114,11370
ENSG00000290812,False,0.0,0.0,0.0,0.0,NOT_IN_STRING,0.0,NOT_IN_STRING,False,0.0,False,0,"[""eye"", ""nerve"", ""retina""]",114,11370
ENSG00000290827,False,0.0,0.0,0.0,0.0,NOT_IN_STRING,0.0,NOT_IN_STRING,False,0.0,False,0,"[""eye"", ""nerve"", ""retina""]",114,11370
ENSG00000290546,False,0.0,0.0,0.0,0.0,NOT_IN_STRING,0.0,NOT_IN_STRING,False,0.0,False,0,"[""eye"", ""nerve"", ""retina""]",114,11370
ENSG00000293771,False,0.0,0.0,0.0,0.0,NOT_IN_STRING,0.0,NOT_IN_STRING,False,0.0,False,0,"[""eye"", ""nerve"", ""retina""]",114,11370
ENSG00000293803,False,0.0,0.0,0.0,0.0,NOT_IN_STRING,0.0,NOT_IN_STRING,False,0.0,False,0,"[""eye"", ""nerve"", ""retina""]",114,11370
ENSG00000293812,False,0.0,0.0,0.0,0.0,NOT_IN_STRING,0.0,NOT_IN_STRING,False,0.0,False,0,"[""eye"", ""nerve"", ""retina""]",114,11370
ENSG00000293834,False,0.0,0.0,0.0,0.0,NOT_IN_STRING,0.0,NOT_IN_STRING,False,0.0,False,0,"[""eye"", ""nerve"", ""retina""]",114,11370
ENSG00000293852,False,0.0,0.0,0.0,0.0,NOT_IN_STRING,0.0,NOT_IN_STRING,False,0.0,False,0,"[""eye"", ""nerve"", ""retina""]",114,11370
ENSG00000293886,False,0.0,0.0,0.0,0.0,NOT_IN_STRING,0.0,NOT_IN_STRING,False,0.0,False,0,"[""eye"", ""nerve"", ""retina""]",114,11370
ENSG00000293895,False,0.0,0.0,0.0,0.0,NOT_IN_STRING,0.0,NOT_IN_STRING,False,0.0,False,0,"[""eye"", ""nerve"", ""retina""]",114,11370
ENSG00000293905,False,0.0,0.0,0.0,0.0,NOT_IN_STRING,0.0,NOT_IN_STRING,False,0.0,False,0,"[""eye"", ""nerve"", ""retina""]",114,11370
ENSG00000293926,False,0.0,0.0,0.0,0.0,NOT_IN_STRING,0.0,NOT_IN_STRING,False,0.0,False,0,"[""eye"", ""nerve"", ""retina""]",114,11370
ENSG00000293937,False,0.0,0.0,0.0,0.0,NOT_IN_STRING,0.0,NOT_IN_STRING,False,0.0,False,0,"[""eye"", ""nerve"", ""retina""]",114,11370
ENSG00000293965,False,0.0,0.0,0.0,0.0,NOT_IN_STRING,0.0,NOT_IN_STRING,False,0.0,False,0,"[""eye"", ""nerve"", ""retina""]",114,11370
ENSG00000293966,False,0.0,0.0,0.0,0.0,NOT_IN_STRING,0.0,NOT_IN_STRING,False,0.0,False,0,"[""eye"", ""nerve"", ""retina""]",114,11370
ENSG00000294012,False,0.0,0.0,0.0,0.0,NOT_IN_STRING,0.0,NOT_IN_STRING,False,0.0,False,0,"[""eye"", ""nerve"", ""retina""]",114,11370
ENSG00000292994,False,0.0,0.0,0.0,0.0,NOT_IN_STRING,0.0,NOT_IN_STRING,False,0.0,False,0,"[""eye"", ""nerve"", ""retina""]",114,11370
ENSG00000294020,False,0.0,0.0,0.0,0.0,NOT_IN_STRING,0.0,NOT_IN_STRING,False,0.0,False,0,"[""eye"", ""nerve"", ""retina""]",114,11370
ENSG00000294114,False,0.0,0.0,0.0,0.0,NOT_IN_STRING,0.0,NOT_IN_STRING,False,0.0,False,0,"[""eye"", ""nerve"", ""retina""]",114,11370
ENSG00000294129,False,0.0,0.0,0.0,0.0,NOT_IN_STRING,0.0,NOT_IN_STRING,False,0.0,False,0,"[""eye"", ""nerve"", ""retina""]",114,11370
ENSG00000294130,False,0.0,0.0,0.0,0.0,NOT_IN_STRING,0.0,NOT_IN_STRING,False,0.0,False,0,"[""eye"", ""nerve"", ""retina""]",114,11370
ENSG00000294162,False,0.0,0.0,0.0,0.0,NOT_IN_STRING,0.0,NOT_IN_STRING,False,0.0,False,0,"[""eye"", ""nerve"", ""retina""]",114,11370
ENSG00000294168,False,0.0,0.0,0.0,0.0,NOT_IN_STRING,0.0,NOT_IN_STRING,False,0.0,False,0,"[""eye"", ""nerve"", ""retina""]",114,11370
ENSG00000294183,False,0.0,0.0,0.0,0.0,NOT_IN_STRING,0.0,NOT_IN_STRING,False,0.0,False,0,"[""eye"", ""nerve"", ""retina""]",114,11370
ENSG00000294201,False,0.0,0.0,0.0,0.0,NOT_IN_STRING,0.0,NOT_IN_STRING,False,0.0,False,0,"[""eye"", ""nerve"", ""retina""]",114,11370
ENSG00000294212,False,0.0,0.0,0.0,0.0,NOT_IN_STRING,0.0,NOT_IN_STRING,False,0.0,False,0,"[""eye"", ""nerve"", ""retina""]",114,11370
ENSG00000294233,False,0.0,0.0,0.0,0.0,NOT_IN_STRING,0.0,NOT_IN_STRING,False,0.0,False,0,"[""eye"", ""nerve"", ""retina""]",114,11370
ENSG00000294243,False,0.0,0.0,0.0,0.0,NOT_IN_STRING,0.0,NOT_IN_STRING,False,0.0,False,0,"[""eye"", ""nerve"", ""retina""]",114,11370
ENSG00000294250,False,0.0,0.0,0.0,0.0,NOT_IN_STRING,0.0,NOT_IN_STRING,False,0.0,False,0,"[""eye"", ""nerve"", ""retina""]",114,11370
ENSG00000294295,False,0.0,0.0,0.0,0.0,NOT_IN_STRING,0.0,NOT_IN_STRING,False,0.0,False,0,"[""eye"", ""nerve"", ""retina""]",114,11370
ENSG00000294302,False,0.0,0.0,0.0,0.0,NOT_IN_STRING,0.0,NOT_IN_STRING,False,0.0,False,0,"[""eye"", ""nerve"", ""retina""]",114,11370
ENSG00000294013,False,0.0,0.0,0.0,0.0,NOT_IN_STRING,0.0,NOT_IN_STRING,False,0.0,False,0,"[""eye"", ""nerve"", ""retina""]",114,11370
ENSG00000293024,False,0.0,0.0,0.0,0.0,NOT_IN_STRING,0.0,NOT_IN_STRING,False,0.0,False,0,"[""eye"", ""nerve"", ""retina""]",114,11370
ENSG00000293037,False,0.0,0.0,0.0,0.0,NOT_IN_STRING,0.0,NOT_IN_STRING,False,0.0,False,0,"[""eye"", ""nerve"", ""retina""]",114,11370
ENSG00000293042,False,0.0,0.0,0.0,0.0,NOT_IN_STRING,0.0,NOT_IN_STRING,False,0.0,False,0,"[""eye"", ""nerve"", ""retina""]",114,11370
ENSG00000293110,False,0.0,0.0,0.0,0.0,NOT_IN_STRING,0.0,NOT_IN_STRING,False,0.0,False,0,"[""eye"", ""nerve"", ""retina""]",114,11370
ENSG00000293156,False,0.0,0.0,0.0,0.0,NOT_IN_STRING,0.0,NOT_IN_STRING,False,0.0,False,0,"[""eye"", ""nerve"", ""retina""]",114,11370
ENSG00000293169,False,0.0,0.0,0.0,0.0,NOT_IN_STRING,0.0,NOT_IN_STRING,False,0.0,False,0,"[""eye"", ""nerve"", ""retina""]",114,11370
ENSG00000293186,False,0.0,0.0,0.0,0.0,NOT_IN_STRING,0.0,NOT_IN_STRING,False,0.0,False,0,"[""eye"", ""nerve"", ""retina""]",114,11370
ENSG00000293189,False,0.0,0.0,0.0,0.0,NOT_IN_STRING,0.0,NOT_IN_STRING,False,0.0,False,0,"[""eye"", ""nerve"", ""retina""]",114,11370
ENSG00000293203,False,0.0,0.0,0.0,0.0,NOT_IN_STRING,0.0,NOT_IN_STRING,False,0.0,False,0,"[""eye"", ""nerve"", ""retina""]",114,11370
ENSG00000293228,False,0.0,0.0,0.0,0.0,NOT_IN_STRING,0.0,NOT_IN_STRING,False,0.0,False,0,"[""eye"", ""nerve"", ""retina""]",114,11370
ENSG00000293239,False,0.0,0.0,0.0,0.0,NOT_IN_STRING,0.0,NOT_IN_STRING,False,0.0,False,0,"[""eye"", ""nerve"", ""retina""]",114,11370
ENSG00000293292,False,0.0,0.0,0.0,0.0,NOT_IN_STRING,0.0,NOT_IN_STRING,False,0.0,False,0,"[""eye"", ""nerve"", ""retina""]",114,11370
ENSG00000293299,False,0.0,0.0,0.0,0.0,NOT_IN_STRING,0.0,NOT_IN_STRING,False,0.0,False,0,"[""eye"", ""nerve"", ""retina""]",114,11370
ENSG00000293323,False,0.0,0.0,0.0,0.0,NOT_IN_STRING,0.0,NOT_IN_STRING,False,0.0,False,0,"[""eye"", ""nerve"", ""retina""]",114,11370
ENSG00000293754,False,0.0,0.0,0.0,0.0,NOT_IN_STRING,0.0,NOT_IN_STRING,False,0.0,False,0,"[""eye"", ""nerve"", ""retina""]",114,11370
ENSG00000293376,False,0.0,0.0,0.0,0.0,NOT_IN_STRING,0.0,NOT_IN_STRING,False,0.0,False,0,"[""eye"", ""nerve"", ""retina""]",114,11370
ENSG00000293377,False,0.0,0.0,0.0,0.0,NOT_IN_STRING,0.0,NOT_IN_STRING,False,0.0,False,0,"[""eye"", ""nerve"", ""retina""]",114,11370
ENSG00000293378,False,0.0,0.0,0.0,0.0,NOT_IN_STRING,0.0,NOT_IN_STRING,False,0.0,False,0,"[""eye"", ""nerve"", ""retina""]",114,11370
ENSG00000293388,False,0.0,0.0,0.0,0.0,NOT_IN_STRING,0.0,NOT_IN_STRING,False,0.0,False,0,"[""eye"", ""nerve"", ""retina""]",114,11370
ENSG00000293399,False,0.0,0.0,0.0,0.0,NOT_IN_STRING,0.0,NOT_IN_STRING,False,0.0,False,0,"[""eye"", ""nerve"", ""retina""]",114,11370
ENSG00000293427,False,0.0,0.0,0.0,0.0,NOT_IN_STRING,0.0,NOT_IN_STRING,False,0.0,False,0,"[""eye"", ""nerve"", ""retina""]",114,11370
ENSG00000293467,False,0.0,0.0,0.0,0.0,NOT_IN_STRING,0.0,NOT_IN_STRING,False,0.0,False,0,"[""eye"", ""nerve"", ""retina""]",114,11370
ENSG00000293481,False,0.0,0.0,0.0,0.0,NOT_IN_STRING,0.0,NOT_IN_STRING,False,0.0,False,0,"[""eye"", ""nerve"", ""retina""]",114,11370
ENSG00000293496,False,0.0,0.0,0.0,0.0,NOT_IN_STRING,0.0,NOT_IN_STRING,False,0.0,False,0,"[""eye"", ""nerve"", ""retina""]",114,11370
ENSG00000293576,False,0.0,0.0,0.0,0.0,NOT_IN_STRING,0.0,NOT_IN_STRING,False,0.0,False,0,"[""eye"", ""nerve"", ""retina""]",114,11370
ENSG00000293659,False,0.0,0.0,0.0,0.0,NOT_IN_STRING,0.0,NOT_IN_STRING,False,0.0,False,0,"[""eye"", ""nerve"", ""retina""]",114,11370
ENSG00000293678,False,0.0,0.0,0.0,0.0,NOT_IN_STRING,0.0,NOT_IN_STRING,False,0.0,False,0,"[""eye"", ""nerve"", ""retina""]",114,11370
ENSG00000293706,False,0.0,0.0,0.0,0.0,NOT_IN_STRING,0.0,NOT_IN_STRING,False,0.0,False,0,"[""eye"", ""nerve"", ""retina""]",114,11370
ENSG00000293751,False,0.0,0.0,0.0,0.0,NOT_IN_STRING,0.0,NOT_IN_STRING,False,0.0,False,0,"[""eye"", ""nerve"", ""retina""]",114,11370
ENSG00000293345,False,0.0,0.0,0.0,0.0,NOT_IN_STRING,0.0,NOT_IN_STRING,False,0.0,False,0,"[""eye"", ""nerve"", ""retina""]",114,11370
ENSG00000287748,False,0.0,0.0,0.0,0.0,NOT_IN_STRING,0.0,NOT_IN_STRING,False,0.0,False,0,"[""eye"", ""nerve"", ""retina""]",114,11370
ENSG00000287763,False,0.0,0.0,0.0,0.0,NOT_IN_STRING,0.0,NOT_IN_STRING,False,0.0,False,0,"[""eye"", ""nerve"", ""retina""]",114,11370
ENSG00000287766,False,0.0,0.0,0.0,0.0,NOT_IN_STRING,0.0,NOT_IN_STRING,False,0.0,False,0,"[""eye"", ""nerve"", ""retina""]",114,11370
ENSG00000287787,False,0.0,0.0,0.0,0.0,NOT_IN_STRING,0.0,NOT_IN_STRING,False,0.0,False,0,"[""eye"", ""nerve"", ""retina""]",114,11370
ENSG00000287792,False,0.0,0.0,0.0,0.0,NOT_IN_STRING,0.0,NOT_IN_STRING,False,0.0,False,0,"[""eye"", ""nerve"", ""retina""]",114,11370
ENSG00000287842,False,0.0,0.0,0.0,0.0,NOT_IN_STRING,0.0,NOT_IN_STRING,False,0.0,False,0,"[""eye"", ""nerve"", ""retina""]",114,11370
ENSG00000287860,False,0.0,0.0,0.0,0.0,NOT_IN_STRING,0.0,NOT_IN_STRING,False,0.0,False,0,"[""eye"", ""nerve"", ""retina""]",114,11370
ENSG00000287861,False,0.0,0.0,0.0,0.0,NOT_IN_STRING,0.0,NOT_IN_STRING,False,0.0,False,0,"[""eye"", ""nerve"", ""retina""]",114,11370
ENSG00000287866,False,0.0,0.0,0.0,0.0,NOT_IN_STRING,0.0,NOT_IN_STRING,False,0.0,False,0,"[""eye"", ""nerve"", ""retina""]",114,11370
ENSG00000287877,False,0.0,0.0,0.0,0.0,NOT_IN_STRING,0.0,NOT_IN_STRING,False,0.0,False,0,"[""eye"", ""nerve"", ""retina""]",114,11370
ENSG00000287879,False,0.0,0.0,0.0,0.0,NOT_IN_STRING,0.0,NOT_IN_STRING,False,0.0,False,0,"[""eye"", ""nerve"", ""retina""]",114,11370
ENSG00000287883,False,0.0,0.0,0.0,0.0,NOT_IN_STRING,0.0,NOT_IN_STRING,False,0.0,False,0,"[""eye"", ""nerve"", ""retina""]",114,11370
ENSG00000287913,False,0.0,0.0,0.0,0.0,NOT_IN_STRING,0.0,NOT_IN_STRING,False,0.0,False,0,"[""eye"", ""nerve"", ""retina""]",114,11370
ENSG00000289926,False,0.0,0.0,0.0,0.0,NOT_IN_STRING,0.0,NOT_IN_STRING,False,0.0,False,0,"[""eye"", ""nerve"", ""retina""]",114,11370
ENSG00000287940,False,0.0,0.0,0.0,0.0,NOT_IN_STRING,0.0,NOT_IN_STRING,False,0.0,False,0,"[""eye"", ""nerve"", ""retina""]",114,11370
ENSG00000287943,False,0.0,0.0,0.0,0.0,NOT_IN_STRING,0.0,NOT_IN_STRING,False,0.0,False,0,"[""eye"", ""nerve"", ""retina""]",114,11370
ENSG00000287950,False,0.0,0.0,0.0,0.0,NOT_IN_STRING,0.0,NOT_IN_STRING,False,0.0,False,0,"[""eye"", ""nerve"", ""retina""]",114,11370
ENSG00000287962,False,0.0,0.0,0.0,0.0,NOT_IN_STRING,0.0,NOT_IN_STRING,False,0.0,False,0,"[""eye"", ""nerve"", ""retina""]",114,11370
ENSG00000288004,False,0.0,0.0,0.0,0.0,NOT_IN_STRING,0.0,NOT_IN_STRING,False,0.0,False,0,"[""eye"", ""nerve"", ""retina""]",114,11370
ENSG00000288016,False,0.0,0.0,0.0,0.0,NOT_IN_STRING,0.0,NOT_IN_STRING,False,0.0,False,0,"[""eye"", ""nerve"", ""retina""]",114,11370
ENSG00000288018,False,0.0,0.0,0.0,0.0,NOT_IN_STRING,0.0,NOT_IN_STRING,False,0.0,False,0,"[""eye"", ""nerve"", ""retina""]",114,11370
ENSG00000288021,False,0.0,0.0,0.0,0.0,NOT_IN_STRING,0.0,NOT_IN_STRING,False,0.0,False,0,"[""eye"", ""nerve"", ""retina""]",114,11370
ENSG00000288036,False,0.0,0.0,0.0,0.0,NOT_IN_STRING,0.0,NOT_IN_STRING,False,0.0,False,0,"[""eye"", ""nerve"", ""retina""]",114,11370
ENSG00000288042,False,0.0,0.0,0.0,0.0,NOT_IN_STRING,0.0,NOT_IN_STRING,False,0.0,False,0,"[""eye"", ""nerve"", ""retina""]",114,11370
ENSG00000288043,False,0.0,0.0,0.0,0.0,NOT_IN_STRING,0.0,NOT_IN_STRING,False,0.0,False,0,"[""eye"", ""nerve"", ""retina""]",114,11370
ENSG00000288047,False,0.0,0.0,0.0,0.0,NOT_IN_STRING,0.0,NOT_IN_STRING,False,0.0,False,0,"[""eye"", ""nerve"", ""retina""]",114,11370
ENSG00000288060,False,0.0,0.0,0.0,0.0,NOT_IN_STRING,0.0,NOT_IN_STRING,False,0.0,False,0,"[""eye"", ""nerve"", ""retina""]",114,11370
ENSG00000288067,False,0.0,0.0,0.0,0.0,NOT_IN_STRING,0.0,NOT_IN_STRING,False,0.0,False,0,"[""eye"", ""nerve"", ""retina""]",114,11370
ENSG00000287915,False,0.0,0.0,0.0,0.0,NOT_IN_STRING,0.0,NOT_IN_STRING,False,0.0,False,0,"[""eye"", ""nerve"", ""retina""]",114,11370
ENSG00000287307,False,0.0,0.0,0.0,0.0,NOT_IN_STRING,0.0,NOT_IN_STRING,False,0.0,False,0,"[""eye"", ""nerve"", ""retina""]",114,11370
ENSG00000287308,False,0.0,0.0,0.0,0.0,NOT_IN_STRING,0.0,NOT_IN_STRING,False,0.0,False,0,"[""eye"", ""nerve"", ""retina""]",114,11370
ENSG00000287312,False,0.0,0.0,0.0,0.0,NOT_IN_STRING,0.0,NOT_IN_STRING,False,0.0,False,0,"[""eye"", ""nerve"", ""retina""]",114,11370
ENSG00000287322,False,0.0,0.0,0.0,0.0,NOT_IN_STRING,0.0,NOT_IN_STRING,False,0.0,False,0,"[""eye"", ""nerve"", ""retina""]",114,11370
ENSG00000287330,False,0.0,0.0,0.0,0.0,NOT_IN_STRING,0.0,NOT_IN_STRING,False,0.0,False,0,"[""eye"", ""nerve"", ""retina""]",114,11370
ENSG00000287358,False,0.0,0.0,0.0,0.0,NOT_IN_STRING,0.0,NOT_IN_STRING,False,0.0,False,0,"[""eye"", ""nerve"", ""retina""]",114,11370
ENSG00000287381,False,0.0,0.0,0.0,0.0,NOT_IN_STRING,0.0,NOT_IN_STRING,False,0.0,False,0,"[""eye"", ""nerve"", ""retina""]",114,11370
ENSG00000287391,False,0.0,0.0,0.0,0.0,NOT_IN_STRING,0.0,NOT_IN_STRING,False,0.0,False,0,"[""eye"", ""nerve"", ""retina""]",114,11370
ENSG00000287401,False,0.0,0.0,0.0,0.0,NOT_IN_STRING,0.0,NOT_IN_STRING,False,0.0,False,0,"[""eye"", ""nerve"", ""retina""]",114,11370
ENSG00000287410,False,0.0,0.0,0.0,0.0,NOT_IN_STRING,0.0,NOT_IN_STRING,False,0.0,False,0,"[""eye"", ""nerve"", ""retina""]",114,11370
ENSG00000287452,False,0.0,0.0,0.0,0.0,NOT_IN_STRING,0.0,NOT_IN_STRING,False,0.0,False,0,"[""eye"", ""nerve"", ""retina""]",114,11370
ENSG00000287456,False,0.0,0.0,0.0,0.0,NOT_IN_STRING,0.0,NOT_IN_STRING,False,0.0,False,0,"[""eye"", ""nerve"", ""retina""]",114,11370
ENSG00000287462,False,0.0,0.0,0.0,0.0,NOT_IN_STRING,0.0,NOT_IN_STRING,False,0.0,False,0,"[""eye"", ""nerve"", ""retina""]",114,11370
ENSG00000287468,False,0.0,0.0,0.0,0.0,NOT_IN_STRING,0.0,NOT_IN_STRING,False,0.0,False,0,"[""eye"", ""nerve"", ""retina""]",114,11370
ENSG00000287719,False,0.0,0.0,0.0,0.0,NOT_IN_STRING,0.0,NOT_IN_STRING,False,0.0,False,0,"[""eye"", ""nerve"", ""retina""]",114,11370
ENSG00000287474,False,0.0,0.0,0.0,0.0,NOT_IN_STRING,0.0,NOT_IN_STRING,False,0.0,False,0,"[""eye"", ""nerve"", ""retina""]",114,11370
ENSG00000287483,False,0.0,0.0,0.0,0.0,NOT_IN_STRING,0.0,NOT_IN_STRING,False,0.0,False,0,"[""eye"", ""nerve"", ""retina""]",114,11370
ENSG00000287526,False,0.0,0.0,0.0,0.0,NOT_IN_STRING,0.0,NOT_IN_STRING,False,0.0,False,0,"[""eye"", ""nerve"", ""retina""]",114,11370
ENSG00000287544,False,0.0,0.0,0.0,0.0,NOT_IN_STRING,0.0,NOT_IN_STRING,False,0.0,False,0,"[""eye"", ""nerve"", ""retina""]",114,11370
ENSG00000287570,False,0.0,0.0,0.0,0.0,NOT_IN_STRING,0.0,NOT_IN_STRING,False,0.0,False,0,"[""eye"", ""nerve"", ""retina""]",114,11370
ENSG00000287578,False,0.0,0.0,0.0,0.0,NOT_IN_STRING,0.0,NOT_IN_STRING,False,0.0,False,0,"[""eye"", ""nerve"", ""retina""]",114,11370
ENSG00000287596,False,0.0,0.0,0.0,0.0,NOT_IN_STRING,0.0,NOT_IN_STRING,False,0.0,False,0,"[""eye"", ""nerve"", ""retina""]",114,11370
ENSG00000287598,False,0.0,0.0,0.0,0.0,NOT_IN_STRING,0.0,NOT_IN_STRING,False,0.0,False,0,"[""eye"", ""nerve"", ""retina""]",114,11370
ENSG00000287636,False,0.0,0.0,0.0,0.0,NOT_IN_STRING,0.0,NOT_IN_STRING,False,0.0,False,0,"[""eye"", ""nerve"", ""retina""]",114,11370
ENSG00000287657,False,0.0,0.0,0.0,0.0,NOT_IN_STRING,0.0,NOT_IN_STRING,False,0.0,False,0,"[""eye"", ""nerve"", ""retina""]",114,11370
ENSG00000287660,False,0.0,0.0,0.0,0.0,NOT_IN_STRING,0.0,NOT_IN_STRING,False,0.0,False,0,"[""eye"", ""nerve"", ""retina""]",114,11370
ENSG00000287677,False,0.0,0.0,0.0,0.0,NOT_IN_STRING,0.0,NOT_IN_STRING,False,0.0,False,0,"[""eye"", ""nerve"", ""retina""]",114,11370
ENSG00000287683,False,0.0,0.0,0.0,0.0,NOT_IN_STRING,0.0,NOT_IN_STRING,False,0.0,False,0,"[""eye"", ""nerve"", ""retina""]",114,11370
ENSG00000287689,False,0.0,0.0,0.0,0.0,NOT_IN_STRING,0.0,NOT_IN_STRING,False,0.0,False,0,"[""eye"", ""nerve"", ""retina""]",114,11370
ENSG00000287471,False,0.0,0.0,0.0,0.0,NOT_IN_STRING,0.0,NOT_IN_STRING,False,0.0,False,0,"[""eye"", ""nerve"", ""retina""]",114,11370
ENSG00000289189,False,0.0,0.0,0.0,0.0,NOT_IN_STRING,0.0,NOT_IN_STRING,False,0.0,False,0,"[""eye"", ""nerve"", ""retina""]",114,11370
ENSG00000289224,False,0.0,0.0,0.0,0.0,NOT_IN_STRING,0.0,NOT_IN_STRING,False,0.0,False,0,"[""eye"", ""nerve"", ""retina""]",114,11370
ENSG00000289232,False,0.0,0.0,0.0,0.0,NOT_IN_STRING,0.0,NOT_IN_STRING,False,0.0,False,0,"[""eye"", ""nerve"", ""retina""]",114,11370
ENSG00000289299,False,0.0,0.0,0.0,0.0,NOT_IN_STRING,0.0,NOT_IN_STRING,False,0.0,False,0,"[""eye"", ""nerve"", ""retina""]",114,11370
ENSG00000289358,False,0.0,0.0,0.0,0.0,NOT_IN_STRING,0.0,NOT_IN_STRING,False,0.0,False,0,"[""eye"", ""nerve"", ""retina""]",114,11370
ENSG00000289368,False,0.0,0.0,0.0,0.0,NOT_IN_STRING,0.0,NOT_IN_STRING,False,0.0,False,0,"[""eye"", ""nerve"", ""retina""]",114,11370
ENSG00000289387,False,0.0,0.0,0.0,0.0,NOT_IN_STRING,0.0,NOT_IN_STRING,False,0.0,False,0,"[""eye"", ""nerve"", ""retina""]",114,11370
ENSG00000289397,False,0.0,0.0,0.0,0.0,NOT_IN_STRING,0.0,NOT_IN_STRING,False,0.0,False,0,"[""eye"", ""nerve"", ""retina""]",114,11370
ENSG00000289422,False,0.0,0.0,0.0,0.0,NOT_IN_STRING,0.0,NOT_IN_STRING,False,0.0,False,0,"[""eye"", ""nerve"", ""retina""]",114,11370
ENSG00000289427,False,0.0,0.0,0.0,0.0,NOT_IN_STRING,0.0,NOT_IN_STRING,False,0.0,False,0,"[""eye"", ""nerve"", ""retina""]",114,11370
ENSG00000289445,False,0.0,0.0,0.0,0.0,NOT_IN_STRING,0.0,NOT_IN_STRING,False,0.0,False,0,"[""eye"", ""nerve"", ""retina""]",114,11370
ENSG00000289464,False,0.0,0.0,0.0,0.0,NOT_IN_STRING,0.0,NOT_IN_STRING,False,0.0,False,0,"[""eye"", ""nerve"", ""retina""]",114,11370
ENSG00000289475,False,0.0,0.0,0.0,0.0,NOT_IN_STRING,0.0,NOT_IN_STRING,False,0.0,False,0,"[""eye"", ""nerve"", ""retina""]",114,11370
ENSG00000288075,False,0.0,0.0,0.0,0.0,NOT_IN_STRING,0.0,NOT_IN_STRING,False,0.0,False,0,"[""eye"", ""nerve"", ""retina""]",114,11370
ENSG00000289509,False,0.0,0.0,0.0,0.0,NOT_IN_STRING,0.0,NOT_IN_STRING,False,0.0,False,0,"[""eye"", ""nerve"", ""retina""]",114,11370
ENSG00000289527,False,0.0,0.0,0.0,0.0,NOT_IN_STRING,0.0,NOT_IN_STRING,False,0.0,False,0,"[""eye"", ""nerve"", ""retina""]",114,11370
ENSG00000289535,False,0.0,0.0,0.0,0.0,NOT_IN_STRING,0.0,NOT_IN_STRING,False,0.0,False,0,"[""eye"", ""nerve"", ""retina""]",114,11370
ENSG00000289537,False,0.0,0.0,0.0,0.0,NOT_IN_STRING,0.0,NOT_IN_STRING,False,0.0,False,0,"[""eye"", ""nerve"", ""retina""]",114,11370
ENSG00000289561,False,0.0,0.0,0.0,0.0,NOT_IN_STRING,0.0,NOT_IN_STRING,False,0.0,False,0,"[""eye"", ""nerve"", ""retina""]",114,11370
ENSG00000289579,False,0.0,0.0,0.0,0.0,NOT_IN_STRING,0.0,NOT_IN_STRING,False,0.0,False,0,"[""eye"", ""nerve"", ""retina""]",114,11370
ENSG00000289605,False,0.0,0.0,0.0,0.0,NOT_IN_STRING,0.0,NOT_IN_STRING,False,0.0,False,0,"[""eye"", ""nerve"", ""retina""]",114,11370
ENSG00000289611,False,0.0,0.0,0.0,0.0,NOT_IN_STRING,0.0,NOT_IN_STRING,False,0.0,False,0,"[""eye"", ""nerve"", ""retina""]",114,11370
ENSG00000289644,False,0.0,0.0,0.0,0.0,NOT_IN_STRING,0.0,NOT_IN_STRING,False,0.0,False,0,"[""eye"", ""nerve"", ""retina""]",114,11370
ENSG00000289723,False,0.0,0.0,0.0,0.0,NOT_IN_STRING,0.0,NOT_IN_STRING,False,0.0,False,0,"[""eye"", ""nerve"", ""retina""]",114,11370
ENSG00000289725,False,0.0,0.0,0.0,0.0,NOT_IN_STRING,0.0,NOT_IN_STRING,False,0.0,False,0,"[""eye"", ""nerve"", ""retina""]",114,11370
ENSG00000289844,False,0.0,0.0,0.0,0.0,NOT_IN_STRING,0.0,NOT_IN_STRING,False,0.0,False,0,"[""eye"", ""nerve"", ""retina""]",114,11370
ENSG00000289861,False,0.0,0.0,0.0,0.0,NOT_IN_STRING,0.0,NOT_IN_STRING,False,0.0,False,0,"[""eye"", ""nerve"", ""retina""]",114,11370
ENSG00000289899,False,0.0,0.0,0.0,0.0,NOT_IN_STRING,0.0,NOT_IN_STRING,False,0.0,False,0,"[""eye"", ""nerve"", ""retina""]",114,11370
ENSG00000289478,False,0.0,0.0,0.0,0.0,NOT_IN_STRING,0.0,NOT_IN_STRING,False,0.0,False,0,"[""eye"", ""nerve"", ""retina""]",114,11370
ENSG00000288102,False,0.0,0.0,0.0,0.0,NOT_IN_STRING,0.0,NOT_IN_STRING,False,0.0,False,0,"[""eye"", ""nerve"", ""retina""]",114,11370
ENSG00000288104,False,0.0,0.0,0.0,0.0,NOT_IN_STRING,0.0,NOT_IN_STRING,False,0.0,False,0,"[""eye"", ""nerve"", ""retina""]",114,11370
ENSG00000288106,False,0.0,0.0,0.0,0.0,NOT_IN_STRING,0.0,NOT_IN_STRING,False,0.0,False,0,"[""eye"", ""nerve"", ""retina""]",114,11370
ENSG00000288109,False,0.0,0.0,0.0,0.0,NOT_IN_STRING,0.0,NOT_IN_STRING,False,0.0,False,0,"[""eye"", ""nerve"", ""retina""]",114,11370
ENSG00000288302,False,0.0,0.0,0.0,0.0,NOT_IN_STRING,0.0,NOT_IN_STRING,False,0.0,False,0,"[""eye"", ""nerve"", ""retina""]",114,11370
ENSG00000288552,False,0.0,0.0,0.0,0.0,NOT_IN_STRING,0.0,NOT_IN_STRING,False,0.0,False,0,"[""eye"", ""nerve"", ""retina""]",114,11370
ENSG00000288578,False,0.0,0.0,0.0,0.0,NOT_IN_STRING,0.0,NOT_IN_STRING,False,0.0,False,0,"[""eye"", ""nerve"", ""retina""]",114,11370
ENSG00000288663,False,0.0,0.0,0.0,0.0,NOT_IN_STRING,0.0,NOT_IN_STRING,False,0.0,False,0,"[""eye"", ""nerve"", ""retina""]",114,11370
ENSG00000288694,False,0.0,0.0,0.0,0.0,NOT_IN_STRING,0.0,NOT_IN_STRING,False,0.0,False,0,"[""eye"", ""nerve"", ""retina""]",114,11370
ENSG00000288696,False,0.0,0.0,0.0,0.0,NOT_IN_STRING,0.0,NOT_IN_STRING,False,0.0,False,0,"[""eye"", ""nerve"", ""retina""]",114,11370
ENSG00000288714,False,0.0,0.0,0.0,0.0,NOT_IN_STRING,0.0,NOT_IN_STRING,False,0.0,False,0,"[""eye"", ""nerve"", ""retina""]",114,11370
ENSG00000288742,False,0.0,0.0,0.0,0.0,NOT_IN_STRING,0.0,NOT_IN_STRING,False,0.0,False,0,"[""eye"", ""nerve"", ""retina""]",114,11370
ENSG00000288768,False,0.0,0.0,0.0,0.0,NOT_IN_STRING,0.0,NOT_IN_STRING,False,0.0,False,0,"[""eye"", ""nerve"", ""retina""]",114,11370
ENSG00000288779,False,0.0,0.0,0.0,0.0,NOT_IN_STRING,0.0,NOT_IN_STRING,False,0.0,False,0,"[""eye"", ""nerve"", ""retina""]",114,11370
ENSG00000289097,False,0.0,0.0,0.0,0.0,NOT_IN_STRING,0.0,NOT_IN_STRING,False,0.0,False,0,"[""eye"", ""nerve"", ""retina""]",114,11370
ENSG00000288815,False,0.0,0.0,0.0,0.0,NOT_IN_STRING,0.0,NOT_IN_STRING,False,0.0,False,0,"[""eye"", ""nerve"", ""retina""]",114,11370
ENSG00000288818,False,0.0,0.0,0.0,0.0,NOT_IN_STRING,0.0,NOT_IN_STRING,False,0.0,False,0,"[""eye"", ""nerve"", ""retina""]",114,11370
ENSG00000288826,False,0.0,0.0,0.0,0.0,NOT_IN_STRING,0.0,NOT_IN_STRING,False,0.0,False,0,"[""eye"", ""nerve"", ""retina""]",114,11370
ENSG00000288828,False,0.0,0.0,0.0,0.0,NOT_IN_STRING,0.0,NOT_IN_STRING,False,0.0,False,0,"[""eye"", ""nerve"", ""retina""]",114,11370
ENSG00000288843,False,0.0,0.0,0.0,0.0,NOT_IN_STRING,0.0,NOT_IN_STRING,False,0.0,False,0,"[""eye"", ""nerve"", ""retina""]",114,11370
ENSG00000288875,False,0.0,0.0,0.0,0.0,NOT_IN_STRING,0.0,NOT_IN_STRING,False,0.0,False,0,"[""eye"", ""nerve"", ""retina""]",114,11370
ENSG00000288878,False,0.0,0.0,0.0,0.0,NOT_IN_STRING,0.0,NOT_IN_STRING,False,0.0,False,0,"[""eye"", ""nerve"", ""retina""]",114,11370
ENSG00000288887,False,0.0,0.0,0.0,0.0,NOT_IN_STRING,0.0,NOT_IN_STRING,False,0.0,False,0,"[""eye"", ""nerve"", ""retina""]",114,11370
ENSG00000288911,False,0.0,0.0,0.0,0.0,NOT_IN_STRING,0.0,NOT_IN_STRING,False,0.0,False,0,"[""eye"", ""nerve"", ""retina""]",114,11370
ENSG00000288939,False,0.0,0.0,0.0,0.0,NOT_IN_STRING,0.0,NOT_IN_STRING,False,0.0,False,0,"[""eye"", ""nerve"", ""retina""]",114,11370
ENSG00000288994,False,0.0,0.0,0.0,0.0,NOT_IN_STRING,0.0,NOT_IN_STRING,False,0.0,False,0,"[""eye"", ""nerve"", ""retina""]",114,11370
ENSG00000289000,False,0.0,0.0,0.0,0.0,NOT_IN_STRING,0.0,NOT_IN_STRING,False,0.0,False,0,"[""eye"", ""nerve"", ""retina""]",114,11370
ENSG00000289034,False,0.0,0.0,0.0,0.0,NOT_IN_STRING,0.0,NOT_IN_STRING,False,0.0,False,0,"[""eye"", ""nerve"", ""retina""]",114,11370
ENSG00000289060,False,0.0,0.0,0.0,0.0,NOT_IN_STRING,0.0,NOT_IN_STRING,False,0.0,False,0,"[""eye"", ""nerve"", ""retina""]",114,11370
ENSG00000288813,False,0.0,0.0,0.0,0.0,NOT_IN_STRING,0.0,NOT_IN_STRING,False,0.0,False,0,"[""eye"", ""nerve"", ""retina""]",114,11370
ENSG00000296681,False,0.0,0.0,0.0,0.0,NOT_IN_STRING,0.0,NOT_IN_STRING,False,0.0,False,0,"[""eye"", ""nerve"", ""retina""]",114,11370
ENSG00000296683,False,0.0,0.0,0.0,0.0,NOT_IN_STRING,0.0,NOT_IN_STRING,False,0.0,False,0,"[""eye"", ""nerve"", ""retina""]",114,11370
ENSG00000296689,False,0.0,0.0,0.0,0.0,NOT_IN_STRING,0.0,NOT_IN_STRING,False,0.0,False,0,"[""eye"", ""nerve"", ""retina""]",114,11370
ENSG00000296725,False,0.0,0.0,0.0,0.0,NOT_IN_STRING,0.0,NOT_IN_STRING,False,0.0,False,0,"[""eye"", ""nerve"", ""retina""]",114,11370
ENSG00000296735,False,0.0,0.0,0.0,0.0,NOT_IN_STRING,0.0,NOT_IN_STRING,False,0.0,False,0,"[""eye"", ""nerve"", ""retina""]",114,11370
ENSG00000296740,False,0.0,0.0,0.0,0.0,NOT_IN_STRING,0.0,NOT_IN_STRING,False,0.0,False,0,"[""eye"", ""nerve"", ""retina""]",114,11370
ENSG00000296751,False,0.0,0.0,0.0,0.0,NOT_IN_STRING,0.0,NOT_IN_STRING,False,0.0,False,0,"[""eye"", ""nerve"", ""retina""]",114,11370
ENSG00000296758,False,0.0,0.0,0.0,0.0,NOT_IN_STRING,0.0,NOT_IN_STRING,False,0.0,False,0,"[""eye"", ""nerve"", ""retina""]",114,11370
ENSG00000296787,False,0.0,0.0,0.0,0.0,NOT_IN_STRING,0.0,NOT_IN_STRING,False,0.0,False,0,"[""eye"", ""nerve"", ""retina""]",114,11370
ENSG00000296790,False,0.0,0.0,0.0,0.0,NOT_IN_STRING,0.0,NOT_IN_STRING,False,0.0,False,0,"[""eye"", ""nerve"", ""retina""]",114,11370
ENSG00000296809,False,0.0,0.0,0.0,0.0,NOT_IN_STRING,0.0,NOT_IN_STRING,False,0.0,False,0,"[""eye"", ""nerve"", ""retina""]",114,11370
ENSG00000296816,False,0.0,0.0,0.0,0.0,NOT_IN_STRING,0.0,NOT_IN_STRING,False,0.0,False,0,"[""eye"", ""nerve"", ""retina""]",114,11370
ENSG00000296818,False,0.0,0.0,0.0,0.0,NOT_IN_STRING,0.0,NOT_IN_STRING,False,0.0,False,0,"[""eye"", ""nerve"", ""retina""]",114,11370
ENSG00000294323,False,0.0,0.0,0.0,0.0,NOT_IN_STRING,0.0,NOT_IN_STRING,False,0.0,False,0,"[""eye"", ""nerve"", ""retina""]",114,11370
ENSG00000296851,False,0.0,0.0,0.0,0.0,NOT_IN_STRING,0.0,NOT_IN_STRING,False,0.0,False,0,"[""eye"", ""nerve"", ""retina""]",114,11370
ENSG00000296856,False,0.0,0.0,0.0,0.0,NOT_IN_STRING,0.0,NOT_IN_STRING,False,0.0,False,0,"[""eye"", ""nerve"", ""retina""]",114,11370
ENSG00000296867,False,0.0,0.0,0.0,0.0,NOT_IN_STRING,0.0,NOT_IN_STRING,False,0.0,False,0,"[""eye"", ""nerve"", ""retina""]",114,11370
ENSG00000296920,False,0.0,0.0,0.0,0.0,NOT_IN_STRING,0.0,NOT_IN_STRING,False,0.0,False,0,"[""eye"", ""nerve"", ""retina""]",114,11370
ENSG00000296947,False,0.0,0.0,0.0,0.0,NOT_IN_STRING,0.0,NOT_IN_STRING,False,0.0,False,0,"[""eye"", ""nerve"", ""retina""]",114,11370
ENSG00000296965,False,0.0,0.0,0.0,0.0,NOT_IN_STRING,0.0,NOT_IN_STRING,False,0.0,False,0,"[""eye"", ""nerve"", ""retina""]",114,11370
ENSG00000296974,False,0.0,0.0,0.0,0.0,NOT_IN_STRING,0.0,NOT_IN_STRING,False,0.0,False,0,"[""eye"", ""nerve"", ""retina""]",114,11370
ENSG00000297031,False,0.0,0.0,0.0,0.0,NOT_IN_STRING,0.0,NOT_IN_STRING,False,0.0,False,0,"[""eye"", ""nerve"", ""retina""]",114,11370
ENSG00000297040,False,0.0,0.0,0.0,0.0,NOT_IN_STRING,0.0,NOT_IN_STRING,False,0.0,False,0,"[""eye"", ""nerve"", ""retina""]",114,11370
ENSG00000297046,False,0.0,0.0,0.0,0.0,NOT_IN_STRING,0.0,NOT_IN_STRING,False,0.0,False,0,"[""eye"", ""nerve"", ""retina""]",114,11370
ENSG00000297048,False,0.0,0.0,0.0,0.0,NOT_IN_STRING,0.0,NOT_IN_STRING,False,0.0,False,0,"[""eye"", ""nerve"", ""retina""]",114,11370
ENSG00000297079,False,0.0,0.0,0.0,0.0,NOT_IN_STRING,0.0,NOT_IN_STRING,False,0.0,False,0,"[""eye"", ""nerve"", ""retina""]",114,11370
ENSG00000297146,False,0.0,0.0,0.0,0.0,NOT_IN_STRING,0.0,NOT_IN_STRING,False,0.0,False,0,"[""eye"", ""nerve"", ""retina""]",114,11370
ENSG00000297155,False,0.0,0.0,0.0,0.0,NOT_IN_STRING,0.0,NOT_IN_STRING,False,0.0,False,0,"[""eye"", ""nerve"", ""retina""]",114,11370
ENSG00000296837,False,0.0,0.0,0.0,0.0,NOT_IN_STRING,0.0,NOT_IN_STRING,False,0.0,False,0,"[""eye"", ""nerve"", ""retina""]",114,11370
ENSG00000296175,False,0.0,0.0,0.0,0.0,NOT_IN_STRING,0.0,NOT_IN_STRING,False,0.0,False,0,"[""eye"", ""nerve"", ""retina""]",114,11370
ENSG00000296183,False,0.0,0.0,0.0,0.0,NOT_IN_STRING,0.0,NOT_IN_STRING,False,0.0,False,0,"[""eye"", ""nerve"", ""retina""]",114,11370
ENSG00000296194,False,0.0,0.0,0.0,0.0,NOT_IN_STRING,0.0,NOT_IN_STRING,False,0.0,False,0,"[""eye"", ""nerve"", ""retina""]",114,11370
ENSG00000296197,False,0.0,0.0,0.0,0.0,NOT_IN_STRING,0.0,NOT_IN_STRING,False,0.0,False,0,"[""eye"", ""nerve"", ""retina""]",114,11370
ENSG00000296233,False,0.0,0.0,0.0,0.0,NOT_IN_STRING,0.0,NOT_IN_STRING,False,0.0,False,0,"[""eye"", ""nerve"", ""retina""]",114,11370
ENSG00000296268,False,0.0,0.0,0.0,0.0,NOT_IN_STRING,0.0,NOT_IN_STRING,False,0.0,False,0,"[""eye"", ""nerve"", ""retina""]",114,11370
ENSG00000296269,False,0.0,0.0,0.0,0.0,NOT_IN_STRING,0.0,NOT_IN_STRING,False,0.0,False,0,"[""eye"", ""nerve"", ""retina""]",114,11370
ENSG00000296281,False,0.0,0.0,0.0,0.0,NOT_IN_STRING,0.0,NOT_IN_STRING,False,0.0,False,0,"[""eye"", ""nerve"", ""retina""]",114,11370
ENSG00000296324,False,0.0,0.0,0.0,0.0,NOT_IN_STRING,0.0,NOT_IN_STRING,False,0.0,False,0,"[""eye"", ""nerve"", ""retina""]",114,11370
ENSG00000296327,False,0.0,0.0,0.0,0.0,NOT_IN_STRING,0.0,NOT_IN_STRING,False,0.0,False,0,"[""eye"", ""nerve"", ""retina""]",114,11370
ENSG00000296353,False,0.0,0.0,0.0,0.0,NOT_IN_STRING,0.0,NOT_IN_STRING,False,0.0,False,0,"[""eye"", ""nerve"", ""retina""]",114,11370
ENSG00000296393,False,0.0,0.0,0.0,0.0,NOT_IN_STRING,0.0,NOT_IN_STRING,False,0.0,False,0,"[""eye"", ""nerve"", ""retina""]",114,11370
ENSG00000296402,False,0.0,0.0,0.0,0.0,NOT_IN_STRING,0.0,NOT_IN_STRING,False,0.0,False,0,"[""eye"", ""nerve"", ""retina""]",114,11370
ENSG00000296409,False,0.0,0.0,0.0,0.0,NOT_IN_STRING,0.0,NOT_IN_STRING,False,0.0,False,0,"[""eye"", ""nerve"", ""retina""]",114,11370
ENSG00000296654,False,0.0,0.0,0.0,0.0,NOT_IN_STRING,0.0,NOT_IN_STRING,False,0.0,False,0,"[""eye"", ""nerve"", ""retina""]",114,11370
ENSG00000296416,False,0.0,0.0,0.0,0.0,NOT_IN_STRING,0.0,NOT_IN_STRING,False,0.0,False,0,"[""eye"", ""nerve"", ""retina""]",114,11370
ENSG00000296445,False,0.0,0.0,0.0,0.0,NOT_IN_STRING,0.0,NOT_IN_STRING,False,0.0,False,0,"[""eye"", ""nerve"", ""retina""]",114,11370
ENSG00000296464,False,0.0,0.0,0.0,0.0,NOT_IN_STRING,0.0,NOT_IN_STRING,False,0.0,False,0,"[""eye"", ""nerve"", ""retina""]",114,11370
ENSG00000296474,False,0.0,0.0,0.0,0.0,NOT_IN_STRING,0.0,NOT_IN_STRING,False,0.0,False,0,"[""eye"", ""nerve"", ""retina""]",114,11370
ENSG00000296481,False,0.0,0.0,0.0,0.0,NOT_IN_STRING,0.0,NOT_IN_STRING,False,0.0,False,0,"[""eye"", ""nerve"", ""retina""]",114,11370
ENSG00000296482,False,0.0,0.0,0.0,0.0,NOT_IN_STRING,0.0,NOT_IN_STRING,False,0.0,False,0,"[""eye"", ""nerve"", ""retina""]",114,11370
ENSG00000296490,False,0.0,0.0,0.0,0.0,NOT_IN_STRING,0.0,NOT_IN_STRING,False,0.0,False,0,"[""eye"", ""nerve"", ""retina""]",114,11370
ENSG00000296498,False,0.0,0.0,0.0,0.0,NOT_IN_STRING,0.0,NOT_IN_STRING,False,0.0,False,0,"[""eye"", ""nerve"", ""retina""]",114,11370
ENSG00000296513,False,0.0,0.0,0.0,0.0,NOT_IN_STRING,0.0,NOT_IN_STRING,False,0.0,False,0,"[""eye"", ""nerve"", ""retina""]",114,11370
ENSG00000296607,False,0.0,0.0,0.0,0.0,NOT_IN_STRING,0.0,NOT_IN_STRING,False,0.0,False,0,"[""eye"", ""nerve"", ""retina""]",114,11370
ENSG00000296609,False,0.0,0.0,0.0,0.0,NOT_IN_STRING,0.0,NOT_IN_STRING,False,0.0,False,0,"[""eye"", ""nerve"", ""retina""]",114,11370
ENSG00000296624,False,0.0,0.0,0.0,0.0,NOT_IN_STRING,0.0,NOT_IN_STRING,False,0.0,False,0,"[""eye"", ""nerve"", ""retina""]",114,11370
ENSG00000296635,False,0.0,0.0,0.0,0.0,NOT_IN_STRING,0.0,NOT_IN_STRING,False,0.0,False,0,"[""eye"", ""nerve"", ""retina""]",114,11370
ENSG00000296639,False,0.0,0.0,0.0,0.0,NOT_IN_STRING,0.0,NOT_IN_STRING,False,0.0,False,0,"[""eye"", ""nerve"", ""retina""]",114,11370
ENSG00000296415,False,0.0,0.0,0.0,0.0,NOT_IN_STRING,0.0,NOT_IN_STRING,False,0.0,False,0,"[""eye"", ""nerve"", ""retina""]",114,11370
ENSG00000297653,False,0.0,0.0,0.0,0.0,NOT_IN_STRING,0.0,NOT_IN_STRING,False,0.0,False,0,"[""eye"", ""nerve"", ""retina""]",114,11370
ENSG00000297655,False,0.0,0.0,0.0,0.0,NOT_IN_STRING,0.0,NOT_IN_STRING,False,0.0,False,0,"[""eye"", ""nerve"", ""retina""]",114,11370
ENSG00000297679,False,0.0,0.0,0.0,0.0,NOT_IN_STRING,0.0,NOT_IN_STRING,False,0.0,False,0,"[""eye"", ""nerve"", ""retina""]",114,11370
ENSG00000297690,False,0.0,0.0,0.0,0.0,NOT_IN_STRING,0.0,NOT_IN_STRING,False,0.0,False,0,"[""eye"", ""nerve"", ""retina""]",114,11370
ENSG00000297702,False,0.0,0.0,0.0,0.0,NOT_IN_STRING,0.0,NOT_IN_STRING,False,0.0,False,0,"[""eye"", ""nerve"", ""retina""]",114,11370
ENSG00000297711,False,0.0,0.0,0.0,0.0,NOT_IN_STRING,0.0,NOT_IN_STRING,False,0.0,False,0,"[""eye"", ""nerve"", ""retina""]",114,11370
ENSG00000297742,False,0.0,0.0,0.0,0.0,NOT_IN_STRING,0.0,NOT_IN_STRING,False,0.0,False,0,"[""eye"", ""nerve"", ""retina""]",114,11370
ENSG00000297746,False,0.0,0.0,0.0,0.0,NOT_IN_STRING,0.0,NOT_IN_STRING,False,0.0,False,0,"[""eye"", ""nerve"", ""retina""]",114,11370
ENSG00000297778,False,0.0,0.0,0.0,0.0,NOT_IN_STRING,0.0,NOT_IN_STRING,False,0.0,False,0,"[""eye"", ""nerve"", ""retina""]",114,11370
ENSG00000297786,False,0.0,0.0,0.0,0.0,NOT_IN_STRING,0.0,NOT_IN_STRING,False,0.0,False,0,"[""eye"", ""nerve"", ""retina""]",114,11370
ENSG00000297796,False,0.0,0.0,0.0,0.0,NOT_IN_STRING,0.0,NOT_IN_STRING,False,0.0,False,0,"[""eye"", ""nerve"", ""retina""]",114,11370
ENSG00000297816,False,0.0,0.0,0.0,0.0,NOT_IN_STRING,0.0,NOT_IN_STRING,False,0.0,False,0,"[""eye"", ""nerve"", ""retina""]",114,11370
ENSG00000297818,False,0.0,0.0,0.0,0.0,NOT_IN_STRING,0.0,NOT_IN_STRING,False,0.0,False,0,"[""eye"", ""nerve"", ""retina""]",114,11370
ENSG00000297182,False,0.0,0.0,0.0,0.0,NOT_IN_STRING,0.0,NOT_IN_STRING,False,0.0,False,0,"[""eye"", ""nerve"", ""retina""]",114,11370
ENSG00000297836,False,0.0,0.0,0.0,0.0,NOT_IN_STRING,0.0,NOT_IN_STRING,False,0.0,False,0,"[""eye"", ""nerve"", ""retina""]",114,11370
ENSG00000297851,False,0.0,0.0,0.0,0.0,NOT_IN_STRING,0.0,NOT_IN_STRING,False,0.0,False,0,"[""eye"", ""nerve"", ""retina""]",114,11370
ENSG00000297859,False,0.0,0.0,0.0,0.0,NOT_IN_STRING,0.0,NOT_IN_STRING,False,0.0,False,0,"[""eye"", ""nerve"", ""retina""]",114,11370
ENSG00000297869,False,0.0,0.0,0.0,0.0,NOT_IN_STRING,0.0,NOT_IN_STRING,False,0.0,False,0,"[""eye"", ""nerve"", ""retina""]",114,11370
ENSG00000297870,False,0.0,0.0,0.0,0.0,NOT_IN_STRING,0.0,NOT_IN_STRING,False,0.0,False,0,"[""eye"", ""nerve"", ""retina""]",114,11370
ENSG00000297874,False,0.0,0.0,0.0,0.0,NOT_IN_STRING,0.0,NOT_IN_STRING,False,0.0,False,0,"[""eye"", ""nerve"", ""retina""]",114,11370
ENSG00000297879,False,0.0,0.0,0.0,0.0,NOT_IN_STRING,0.0,NOT_IN_STRING,False,0.0,False,0,"[""eye"", ""nerve"", ""retina""]",114,11370
ENSG00000297883,False,0.0,0.0,0.0,0.0,NOT_IN_STRING,0.0,NOT_IN_STRING,False,0.0,False,0,"[""eye"", ""nerve"", ""retina""]",114,11370
ENSG00000297885,False,0.0,0.0,0.0,0.0,NOT_IN_STRING,0.0,NOT_IN_STRING,False,0.0,False,0,"[""eye"", ""nerve"", ""retina""]",114,11370
ENSG00000297898,False,0.0,0.0,0.0,0.0,NOT_IN_STRING,0.0,NOT_IN_STRING,False,0.0,False,0,"[""eye"", ""nerve"", ""retina""]",114,11370
ENSG00000297914,False,0.0,0.0,0.0,0.0,NOT_IN_STRING,0.0,NOT_IN_STRING,False,0.0,False,0,"[""eye"", ""nerve"", ""retina""]",114,11370
ENSG00000297922,False,0.0,0.0,0.0,0.0,NOT_IN_STRING,0.0,NOT_IN_STRING,False,0.0,False,0,"[""eye"", ""nerve"", ""retina""]",114,11370
ENSG00000297930,False,0.0,0.0,0.0,0.0,NOT_IN_STRING,0.0,NOT_IN_STRING,False,0.0,False,0,"[""eye"", ""nerve"", ""retina""]",114,11370
ENSG00000297941,False,0.0,0.0,0.0,0.0,NOT_IN_STRING,0.0,NOT_IN_STRING,False,0.0,False,0,"[""eye"", ""nerve"", ""retina""]",114,11370
ENSG00000297834,False,0.0,0.0,0.0,0.0,NOT_IN_STRING,0.0,NOT_IN_STRING,False,0.0,False,0,"[""eye"", ""nerve"", ""retina""]",114,11370
ENSG00000297215,False,0.0,0.0,0.0,0.0,NOT_IN_STRING,0.0,NOT_IN_STRING,False,0.0,False,0,"[""eye"", ""nerve"", ""retina""]",114,11370
ENSG00000297221,False,0.0,0.0,0.0,0.0,NOT_IN_STRING,0.0,NOT_IN_STRING,False,0.0,False,0,"[""eye"", ""nerve"", ""retina""]",114,11370
ENSG00000297250,False,0.0,0.0,0.0,0.0,NOT_IN_STRING,0.0,NOT_IN_STRING,False,0.0,False,0,"[""eye"", ""nerve"", ""retina""]",114,11370
ENSG00000297273,False,0.0,0.0,0.0,0.0,NOT_IN_STRING,0.0,NOT_IN_STRING,False,0.0,False,0,"[""eye"", ""nerve"", ""retina""]",114,11370
ENSG00000297278,False,0.0,0.0,0.0,0.0,NOT_IN_STRING,0.0,NOT_IN_STRING,False,0.0,False,0,"[""eye"", ""nerve"", ""retina""]",114,11370
ENSG00000297289,False,0.0,0.0,0.0,0.0,NOT_IN_STRING,0.0,NOT_IN_STRING,False,0.0,False,0,"[""eye"", ""nerve"", ""retina""]",114,11370
ENSG00000297301,False,0.0,0.0,0.0,0.0,NOT_IN_STRING,0.0,NOT_IN_STRING,False,0.0,False,0,"[""eye"", ""nerve"", ""retina""]",114,11370
ENSG00000297305,False,0.0,0.0,0.0,0.0,NOT_IN_STRING,0.0,NOT_IN_STRING,False,0.0,False,0,"[""eye"", ""nerve"", ""retina""]",114,11370
ENSG00000297311,False,0.0,0.0,0.0,0.0,NOT_IN_STRING,0.0,NOT_IN_STRING,False,0.0,False,0,"[""eye"", ""nerve"", ""retina""]",114,11370
ENSG00000297329,False,0.0,0.0,0.0,0.0,NOT_IN_STRING,0.0,NOT_IN_STRING,False,0.0,False,0,"[""eye"", ""nerve"", ""retina""]",114,11370
ENSG00000297356,False,0.0,0.0,0.0,0.0,NOT_IN_STRING,0.0,NOT_IN_STRING,False,0.0,False,0,"[""eye"", ""nerve"", ""retina""]",114,11370
ENSG00000297373,False,0.0,0.0,0.0,0.0,NOT_IN_STRING,0.0,NOT_IN_STRING,False,0.0,False,0,"[""eye"", ""nerve"", ""retina""]",114,11370
ENSG00000297388,False,0.0,0.0,0.0,0.0,NOT_IN_STRING,0.0,NOT_IN_STRING,False,0.0,False,0,"[""eye"", ""nerve"", ""retina""]",114,11370
ENSG00000297397,False,0.0,0.0,0.0,0.0,NOT_IN_STRING,0.0,NOT_IN_STRING,False,0.0,False,0,"[""eye"", ""nerve"", ""retina""]",114,11370
ENSG00000297645,False,0.0,0.0,0.0,0.0,NOT_IN_STRING,0.0,NOT_IN_STRING,False,0.0,False,0,"[""eye"", ""nerve"", ""retina""]",114,11370
ENSG00000297426,False,0.0,0.0,0.0,0.0,NOT_IN_STRING,0.0,NOT_IN_STRING,False,0.0,False,0,"[""eye"", ""nerve"", ""retina""]",114,11370
ENSG00000297463,False,0.0,0.0,0.0,0.0,NOT_IN_STRING,0.0,NOT_IN_STRING,False,0.0,False,0,"[""eye"", ""nerve"", ""retina""]",114,11370
ENSG00000297483,False,0.0,0.0,0.0,0.0,NOT_IN_STRING,0.0,NOT_IN_STRING,False,0.0,False,0,"[""eye"", ""nerve"", ""retina""]",114,11370
ENSG00000297508,False,0.0,0.0,0.0,0.0,NOT_IN_STRING,0.0,NOT_IN_STRING,False,0.0,False,0,"[""eye"", ""nerve"", ""retina""]",114,11370
ENSG00000297515,False,0.0,0.0,0.0,0.0,NOT_IN_STRING,0.0,NOT_IN_STRING,False,0.0,False,0,"[""eye"", ""nerve"", ""retina""]",114,11370
ENSG00000297521,False,0.0,0.0,0.0,0.0,NOT_IN_STRING,0.0,NOT_IN_STRING,False,0.0,False,0,"[""eye"", ""nerve"", ""retina""]",114,11370
ENSG00000297555,False,0.0,0.0,0.0,0.0,NOT_IN_STRING,0.0,NOT_IN_STRING,False,0.0,False,0,"[""eye"", ""nerve"", ""retina""]",114,11370
ENSG00000297575,False,0.0,0.0,0.0,0.0,NOT_IN_STRING,0.0,NOT_IN_STRING,False,0.0,False,0,"[""eye"", ""nerve"", ""retina""]",114,11370
ENSG00000297577,False,0.0,0.0,0.0,0.0,NOT_IN_STRING,0.0,NOT_IN_STRING,False,0.0,False,0,"[""eye"", ""nerve"", ""retina""]",114,11370
ENSG00000297593,False,0.0,0.0,0.0,0.0,NOT_IN_STRING,0.0,NOT_IN_STRING,False,0.0,False,0,"[""eye"", ""nerve"", ""retina""]",114,11370
ENSG00000297634,False,0.0,0.0,0.0,0.0,NOT_IN_STRING,0.0,NOT_IN_STRING,False,0.0,False,0,"[""eye"", ""nerve"", ""retina""]",114,11370
ENSG00000297636,False,0.0,0.0,0.0,0.0,NOT_IN_STRING,0.0,NOT_IN_STRING,False,0.0,False,0,"[""eye"", ""nerve"", ""retina""]",114,11370
ENSG00000297638,False,0.0,0.0,0.0,0.0,NOT_IN_STRING,0.0,NOT_IN_STRING,False,0.0,False,0,"[""eye"", ""nerve"", ""retina""]",114,11370
ENSG00000297640,False,0.0,0.0,0.0,0.0,NOT_IN_STRING,0.0,NOT_IN_STRING,False,0.0,False,0,"[""eye"", ""nerve"", ""retina""]",114,11370
ENSG00000297412,False,0.0,0.0,0.0,0.0,NOT_IN_STRING,0.0,NOT_IN_STRING,False,0.0,False,0,"[""eye"", ""nerve"", ""retina""]",114,11370
ENSG00000294754,False,0.0,0.0,0.0,0.0,NOT_IN_STRING,0.0,NOT_IN_STRING,False,0.0,False,0,"[""eye"", ""nerve"", ""retina""]",114,11370
ENSG00000294755,False,0.0,0.0,0.0,0.0,NOT_IN_STRING,0.0,NOT_IN_STRING,False,0.0,False,0,"[""eye"", ""nerve"", ""retina""]",114,11370
ENSG00000294770,False,0.0,0.0,0.0,0.0,NOT_IN_STRING,0.0,NOT_IN_STRING,False,0.0,False,0,"[""eye"", ""nerve"", ""retina""]",114,11370
ENSG00000294802,False,0.0,0.0,0.0,0.0,NOT_IN_STRING,0.0,NOT_IN_STRING,False,0.0,False,0,"[""eye"", ""nerve"", ""retina""]",114,11370
ENSG00000294807,False,0.0,0.0,0.0,0.0,NOT_IN_STRING,0.0,NOT_IN_STRING,False,0.0,False,0,"[""eye"", ""nerve"", ""retina""]",114,11370
ENSG00000294858,False,0.0,0.0,0.0,0.0,NOT_IN_STRING,0.0,NOT_IN_STRING,False,0.0,False,0,"[""eye"", ""nerve"", ""retina""]",114,11370
ENSG00000294873,False,0.0,0.0,0.0,0.0,NOT_IN_STRING,0.0,NOT_IN_STRING,False,0.0,False,0,"[""eye"", ""nerve"", ""retina""]",114,11370
ENSG00000294874,False,0.0,0.0,0.0,0.0,NOT_IN_STRING,0.0,NOT_IN_STRING,False,0.0,False,0,"[""eye"", ""nerve"", ""retina""]",114,11370
ENSG00000294877,False,0.0,0.0,0.0,0.0,NOT_IN_STRING,0.0,NOT_IN_STRING,False,0.0,False,0,"[""eye"", ""nerve"", ""retina""]",114,11370
ENSG00000294887,False,0.0,0.0,0.0,0.0,NOT_IN_STRING,0.0,NOT_IN_STRING,False,0.0,False,0,"[""eye"", ""nerve"", ""retina""]",114,11370
ENSG00000294928,False,0.0,0.0,0.0,0.0,NOT_IN_STRING,0.0,NOT_IN_STRING,False,0.0,False,0,"[""eye"", ""nerve"", ""retina""]",114,11370
ENSG00000294932,False,0.0,0.0,0.0,0.0,NOT_IN_STRING,0.0,NOT_IN_STRING,False,0.0,False,0,"[""eye"", ""nerve"", ""retina""]",114,11370
ENSG00000294953,False,0.0,0.0,0.0,0.0,NOT_IN_STRING,0.0,NOT_IN_STRING,False,0.0,False,0,"[""eye"", ""nerve"", ""retina""]",114,11370
ENSG00000296157,False,0.0,0.0,0.0,0.0,NOT_IN_STRING,0.0,NOT_IN_STRING,False,0.0,False,0,"[""eye"", ""nerve"", ""retina""]",114,11370
ENSG00000294971,False,0.0,0.0,0.0,0.0,NOT_IN_STRING,0.0,NOT_IN_STRING,False,0.0,False,0,"[""eye"", ""nerve"", ""retina""]",114,11370
ENSG00000294986,False,0.0,0.0,0.0,0.0,NOT_IN_STRING,0.0,NOT_IN_STRING,False,0.0,False,0,"[""eye"", ""nerve"", ""retina""]",114,11370
ENSG00000294998,False,0.0,0.0,0.0,0.0,NOT_IN_STRING,0.0,NOT_IN_STRING,False,0.0,False,0,"[""eye"", ""nerve"", ""retina""]",114,11370
ENSG00000295004,False,0.0,0.0,0.0,0.0,NOT_IN_STRING,0.0,NOT_IN_STRING,False,0.0,False,0,"[""eye"", ""nerve"", ""retina""]",114,11370
ENSG00000295007,False,0.0,0.0,0.0,0.0,NOT_IN_STRING,0.0,NOT_IN_STRING,False,0.0,False,0,"[""eye"", ""nerve"", ""retina""]",114,11370
ENSG00000295018,False,0.0,0.0,0.0,0.0,NOT_IN_STRING,0.0,NOT_IN_STRING,False,0.0,False,0,"[""eye"", ""nerve"", ""retina""]",114,11370
ENSG00000295032,False,0.0,0.0,0.0,0.0,NOT_IN_STRING,0.0,NOT_IN_STRING,False,0.0,False,0,"[""eye"", ""nerve"", ""retina""]",114,11370
ENSG00000295044,False,0.0,0.0,0.0,0.0,NOT_IN_STRING,0.0,NOT_IN_STRING,False,0.0,False,0,"[""eye"", ""nerve"", ""retina""]",114,11370
ENSG00000295059,False,0.0,0.0,0.0,0.0,NOT_IN_STRING,0.0,NOT_IN_STRING,False,0.0,False,0,"[""eye"", ""nerve"", ""retina""]",114,11370
ENSG00000295064,False,0.0,0.0,0.0,0.0,NOT_IN_STRING,0.0,NOT_IN_STRING,False,0.0,False,0,"[""eye"", ""nerve"", ""retina""]",114,11370
ENSG00000295082,False,0.0,0.0,0.0,0.0,NOT_IN_STRING,0.0,NOT_IN_STRING,False,0.0,False,0,"[""eye"", ""nerve"", ""retina""]",114,11370
ENSG00000295114,False,0.0,0.0,0.0,0.0,NOT_IN_STRING,0.0,NOT_IN_STRING,False,0.0,False,0,"[""eye"", ""nerve"", ""retina""]",114,11370
ENSG00000295123,False,0.0,0.0,0.0,0.0,NOT_IN_STRING,0.0,NOT_IN_STRING,False,0.0,False,0,"[""eye"", ""nerve"", ""retina""]",114,11370
ENSG00000295137,False,0.0,0.0,0.0,0.0,NOT_IN_STRING,0.0,NOT_IN_STRING,False,0.0,False,0,"[""eye"", ""nerve"", ""retina""]",114,11370
ENSG00000294963,False,0.0,0.0,0.0,0.0,NOT_IN_STRING,0.0,NOT_IN_STRING,False,0.0,False,0,"[""eye"", ""nerve"", ""retina""]",114,11370
ENSG00000294327,False,0.0,0.0,0.0,0.0,NOT_IN_STRING,0.0,NOT_IN_STRING,False,0.0,False,0,"[""eye"", ""nerve"", ""retina""]",114,11370
ENSG00000294329,False,0.0,0.0,0.0,0.0,NOT_IN_STRING,0.0,NOT_IN_STRING,False,0.0,False,0,"[""eye"", ""nerve"", ""retina""]",114,11370
ENSG00000294343,False,0.0,0.0,0.0,0.0,NOT_IN_STRING,0.0,NOT_IN_STRING,False,0.0,False,0,"[""eye"", ""nerve"", ""retina""]",114,11370
ENSG00000294380,False,0.0,0.0,0.0,0.0,NOT_IN_STRING,0.0,NOT_IN_STRING,False,0.0,False,0,"[""eye"", ""nerve"", ""retina""]",114,11370
ENSG00000294384,False,0.0,0.0,0.0,0.0,NOT_IN_STRING,0.0,NOT_IN_STRING,False,0.0,False,0,"[""eye"", ""nerve"", ""retina""]",114,11370
ENSG00000294391,False,0.0,0.0,0.0,0.0,NOT_IN_STRING,0.0,NOT_IN_STRING,False,0.0,False,0,"[""eye"", ""nerve"", ""retina""]",114,11370
ENSG00000294401,False,0.0,0.0,0.0,0.0,NOT_IN_STRING,0.0,NOT_IN_STRING,False,0.0,False,0,"[""eye"", ""nerve"", ""retina""]",114,11370
ENSG00000294403,False,0.0,0.0,0.0,0.0,NOT_IN_STRING,0.0,NOT_IN_STRING,False,0.0,False,0,"[""eye"", ""nerve"", ""retina""]",114,11370
ENSG00000294406,False,0.0,0.0,0.0,0.0,NOT_IN_STRING,0.0,NOT_IN_STRING,False,0.0,False,0,"[""eye"", ""nerve"", ""retina""]",114,11370
ENSG00000294408,False,0.0,0.0,0.0,0.0,NOT_IN_STRING,0.0,NOT_IN_STRING,False,0.0,False,0,"[""eye"", ""nerve"", ""retina""]",114,11370
ENSG00000294426,False,0.0,0.0,0.0,0.0,NOT_IN_STRING,0.0,NOT_IN_STRING,False,0.0,False,0,"[""eye"", ""nerve"", ""retina""]",114,11370
ENSG00000294451,False,0.0,0.0,0.0,0.0,NOT_IN_STRING,0.0,NOT_IN_STRING,False,0.0,False,0,"[""eye"", ""nerve"", ""retina""]",114,11370
ENSG00000294453,False,0.0,0.0,0.0,0.0,NOT_IN_STRING,0.0,NOT_IN_STRING,False,0.0,False,0,"[""eye"", ""nerve"", ""retina""]",114,11370
ENSG00000294474,False,0.0,0.0,0.0,0.0,NOT_IN_STRING,0.0,NOT_IN_STRING,False,0.0,False,0,"[""eye"", ""nerve"", ""retina""]",114,11370
ENSG00000294752,False,0.0,0.0,0.0,0.0,NOT_IN_STRING,0.0,NOT_IN_STRING,False,0.0,False,0,"[""eye"", ""nerve"", ""retina""]",114,11370
ENSG00000294501,False,0.0,0.0,0.0,0.0,NOT_IN_STRING,0.0,NOT_IN_STRING,False,0.0,False,0,"[""eye"", ""nerve"", ""retina""]",114,11370
ENSG00000294527,False,0.0,0.0,0.0,0.0,NOT_IN_STRING,0.0,NOT_IN_STRING,False,0.0,False,0,"[""eye"", ""nerve"", ""retina""]",114,11370
ENSG00000294544,False,0.0,0.0,0.0,0.0,NOT_IN_STRING,0.0,NOT_IN_STRING,False,0.0,False,0,"[""eye"", ""nerve"", ""retina""]",114,11370
ENSG00000294564,False,0.0,0.0,0.0,0.0,NOT_IN_STRING,0.0,NOT_IN_STRING,False,0.0,False,0,"[""eye"", ""nerve"", ""retina""]",114,11370
ENSG00000294565,False,0.0,0.0,0.0,0.0,NOT_IN_STRING,0.0,NOT_IN_STRING,False,0.0,False,0,"[""eye"", ""nerve"", ""retina""]",114,11370
ENSG00000294575,False,0.0,0.0,0.0,0.0,NOT_IN_STRING,0.0,NOT_IN_STRING,False,0.0,False,0,"[""eye"", ""nerve"", ""retina""]",114,11370
ENSG00000294598,False,0.0,0.0,0.0,0.0,NOT_IN_STRING,0.0,NOT_IN_STRING,False,0.0,False,0,"[""eye"", ""nerve"", ""retina""]",114,11370
ENSG00000294600,False,0.0,0.0,0.0,0.0,NOT_IN_STRING,0.0,NOT_IN_STRING,False,0.0,False,0,"[""eye"", ""nerve"", ""retina""]",114,11370
ENSG00000294606,False,0.0,0.0,0.0,0.0,NOT_IN_STRING,0.0,NOT_IN_STRING,False,0.0,False,0,"[""eye"", ""nerve"", ""retina""]",114,11370
ENSG00000294635,False,0.0,0.0,0.0,0.0,NOT_IN_STRING,0.0,NOT_IN_STRING,False,0.0,False,0,"[""eye"", ""nerve"", ""retina""]",114,11370
ENSG00000294660,False,0.0,0.0,0.0,0.0,NOT_IN_STRING,0.0,NOT_IN_STRING,False,0.0,False,0,"[""eye"", ""nerve"", ""retina""]",114,11370
ENSG00000294663,False,0.0,0.0,0.0,0.0,NOT_IN_STRING,0.0,NOT_IN_STRING,False,0.0,False,0,"[""eye"", ""nerve"", ""retina""]",114,11370
ENSG00000294687,False,0.0,0.0,0.0,0.0,NOT_IN_STRING,0.0,NOT_IN_STRING,False,0.0,False,0,"[""eye"", ""nerve"", ""retina""]",114,11370
ENSG00000294736,False,0.0,0.0,0.0,0.0,NOT_IN_STRING,0.0,NOT_IN_STRING,False,0.0,False,0,"[""eye"", ""nerve"", ""retina""]",114,11370
ENSG00000294476,False,0.0,0.0,0.0,0.0,NOT_IN_STRING,0.0,NOT_IN_STRING,False,0.0,False,0,"[""eye"", ""nerve"", ""retina""]",114,11370
ENSG00000295705,False,0.0,0.0,0.0,0.0,NOT_IN_STRING,0.0,NOT_IN_STRING,False,0.0,False,0,"[""eye"", ""nerve"", ""retina""]",114,11370
ENSG00000295710,False,0.0,0.0,0.0,0.0,NOT_IN_STRING,0.0,NOT_IN_STRING,False,0.0,False,0,"[""eye"", ""nerve"", ""retina""]",114,11370
ENSG00000295743,False,0.0,0.0,0.0,0.0,NOT_IN_STRING,0.0,NOT_IN_STRING,False,0.0,False,0,"[""eye"", ""nerve"", ""retina""]",114,11370
ENSG00000295757,False,0.0,0.0,0.0,0.0,NOT_IN_STRING,0.0,NOT_IN_STRING,False,0.0,False,0,"[""eye"", ""nerve"", ""retina""]",114,11370
ENSG00000295759,False,0.0,0.0,0.0,0.0,NOT_IN_STRING,0.0,NOT_IN_STRING,False,0.0,False,0,"[""eye"", ""nerve"", ""retina""]",114,11370
ENSG00000295764,False,0.0,0.0,0.0,0.0,NOT_IN_STRING,0.0,NOT_IN_STRING,False,0.0,False,0,"[""eye"", ""nerve"", ""retina""]",114,11370
ENSG00000295778,False,0.0,0.0,0.0,0.0,NOT_IN_STRING,0.0,NOT_IN_STRING,False,0.0,False,0,"[""eye"", ""nerve"", ""retina""]",114,11370
ENSG00000295805,False,0.0,0.0,0.0,0.0,NOT_IN_STRING,0.0,NOT_IN_STRING,False,0.0,False,0,"[""eye"", ""nerve"", ""retina""]",114,11370
ENSG00000295844,False,0.0,0.0,0.0,0.0,NOT_IN_STRING,0.0,NOT_IN_STRING,False,0.0,False,0,"[""eye"", ""nerve"", ""retina""]",114,11370
ENSG00000295883,False,0.0,0.0,0.0,0.0,NOT_IN_STRING,0.0,NOT_IN_STRING,False,0.0,False,0,"[""eye"", ""nerve"", ""retina""]",114,11370
ENSG00000295894,False,0.0,0.0,0.0,0.0,NOT_IN_STRING,0.0,NOT_IN_STRING,False,0.0,False,0,"[""eye"", ""nerve"", ""retina""]",114,11370
ENSG00000295923,False,0.0,0.0,0.0,0.0,NOT_IN_STRING,0.0,NOT_IN_STRING,False,0.0,False,0,"[""eye"", ""nerve"", ""retina""]",114,11370
ENSG00000295938,False,0.0,0.0,0.0,0.0,NOT_IN_STRING,0.0,NOT_IN_STRING,False,0.0,False,0,"[""eye"", ""nerve"", ""retina""]",114,11370
ENSG00000295957,False,0.0,0.0,0.0,0.0,NOT_IN_STRING,0.0,NOT_IN_STRING,False,0.0,False,0,"[""eye"", ""nerve"", ""retina""]",114,11370
ENSG00000295150,False,0.0,0.0,0.0,0.0,NOT_IN_STRING,0.0,NOT_IN_STRING,False,0.0,False,0,"[""eye"", ""nerve"", ""retina""]",114,11370
ENSG00000295962,False,0.0,0.0,0.0,0.0,NOT_IN_STRING,0.0,NOT_IN_STRING,False,0.0,False,0,"[""eye"", ""nerve"", ""retina""]",114,11370
ENSG00000295964,False,0.0,0.0,0.0,0.0,NOT_IN_STRING,0.0,NOT_IN_STRING,False,0.0,False,0,"[""eye"", ""nerve"", ""retina""]",114,11370
ENSG00000295982,False,0.0,0.0,0.0,0.0,NOT_IN_STRING,0.0,NOT_IN_STRING,False,0.0,False,0,"[""eye"", ""nerve"", ""retina""]",114,11370
ENSG00000296039,False,0.0,0.0,0.0,0.0,NOT_IN_STRING,0.0,NOT_IN_STRING,False,0.0,False,0,"[""eye"", ""nerve"", ""retina""]",114,11370
ENSG00000296052,False,0.0,0.0,0.0,0.0,NOT_IN_STRING,0.0,NOT_IN_STRING,False,0.0,False,0,"[""eye"", ""nerve"", ""retina""]",114,11370
ENSG00000296058,False,0.0,0.0,0.0,0.0,NOT_IN_STRING,0.0,NOT_IN_STRING,False,0.0,False,0,"[""eye"", ""nerve"", ""retina""]",114,11370
ENSG00000296063,False,0.0,0.0,0.0,0.0,NOT_IN_STRING,0.0,NOT_IN_STRING,False,0.0,False,0,"[""eye"", ""nerve"", ""retina""]",114,11370
ENSG00000296075,False,0.0,0.0,0.0,0.0,NOT_IN_STRING,0.0,NOT_IN_STRING,False,0.0,False,0,"[""eye"", ""nerve"", ""retina""]",114,11370
ENSG00000296104,False,0.0,0.0,0.0,0.0,NOT_IN_STRING,0.0,NOT_IN_STRING,False,0.0,False,0,"[""eye"", ""nerve"", ""retina""]",114,11370
ENSG00000296112,False,0.0,0.0,0.0,0.0,NOT_IN_STRING,0.0,NOT_IN_STRING,False,0.0,False,0,"[""eye"", ""nerve"", ""retina""]",114,11370
ENSG00000296116,False,0.0,0.0,0.0,0.0,NOT_IN_STRING,0.0,NOT_IN_STRING,False,0.0,False,0,"[""eye"", ""nerve"", ""retina""]",114,11370
ENSG00000296117,False,0.0,0.0,0.0,0.0,NOT_IN_STRING,0.0,NOT_IN_STRING,False,0.0,False,0,"[""eye"", ""nerve"", ""retina""]",114,11370
ENSG00000296128,False,0.0,0.0,0.0,0.0,NOT_IN_STRING,0.0,NOT_IN_STRING,False,0.0,False,0,"[""eye"", ""nerve"", ""retina""]",114,11370
ENSG00000296155,False,0.0,0.0,0.0,0.0,NOT_IN_STRING,0.0,NOT_IN_STRING,False,0.0,False,0,"[""eye"", ""nerve"", ""retina""]",114,11370
ENSG00000295958,False,0.0,0.0,0.0,0.0,NOT_IN_STRING,0.0,NOT_IN_STRING,False,0.0,False,0,"[""eye"", ""nerve"", ""retina""]",114,11370
ENSG00000295151,False,0.0,0.0,0.0,0.0,NOT_IN_STRING,0.0,NOT_IN_STRING,False,0.0,False,0,"[""eye"", ""nerve"", ""retina""]",114,11370
ENSG00000295176,False,0.0,0.0,0.0,0.0,NOT_IN_STRING,0.0,NOT_IN_STRING,False,0.0,False,0,"[""eye"", ""nerve"", ""retina""]",114,11370
ENSG00000295213,False,0.0,0.0,0.0,0.0,NOT_IN_STRING,0.0,NOT_IN_STRING,False,0.0,False,0,"[""eye"", ""nerve"", ""retina""]",114,11370
ENSG00000295219,False,0.0,0.0,0.0,0.0,NOT_IN_STRING,0.0,NOT_IN_STRING,False,0.0,False,0,"[""eye"", ""nerve"", ""retina""]",114,11370
ENSG00000295225,False,0.0,0.0,0.0,0.0,NOT_IN_STRING,0.0,NOT_IN_STRING,False,0.0,False,0,"[""eye"", ""nerve"", ""retina""]",114,11370
ENSG00000295270,False,0.0,0.0,0.0,0.0,NOT_IN_STRING,0.0,NOT_IN_STRING,False,0.0,False,0,"[""eye"", ""nerve"", ""retina""]",114,11370
ENSG00000295274,False,0.0,0.0,0.0,0.0,NOT_IN_STRING,0.0,NOT_IN_STRING,False,0.0,False,0,"[""eye"", ""nerve"", ""retina""]",114,11370
ENSG00000295276,False,0.0,0.0,0.0,0.0,NOT_IN_STRING,0.0,NOT_IN_STRING,False,0.0,False,0,"[""eye"", ""nerve"", ""retina""]",114,11370
ENSG00000295277,False,0.0,0.0,0.0,0.0,NOT_IN_STRING,0.0,NOT_IN_STRING,False,0.0,False,0,"[""eye"", ""nerve"", ""retina""]",114,11370
ENSG00000295292,False,0.0,0.0,0.0,0.0,NOT_IN_STRING,0.0,NOT_IN_STRING,False,0.0,False,0,"[""eye"", ""nerve"", ""retina""]",114,11370
ENSG00000295300,False,0.0,0.0,0.0,0.0,NOT_IN_STRING,0.0,NOT_IN_STRING,False,0.0,False,0,"[""eye"", ""nerve"", ""retina""]",114,11370
ENSG00000295318,False,0.0,0.0,0.0,0.0,NOT_IN_STRING,0.0,NOT_IN_STRING,False,0.0,False,0,"[""eye"", ""nerve"", ""retina""]",114,11370
ENSG00000295347,False,0.0,0.0,0.0,0.0,NOT_IN_STRING,0.0,NOT_IN_STRING,False,0.0,False,0,"[""eye"", ""nerve"", ""retina""]",114,11370
ENSG00000295376,False,0.0,0.0,0.0,0.0,NOT_IN_STRING,0.0,NOT_IN_STRING,False,0.0,False,0,"[""eye"", ""nerve"", ""retina""]",114,11370
ENSG00000295670,False,0.0,0.0,0.0,0.0,NOT_IN_STRING,0.0,NOT_IN_STRING,False,0.0,False,0,"[""eye"", ""nerve"", ""retina""]",114,11370
ENSG00000295411,False,0.0,0.0,0.0,0.0,NOT_IN_STRING,0.0,NOT_IN_STRING,False,0.0,False,0,"[""eye"", ""nerve"", ""retina""]",114,11370
ENSG00000295427,False,0.0,0.0,0.0,0.0,NOT_IN_STRING,0.0,NOT_IN_STRING,False,0.0,False,0,"[""eye"", ""nerve"", ""retina""]",114,11370
ENSG00000295451,False,0.0,0.0,0.0,0.0,NOT_IN_STRING,0.0,NOT_IN_STRING,False,0.0,False,0,"[""eye"", ""nerve"", ""retina""]",114,11370
ENSG00000295463,False,0.0,0.0,0.0,0.0,NOT_IN_STRING,0.0,NOT_IN_STRING,False,0.0,False,0,"[""eye"", ""nerve"", ""retina""]",114,11370
ENSG00000295472,False,0.0,0.0,0.0,0.0,NOT_IN_STRING,0.0,NOT_IN_STRING,False,0.0,False,0,"[""eye"", ""nerve"", ""retina""]",114,11370
ENSG00000295479,False,0.0,0.0,0.0,0.0,NOT_IN_STRING,0.0,NOT_IN_STRING,False,0.0,False,0,"[""eye"", ""nerve"", ""retina""]",114,11370
ENSG00000295494,False,0.0,0.0,0.0,0.0,NOT_IN_STRING,0.0,NOT_IN_STRING,False,0.0,False,0,"[""eye"", ""nerve"", ""retina""]",114,11370
ENSG00000295523,False,0.0,0.0,0.0,0.0,NOT_IN_STRING,0.0,NOT_IN_STRING,False,0.0,False,0,"[""eye"", ""nerve"", ""retina""]",114,11370
ENSG00000295544,False,0.0,0.0,0.0,0.0,NOT_IN_STRING,0.0,NOT_IN_STRING,False,0.0,False,0,"[""eye"", ""nerve"", ""retina""]",114,11370
ENSG00000295553,False,0.0,0.0,0.0,0.0,NOT_IN_STRING,0.0,NOT_IN_STRING,False,0.0,False,0,"[""eye"", ""nerve"", ""retina""]",114,11370
ENSG00000295568,False,0.0,0.0,0.0,0.0,NOT_IN_STRING,0.0,NOT_IN_STRING,False,0.0,False,0,"[""eye"", ""nerve"", ""retina""]",114,11370
ENSG00000295591,False,0.0,0.0,0.0,0.0,NOT_IN_STRING,0.0,NOT_IN_STRING,False,0.0,False,0,"[""eye"", ""nerve"", ""retina""]",114,11370
ENSG00000295631,False,0.0,0.0,0.0,0.0,NOT_IN_STRING,0.0,NOT_IN_STRING,False,0.0,False,0,"[""eye"", ""nerve"", ""retina""]",114,11370
ENSG00000295651,False,0.0,0.0,0.0,0.0,NOT_IN_STRING,0.0,NOT_IN_STRING,False,0.0,False,0,"[""eye"", ""nerve"", ""retina""]",114,11370
ENSG00000295377,False,0.0,0.0,0.0,0.0,NOT_IN_STRING,0.0,NOT_IN_STRING,False,0.0,False,0,"[""eye"", ""nerve"", ""retina""]",114,11370
ENSG00000267139,False,0.0,0.0,0.0,0.0,NOT_IN_STRING,0.0,NOT_IN_STRING,False,0.0,False,0,"[""eye"", ""nerve"", ""retina""]",114,11370
ENSG00000267238,False,0.0,0.0,0.0,0.0,NOT_IN_STRING,0.0,NOT_IN_STRING,False,0.0,False,0,"[""eye"", ""nerve"", ""retina""]",114,11370
ENSG00000267359,False,0.0,0.0,0.0,0.0,NOT_IN_STRING,0.0,NOT_IN_STRING,False,0.0,False,0,"[""eye"", ""nerve"", ""retina""]",114,11370
ENSG00000267478,False,0.0,0.0,0.0,0.0,NOT_IN_STRING,0.0,NOT_IN_STRING,False,0.0,False,0,"[""eye"", ""nerve"", ""retina""]",114,11370
ENSG00000267491,False,0.0,0.0,0.0,0.0,NOT_IN_STRING,0.0,NOT_IN_STRING,False,0.0,False,0,"[""eye"", ""nerve"", ""retina""]",114,11370
ENSG00000267523,False,0.0,0.0,0.0,0.0,NOT_IN_STRING,0.0,NOT_IN_STRING,False,0.0,False,0,"[""eye"", ""nerve"", ""retina""]",114,11370
ENSG00000267529,False,0.0,0.0,0.0,0.0,NOT_IN_STRING,0.0,NOT_IN_STRING,False,0.0,False,0,"[""eye"", ""nerve"", ""retina""]",114,11370
ENSG00000267559,False,0.0,0.0,0.0,0.0,NOT_IN_STRING,0.0,NOT_IN_STRING,False,0.0,False,0,"[""eye"", ""nerve"", ""retina""]",114,11370
ENSG00000267568,False,0.0,0.0,0.0,0.0,NOT_IN_STRING,0.0,NOT_IN_STRING,False,0.0,False,0,"[""eye"", ""nerve"", ""retina""]",114,11370
ENSG00000267610,False,0.0,0.0,0.0,0.0,NOT_IN_STRING,0.0,NOT_IN_STRING,False,0.0,False,0,"[""eye"", ""nerve"", ""retina""]",114,11370
ENSG00000267653,False,0.0,0.0,0.0,0.0,NOT_IN_STRING,0.0,NOT_IN_STRING,False,0.0,False,0,"[""eye"", ""nerve"", ""retina""]",114,11370
ENSG00000267666,False,0.0,0.0,0.0,0.0,NOT_IN_STRING,0.0,NOT_IN_STRING,False,0.0,False,0,"[""eye"", ""nerve"", ""retina""]",114,11370
ENSG00000267688,False,0.0,0.0,0.0,0.0,NOT_IN_STRING,0.0,NOT_IN_STRING,False,0.0,False,0,"[""eye"", ""nerve"", ""retina""]",114,11370
ENSG00000287290,False,0.0,0.0,0.0,0.0,NOT_IN_STRING,0.0,NOT_IN_STRING,False,0.0,False,0,"[""eye"", ""nerve"", ""retina""]",114,11370
ENSG00000267707,False,0.0,0.0,0.0,0.0,NOT_IN_STRING,0.0,NOT_IN_STRING,False,0.0,False,0,"[""eye"", ""nerve"", ""retina""]",114,11370
ENSG00000267722,False,0.0,0.0,0.0,0.0,NOT_IN_STRING,0.0,NOT_IN_STRING,False,0.0,False,0,"[""eye"", ""nerve"", ""retina""]",114,11370
ENSG00000267725,False,0.0,0.0,0.0,0.0,NOT_IN_STRING,0.0,NOT_IN_STRING,False,0.0,False,0,"[""eye"", ""nerve"", ""retina""]",114,11370
ENSG00000267879,False,0.0,0.0,0.0,0.0,NOT_IN_STRING,0.0,NOT_IN_STRING,False,0.0,False,0,"[""eye"", ""nerve"", ""retina""]",114,11370
ENSG00000268070,False,0.0,0.0,0.0,0.0,NOT_IN_STRING,0.0,NOT_IN_STRING,False,0.0,False,0,"[""eye"", ""nerve"", ""retina""]",114,11370
ENSG00000268209,False,0.0,0.0,0.0,0.0,NOT_IN_STRING,0.0,NOT_IN_STRING,False,0.0,False,0,"[""eye"", ""nerve"", ""retina""]",114,11370
ENSG00000268292,False,0.0,0.0,0.0,0.0,NOT_IN_STRING,0.0,NOT_IN_STRING,False,0.0,False,0,"[""eye"", ""nerve"", ""retina""]",114,11370
ENSG00000268293,False,0.0,0.0,0.0,0.0,NOT_IN_STRING,0.0,NOT_IN_STRING,False,0.0,False,0,"[""eye"", ""nerve"", ""retina""]",114,11370
ENSG00000268316,False,0.0,0.0,0.0,0.0,NOT_IN_STRING,0.0,NOT_IN_STRING,False,0.0,False,0,"[""eye"", ""nerve"", ""retina""]",114,11370
ENSG00000268390,False,0.0,0.0,0.0,0.0,NOT_IN_STRING,0.0,NOT_IN_STRING,False,0.0,False,0,"[""eye"", ""nerve"", ""retina""]",114,11370
ENSG00000268442,False,0.0,0.0,0.0,0.0,NOT_IN_STRING,0.0,NOT_IN_STRING,False,0.0,False,0,"[""eye"", ""nerve"", ""retina""]",114,11370
ENSG00000268505,False,0.0,0.0,0.0,0.0,NOT_IN_STRING,0.0,NOT_IN_STRING,False,0.0,False,0,"[""eye"", ""nerve"", ""retina""]",114,11370
ENSG00000268566,False,0.0,0.0,0.0,0.0,NOT_IN_STRING,0.0,NOT_IN_STRING,False,0.0,False,0,"[""eye"", ""nerve"", ""retina""]",114,11370
ENSG00000268583,False,0.0,0.0,0.0,0.0,NOT_IN_STRING,0.0,NOT_IN_STRING,False,0.0,False,0,"[""eye"", ""nerve"", ""retina""]",114,11370
ENSG00000267694,False,0.0,0.0,0.0,0.0,NOT_IN_STRING,0.0,NOT_IN_STRING,False,0.0,False,0,"[""eye"", ""nerve"", ""retina""]",114,11370
ENSG00000263635,False,0.0,0.0,0.0,0.0,NOT_IN_STRING,0.0,NOT_IN_STRING,False,0.0,False,0,"[""eye"", ""nerve"", ""retina""]",114,11370
ENSG00000263733,False,0.0,0.0,0.0,0.0,NOT_IN_STRING,0.0,NOT_IN_STRING,False,0.0,False,0,"[""eye"", ""nerve"", ""retina""]",114,11370
ENSG00000263821,False,0.0,0.0,0.0,0.0,NOT_IN_STRING,0.0,NOT_IN_STRING,False,0.0,False,0,"[""eye"", ""nerve"", ""retina""]",114,11370
ENSG00000263952,False,0.0,0.0,0.0,0.0,NOT_IN_STRING,0.0,NOT_IN_STRING,False,0.0,False,0,"[""eye"", ""nerve"", ""retina""]",114,11370
ENSG00000263982,False,0.0,0.0,0.0,0.0,NOT_IN_STRING,0.0,NOT_IN_STRING,False,0.0,False,0,"[""eye"", ""nerve"", ""retina""]",114,11370
ENSG00000264019,False,0.0,0.0,0.0,0.0,NOT_IN_STRING,0.0,NOT_IN_STRING,False,0.0,False,0,"[""eye"", ""nerve"", ""retina""]",114,11370
ENSG00000264023,False,0.0,0.0,0.0,0.0,NOT_IN_STRING,0.0,NOT_IN_STRING,False,0.0,False,0,"[""eye"", ""nerve"", ""retina""]",114,11370
ENSG00000264451,False,0.0,0.0,0.0,0.0,NOT_IN_STRING,0.0,NOT_IN_STRING,False,0.0,False,0,"[""eye"", ""nerve"", ""retina""]",114,11370
ENSG00000264503,False,0.0,0.0,0.0,0.0,NOT_IN_STRING,0.0,NOT_IN_STRING,False,0.0,False,0,"[""eye"", ""nerve"", ""retina""]",114,11370
ENSG00000264548,False,0.0,0.0,0.0,0.0,NOT_IN_STRING,0.0,NOT_IN_STRING,False,0.0,False,0,"[""eye"", ""nerve"", ""retina""]",114,11370
ENSG00000264617,False,0.0,0.0,0.0,0.0,NOT_IN_STRING,0.0,NOT_IN_STRING,False,0.0,False,0,"[""eye"", ""nerve"", ""retina""]",114,11370
ENSG00000264666,False,0.0,0.0,0.0,0.0,NOT_IN_STRING,0.0,NOT_IN_STRING,False,0.0,False,0,"[""eye"", ""nerve"", ""retina""]",114,11370
ENSG00000264734,False,0.0,0.0,0.0,0.0,NOT_IN_STRING,0.0,NOT_IN_STRING,False,0.0,False,0,"[""eye"", ""nerve"", ""retina""]",114,11370
ENSG00000264754,False,0.0,0.0,0.0,0.0,NOT_IN_STRING,0.0,NOT_IN_STRING,False,0.0,False,0,"[""eye"", ""nerve"", ""retina""]",114,11370
ENSG00000267135,False,0.0,0.0,0.0,0.0,NOT_IN_STRING,0.0,NOT_IN_STRING,False,0.0,False,0,"[""eye"", ""nerve"", ""retina""]",114,11370
ENSG00000265100,False,0.0,0.0,0.0,0.0,NOT_IN_STRING,0.0,NOT_IN_STRING,False,0.0,False,0,"[""eye"", ""nerve"", ""retina""]",114,11370
ENSG00000265218,False,0.0,0.0,0.0,0.0,NOT_IN_STRING,0.0,NOT_IN_STRING,False,0.0,False,0,"[""eye"", ""nerve"", ""retina""]",114,11370
ENSG00000265643,False,0.0,0.0,0.0,0.0,NOT_IN_STRING,0.0,NOT_IN_STRING,False,0.0,False,0,"[""eye"", ""nerve"", ""retina""]",114,11370
ENSG00000265750,False,0.0,0.0,0.0,0.0,NOT_IN_STRING,0.0,NOT_IN_STRING,False,0.0,False,0,"[""eye"", ""nerve"", ""retina""]",114,11370
ENSG00000266009,False,0.0,0.0,0.0,0.0,NOT_IN_STRING,0.0,NOT_IN_STRING,False,0.0,False,0,"[""eye"", ""nerve"", ""retina""]",114,11370
ENSG00000266196,False,0.0,0.0,0.0,0.0,NOT_IN_STRING,0.0,NOT_IN_STRING,False,0.0,False,0,"[""eye"", ""nerve"", ""retina""]",114,11370
ENSG00000266279,False,0.0,0.0,0.0,0.0,NOT_IN_STRING,0.0,NOT_IN_STRING,False,0.0,False,0,"[""eye"", ""nerve"", ""retina""]",114,11370
ENSG00000266602,False,0.0,0.0,0.0,0.0,NOT_IN_STRING,0.0,NOT_IN_STRING,False,0.0,False,0,"[""eye"", ""nerve"", ""retina""]",114,11370
ENSG00000266910,False,0.0,0.0,0.0,0.0,NOT_IN_STRING,0.0,NOT_IN_STRING,False,0.0,False,0,"[""eye"", ""nerve"", ""retina""]",114,11370
ENSG00000266951,False,0.0,0.0,0.0,0.0,NOT_IN_STRING,0.0,NOT_IN_STRING,False,0.0,False,0,"[""eye"", ""nerve"", ""retina""]",114,11370
ENSG00000266995,False,0.0,0.0,0.0,0.0,NOT_IN_STRING,0.0,NOT_IN_STRING,False,0.0,False,0,"[""eye"", ""nerve"", ""retina""]",114,11370
ENSG00000267038,False,0.0,0.0,0.0,0.0,NOT_IN_STRING,0.0,NOT_IN_STRING,False,0.0,False,0,"[""eye"", ""nerve"", ""retina""]",114,11370
ENSG00000267051,False,0.0,0.0,0.0,0.0,NOT_IN_STRING,0.0,NOT_IN_STRING,False,0.0,False,0,"[""eye"", ""nerve"", ""retina""]",114,11370
ENSG00000267114,False,0.0,0.0,0.0,0.0,NOT_IN_STRING,0.0,NOT_IN_STRING,False,0.0,False,0,"[""eye"", ""nerve"", ""retina""]",114,11370
ENSG00000264876,False,0.0,0.0,0.0,0.0,NOT_IN_STRING,0.0,NOT_IN_STRING,False,0.0,False,0,"[""eye"", ""nerve"", ""retina""]",114,11370
ENSG00000271860,False,0.0,0.0,0.0,0.0,NOT_IN_STRING,0.0,NOT_IN_STRING,False,0.0,False,0,"[""eye"", ""nerve"", ""retina""]",114,11370
ENSG00000271901,False,0.0,0.0,0.0,0.0,NOT_IN_STRING,0.0,NOT_IN_STRING,False,0.0,False,0,"[""eye"", ""nerve"", ""retina""]",114,11370
ENSG00000271945,False,0.0,0.0,0.0,0.0,NOT_IN_STRING,0.0,NOT_IN_STRING,False,0.0,False,0,"[""eye"", ""nerve"", ""retina""]",114,11370
ENSG00000271984,False,0.0,0.0,0.0,0.0,NOT_IN_STRING,0.0,NOT_IN_STRING,False,0.0,False,0,"[""eye"", ""nerve"", ""retina""]",114,11370
ENSG00000272154,False,0.0,0.0,0.0,0.0,NOT_IN_STRING,0.0,NOT_IN_STRING,False,0.0,False,0,"[""eye"", ""nerve"", ""retina""]",114,11370
ENSG00000272180,False,0.0,0.0,0.0,0.0,NOT_IN_STRING,0.0,NOT_IN_STRING,False,0.0,False,0,"[""eye"", ""nerve"", ""retina""]",114,11370
ENSG00000272485,False,0.0,0.0,0.0,0.0,NOT_IN_STRING,0.0,NOT_IN_STRING,False,0.0,False,0,"[""eye"", ""nerve"", ""retina""]",114,11370
ENSG00000272769,False,0.0,0.0,0.0,0.0,NOT_IN_STRING,0.0,NOT_IN_STRING,False,0.0,False,0,"[""eye"", ""nerve"", ""retina""]",114,11370
ENSG00000272787,False,0.0,0.0,0.0,0.0,NOT_IN_STRING,0.0,NOT_IN_STRING,False,0.0,False,0,"[""eye"", ""nerve"", ""retina""]",114,11370
ENSG00000272798,False,0.0,0.0,0.0,0.0,NOT_IN_STRING,0.0,NOT_IN_STRING,False,0.0,False,0,"[""eye"", ""nerve"", ""retina""]",114,11370
ENSG00000272942,False,0.0,0.0,0.0,0.0,NOT_IN_STRING,0.0,NOT_IN_STRING,False,0.0,False,0,"[""eye"", ""nerve"", ""retina""]",114,11370
ENSG00000273287,False,0.0,0.0,0.0,0.0,NOT_IN_STRING,0.0,NOT_IN_STRING,False,0.0,False,0,"[""eye"", ""nerve"", ""retina""]",114,11370
ENSG00000273628,False,0.0,0.0,0.0,0.0,NOT_IN_STRING,0.0,NOT_IN_STRING,False,0.0,False,0,"[""eye"", ""nerve"", ""retina""]",114,11370
ENSG00000268711,False,0.0,0.0,0.0,0.0,NOT_IN_STRING,0.0,NOT_IN_STRING,False,0.0,False,0,"[""eye"", ""nerve"", ""retina""]",114,11370
ENSG00000274090,False,0.0,0.0,0.0,0.0,NOT_IN_STRING,0.0,NOT_IN_STRING,False,0.0,False,0,"[""eye"", ""nerve"", ""retina""]",114,11370
ENSG00000274121,False,0.0,0.0,0.0,0.0,NOT_IN_STRING,0.0,NOT_IN_STRING,False,0.0,False,0,"[""eye"", ""nerve"", ""retina""]",114,11370
ENSG00000274167,False,0.0,0.0,0.0,0.0,NOT_IN_STRING,0.0,NOT_IN_STRING,False,0.0,False,0,"[""eye"", ""nerve"", ""retina""]",114,11370
ENSG00000274248,False,0.0,0.0,0.0,0.0,NOT_IN_STRING,0.0,NOT_IN_STRING,False,0.0,False,0,"[""eye"", ""nerve"", ""retina""]",114,11370
ENSG00000274353,False,0.0,0.0,0.0,0.0,NOT_IN_STRING,0.0,NOT_IN_STRING,False,0.0,False,0,"[""eye"", ""nerve"", ""retina""]",114,11370
ENSG00000274373,False,0.0,0.0,0.0,0.0,NOT_IN_STRING,0.0,NOT_IN_STRING,False,0.0,False,0,"[""eye"", ""nerve"", ""retina""]",114,11370
ENSG00000274561,False,0.0,0.0,0.0,0.0,NOT_IN_STRING,0.0,NOT_IN_STRING,False,0.0,False,0,"[""eye"", ""nerve"", ""retina""]",114,11370
ENSG00000274685,False,0.0,0.0,0.0,0.0,NOT_IN_STRING,0.0,NOT_IN_STRING,False,0.0,False,0,"[""eye"", ""nerve"", ""retina""]",114,11370
ENSG00000274748,False,0.0,0.0,0.0,0.0,NOT_IN_STRING,0.0,NOT_IN_STRING,False,0.0,False,0,"[""eye"", ""nerve"", ""retina""]",114,11370
ENSG00000274767,False,0.0,0.0,0.0,0.0,NOT_IN_STRING,0.0,NOT_IN_STRING,False,0.0,False,0,"[""eye"", ""nerve"", ""retina""]",114,11370
ENSG00000274800,False,0.0,0.0,0.0,0.0,NOT_IN_STRING,0.0,NOT_IN_STRING,False,0.0,False,0,"[""eye"", ""nerve"", ""retina""]",114,11370
ENSG00000274844,False,0.0,0.0,0.0,0.0,NOT_IN_STRING,0.0,NOT_IN_STRING,False,0.0,False,0,"[""eye"", ""nerve"", ""retina""]",114,11370
ENSG00000274918,False,0.0,0.0,0.0,0.0,NOT_IN_STRING,0.0,NOT_IN_STRING,False,0.0,False,0,"[""eye"", ""nerve"", ""retina""]",114,11370
ENSG00000275173,False,0.0,0.0,0.0,0.0,NOT_IN_STRING,0.0,NOT_IN_STRING,False,0.0,False,0,"[""eye"", ""nerve"", ""retina""]",114,11370
ENSG00000273919,False,0.0,0.0,0.0,0.0,NOT_IN_STRING,0.0,NOT_IN_STRING,False,0.0,False,0,"[""eye"", ""nerve"", ""retina""]",114,11370
ENSG00000268723,False,0.0,0.0,0.0,0.0,NOT_IN_STRING,0.0,NOT_IN_STRING,False,0.0,False,0,"[""eye"", ""nerve"", ""retina""]",114,11370
ENSG00000268906,False,0.0,0.0,0.0,0.0,NOT_IN_STRING,0.0,NOT_IN_STRING,False,0.0,False,0,"[""eye"", ""nerve"", ""retina""]",114,11370
ENSG00000269125,False,0.0,0.0,0.0,0.0,NOT_IN_STRING,0.0,NOT_IN_STRING,False,0.0,False,0,"[""eye"", ""nerve"", ""retina""]",114,11370
ENSG00000269271,False,0.0,0.0,0.0,0.0,NOT_IN_STRING,0.0,NOT_IN_STRING,False,0.0,False,0,"[""eye"", ""nerve"", ""retina""]",114,11370
ENSG00000269296,False,0.0,0.0,0.0,0.0,NOT_IN_STRING,0.0,NOT_IN_STRING,False,0.0,False,0,"[""eye"", ""nerve"", ""retina""]",114,11370
ENSG00000269495,False,0.0,0.0,0.0,0.0,NOT_IN_STRING,0.0,NOT_IN_STRING,False,0.0,False,0,"[""eye"", ""nerve"", ""retina""]",114,11370
ENSG00000269745,False,0.0,0.0,0.0,0.0,NOT_IN_STRING,0.0,NOT_IN_STRING,False,0.0,False,0,"[""eye"", ""nerve"", ""retina""]",114,11370
ENSG00000269779,False,0.0,0.0,0.0,0.0,NOT_IN_STRING,0.0,NOT_IN_STRING,False,0.0,False,0,"[""eye"", ""nerve"", ""retina""]",114,11370
ENSG00000269825,False,0.0,0.0,0.0,0.0,NOT_IN_STRING,0.0,NOT_IN_STRING,False,0.0,False,0,"[""eye"", ""nerve"", ""retina""]",114,11370
ENSG00000269901,False,0.0,0.0,0.0,0.0,NOT_IN_STRING,0.0,NOT_IN_STRING,False,0.0,False,0,"[""eye"", ""nerve"", ""retina""]",114,11370
ENSG00000269957,False,0.0,0.0,0.0,0.0,NOT_IN_STRING,0.0,NOT_IN_STRING,False,0.0,False,0,"[""eye"", ""nerve"", ""retina""]",114,11370
ENSG00000270218,False,0.0,0.0,0.0,0.0,NOT_IN_STRING,0.0,NOT_IN_STRING,False,0.0,False,0,"[""eye"", ""nerve"", ""retina""]",114,11370
ENSG00000270248,False,0.0,0.0,0.0,0.0,NOT_IN_STRING,0.0,NOT_IN_STRING,False,0.0,False,0,"[""eye"", ""nerve"", ""retina""]",114,11370
ENSG00000270541,False,0.0,0.0,0.0,0.0,NOT_IN_STRING,0.0,NOT_IN_STRING,False,0.0,False,0,"[""eye"", ""nerve"", ""retina""]",114,11370
ENSG00000271763,False,0.0,0.0,0.0,0.0,NOT_IN_STRING,0.0,NOT_IN_STRING,False,0.0,False,0,"[""eye"", ""nerve"", ""retina""]",114,11370
ENSG00000270557,False,0.0,0.0,0.0,0.0,NOT_IN_STRING,0.0,NOT_IN_STRING,False,0.0,False,0,"[""eye"", ""nerve"", ""retina""]",114,11370
ENSG00000270576,False,0.0,0.0,0.0,0.0,NOT_IN_STRING,0.0,NOT_IN_STRING,False,0.0,False,0,"[""eye"", ""nerve"", ""retina""]",114,11370
ENSG00000270666,False,0.0,0.0,0.0,0.0,NOT_IN_STRING,0.0,NOT_IN_STRING,False,0.0,False,0,"[""eye"", ""nerve"", ""retina""]",114,11370
ENSG00000270681,False,0.0,0.0,0.0,0.0,NOT_IN_STRING,0.0,NOT_IN_STRING,False,0.0,False,0,"[""eye"", ""nerve"", ""retina""]",114,11370
ENSG00000270694,False,0.0,0.0,0.0,0.0,NOT_IN_STRING,0.0,NOT_IN_STRING,False,0.0,False,0,"[""eye"", ""nerve"", ""retina""]",114,11370
ENSG00000270947,False,0.0,0.0,0.0,0.0,NOT_IN_STRING,0.0,NOT_IN_STRING,False,0.0,False,0,"[""eye"", ""nerve"", ""retina""]",114,11370
ENSG00000271201,False,0.0,0.0,0.0,0.0,NOT_IN_STRING,0.0,NOT_IN_STRING,False,0.0,False,0,"[""eye"", ""nerve"", ""retina""]",114,11370
ENSG00000271220,False,0.0,0.0,0.0,0.0,NOT_IN_STRING,0.0,NOT_IN_STRING,False,0.0,False,0,"[""eye"", ""nerve"", ""retina""]",114,11370
ENSG00000271222,False,0.0,0.0,0.0,0.0,NOT_IN_STRING,0.0,NOT_IN_STRING,False,0.0,False,0,"[""eye"", ""nerve"", ""retina""]",114,11370
ENSG00000271250,False,0.0,0.0,0.0,0.0,NOT_IN_STRING,0.0,NOT_IN_STRING,False,0.0,False,0,"[""eye"", ""nerve"", ""retina""]",114,11370
ENSG00000271553,False,0.0,0.0,0.0,0.0,NOT_IN_STRING,0.0,NOT_IN_STRING,False,0.0,False,0,"[""eye"", ""nerve"", ""retina""]",114,11370
ENSG00000271573,False,0.0,0.0,0.0,0.0,NOT_IN_STRING,0.0,NOT_IN_STRING,False,0.0,False,0,"[""eye"", ""nerve"", ""retina""]",114,11370
ENSG00000271632,False,0.0,0.0,0.0,0.0,NOT_IN_STRING,0.0,NOT_IN_STRING,False,0.0,False,0,"[""eye"", ""nerve"", ""retina""]",114,11370
ENSG00000271727,False,0.0,0.0,0.0,0.0,NOT_IN_STRING,0.0,NOT_IN_STRING,False,0.0,False,0,"[""eye"", ""nerve"", ""retina""]",114,11370
ENSG00000270555,False,0.0,0.0,0.0,0.0,NOT_IN_STRING,0.0,NOT_IN_STRING,False,0.0,False,0,"[""eye"", ""nerve"", ""retina""]",114,11370
ENSG00000259474,False,0.0,0.0,0.0,0.0,NOT_IN_STRING,0.0,NOT_IN_STRING,False,0.0,False,0,"[""eye"", ""nerve"", ""retina""]",114,11370
ENSG00000259477,False,0.0,0.0,0.0,0.0,NOT_IN_STRING,0.0,NOT_IN_STRING,False,0.0,False,0,"[""eye"", ""nerve"", ""retina""]",114,11370
ENSG00000259478,False,0.0,0.0,0.0,0.0,NOT_IN_STRING,0.0,NOT_IN_STRING,False,0.0,False,0,"[""eye"", ""nerve"", ""retina""]",114,11370
ENSG00000259502,False,0.0,0.0,0.0,0.0,NOT_IN_STRING,0.0,NOT_IN_STRING,False,0.0,False,0,"[""eye"", ""nerve"", ""retina""]",114,11370
ENSG00000259533,False,0.0,0.0,0.0,0.0,NOT_IN_STRING,0.0,NOT_IN_STRING,False,0.0,False,0,"[""eye"", ""nerve"", ""retina""]",114,11370
ENSG00000259536,False,0.0,0.0,0.0,0.0,NOT_IN_STRING,0.0,NOT_IN_STRING,False,0.0,False,0,"[""eye"", ""nerve"", ""retina""]",114,11370
ENSG00000259551,False,0.0,0.0,0.0,0.0,NOT_IN_STRING,0.0,NOT_IN_STRING,False,0.0,False,0,"[""eye"", ""nerve"", ""retina""]",114,11370
ENSG00000259639,False,0.0,0.0,0.0,0.0,NOT_IN_STRING,0.0,NOT_IN_STRING,False,0.0,False,0,"[""eye"", ""nerve"", ""retina""]",114,11370
ENSG00000259650,False,0.0,0.0,0.0,0.0,NOT_IN_STRING,0.0,NOT_IN_STRING,False,0.0,False,0,"[""eye"", ""nerve"", ""retina""]",114,11370
ENSG00000259672,False,0.0,0.0,0.0,0.0,NOT_IN_STRING,0.0,NOT_IN_STRING,False,0.0,False,0,"[""eye"", ""nerve"", ""retina""]",114,11370
ENSG00000259696,False,0.0,0.0,0.0,0.0,NOT_IN_STRING,0.0,NOT_IN_STRING,False,0.0,False,0,"[""eye"", ""nerve"", ""retina""]",114,11370
ENSG00000259713,False,0.0,0.0,0.0,0.0,NOT_IN_STRING,0.0,NOT_IN_STRING,False,0.0,False,0,"[""eye"", ""nerve"", ""retina""]",114,11370
ENSG00000259797,False,0.0,0.0,0.0,0.0,NOT_IN_STRING,0.0,NOT_IN_STRING,False,0.0,False,0,"[""eye"", ""nerve"", ""retina""]",114,11370
ENSG00000263433,False,0.0,0.0,0.0,0.0,NOT_IN_STRING,0.0,NOT_IN_STRING,False,0.0,False,0,"[""eye"", ""nerve"", ""retina""]",114,11370
ENSG00000259868,False,0.0,0.0,0.0,0.0,NOT_IN_STRING,0.0,NOT_IN_STRING,False,0.0,False,0,"[""eye"", ""nerve"", ""retina""]",114,11370
ENSG00000259882,False,0.0,0.0,0.0,0.0,NOT_IN_STRING,0.0,NOT_IN_STRING,False,0.0,False,0,"[""eye"", ""nerve"", ""retina""]",114,11370
ENSG00000259899,False,0.0,0.0,0.0,0.0,NOT_IN_STRING,0.0,NOT_IN_STRING,False,0.0,False,0,"[""eye"", ""nerve"", ""retina""]",114,11370
ENSG00000259929,False,0.0,0.0,0.0,0.0,NOT_IN_STRING,0.0,NOT_IN_STRING,False,0.0,False,0,"[""eye"", ""nerve"", ""retina""]",114,11370
ENSG00000259931,False,0.0,0.0,0.0,0.0,NOT_IN_STRING,0.0,NOT_IN_STRING,False,0.0,False,0,"[""eye"", ""nerve"", ""retina""]",114,11370
ENSG00000259940,False,0.0,0.0,0.0,0.0,NOT_IN_STRING,0.0,NOT_IN_STRING,False,0.0,False,0,"[""eye"", ""nerve"", ""retina""]",114,11370
ENSG00000260003,False,0.0,0.0,0.0,0.0,NOT_IN_STRING,0.0,NOT_IN_STRING,False,0.0,False,0,"[""eye"", ""nerve"", ""retina""]",114,11370
ENSG00000260058,False,0.0,0.0,0.0,0.0,NOT_IN_STRING,0.0,NOT_IN_STRING,False,0.0,False,0,"[""eye"", ""nerve"", ""retina""]",114,11370
ENSG00000260086,False,0.0,0.0,0.0,0.0,NOT_IN_STRING,0.0,NOT_IN_STRING,False,0.0,False,0,"[""eye"", ""nerve"", ""retina""]",114,11370
ENSG00000260162,False,0.0,0.0,0.0,0.0,NOT_IN_STRING,0.0,NOT_IN_STRING,False,0.0,False,0,"[""eye"", ""nerve"", ""retina""]",114,11370
ENSG00000260177,False,0.0,0.0,0.0,0.0,NOT_IN_STRING,0.0,NOT_IN_STRING,False,0.0,False,0,"[""eye"", ""nerve"", ""retina""]",114,11370
ENSG00000260242,False,0.0,0.0,0.0,0.0,NOT_IN_STRING,0.0,NOT_IN_STRING,False,0.0,False,0,"[""eye"", ""nerve"", ""retina""]",114,11370
ENSG00000260289,False,0.0,0.0,0.0,0.0,NOT_IN_STRING,0.0,NOT_IN_STRING,False,0.0,False,0,"[""eye"", ""nerve"", ""retina""]",114,11370
ENSG00000260316,False,0.0,0.0,0.0,0.0,NOT_IN_STRING,0.0,NOT_IN_STRING,False,0.0,False,0,"[""eye"", ""nerve"", ""retina""]",114,11370
ENSG00000259819,False,0.0,0.0,0.0,0.0,NOT_IN_STRING,0.0,NOT_IN_STRING,False,0.0,False,0,"[""eye"", ""nerve"", ""retina""]",114,11370
ENSG00000258558,False,0.0,0.0,0.0,0.0,NOT_IN_STRING,0.0,NOT_IN_STRING,False,0.0,False,0,"[""eye"", ""nerve"", ""retina""]",114,11370
ENSG00000258599,False,0.0,0.0,0.0,0.0,NOT_IN_STRING,0.0,NOT_IN_STRING,False,0.0,False,0,"[""eye"", ""nerve"", ""retina""]",114,11370
ENSG00000258603,False,0.0,0.0,0.0,0.0,NOT_IN_STRING,0.0,NOT_IN_STRING,False,0.0,False,0,"[""eye"", ""nerve"", ""retina""]",114,11370
ENSG00000258638,False,0.0,0.0,0.0,0.0,NOT_IN_STRING,0.0,NOT_IN_STRING,False,0.0,False,0,"[""eye"", ""nerve"", ""retina""]",114,11370
ENSG00000258676,False,0.0,0.0,0.0,0.0,NOT_IN_STRING,0.0,NOT_IN_STRING,False,0.0,False,0,"[""eye"", ""nerve"", ""retina""]",114,11370
ENSG00000258736,False,0.0,0.0,0.0,0.0,NOT_IN_STRING,0.0,NOT_IN_STRING,False,0.0,False,0,"[""eye"", ""nerve"", ""retina""]",114,11370
ENSG00000258784,False,0.0,0.0,0.0,0.0,NOT_IN_STRING,0.0,NOT_IN_STRING,False,0.0,False,0,"[""eye"", ""nerve"", ""retina""]",114,11370
ENSG00000258807,False,0.0,0.0,0.0,0.0,NOT_IN_STRING,0.0,NOT_IN_STRING,False,0.0,False,0,"[""eye"", ""nerve"", ""retina""]",114,11370
ENSG00000258857,False,0.0,0.0,0.0,0.0,NOT_IN_STRING,0.0,NOT_IN_STRING,False,0.0,False,0,"[""eye"", ""nerve"", ""retina""]",114,11370
ENSG00000259026,False,0.0,0.0,0.0,0.0,NOT_IN_STRING,0.0,NOT_IN_STRING,False,0.0,False,0,"[""eye"", ""nerve"", ""retina""]",114,11370
ENSG00000259035,False,0.0,0.0,0.0,0.0,NOT_IN_STRING,0.0,NOT_IN_STRING,False,0.0,False,0,"[""eye"", ""nerve"", ""retina""]",114,11370
ENSG00000259048,False,0.0,0.0,0.0,0.0,NOT_IN_STRING,0.0,NOT_IN_STRING,False,0.0,False,0,"[""eye"", ""nerve"", ""retina""]",114,11370
ENSG00000259072,False,0.0,0.0,0.0,0.0,NOT_IN_STRING,0.0,NOT_IN_STRING,False,0.0,False,0,"[""eye"", ""nerve"", ""retina""]",114,11370
ENSG00000259076,False,0.0,0.0,0.0,0.0,NOT_IN_STRING,0.0,NOT_IN_STRING,False,0.0,False,0,"[""eye"", ""nerve"", ""retina""]",114,11370
ENSG00000259468,False,0.0,0.0,0.0,0.0,NOT_IN_STRING,0.0,NOT_IN_STRING,False,0.0,False,0,"[""eye"", ""nerve"", ""retina""]",114,11370
ENSG00000259093,False,0.0,0.0,0.0,0.0,NOT_IN_STRING,0.0,NOT_IN_STRING,False,0.0,False,0,"[""eye"", ""nerve"", ""retina""]",114,11370
ENSG00000259097,False,0.0,0.0,0.0,0.0,NOT_IN_STRING,0.0,NOT_IN_STRING,False,0.0,False,0,"[""eye"", ""nerve"", ""retina""]",114,11370
ENSG00000259130,False,0.0,0.0,0.0,0.0,NOT_IN_STRING,0.0,NOT_IN_STRING,False,0.0,False,0,"[""eye"", ""nerve"", ""retina""]",114,11370
ENSG00000259140,False,0.0,0.0,0.0,0.0,NOT_IN_STRING,0.0,NOT_IN_STRING,False,0.0,False,0,"[""eye"", ""nerve"", ""retina""]",114,11370
ENSG00000259149,False,0.0,0.0,0.0,0.0,NOT_IN_STRING,0.0,NOT_IN_STRING,False,0.0,False,0,"[""eye"", ""nerve"", ""retina""]",114,11370
ENSG00000259178,False,0.0,0.0,0.0,0.0,NOT_IN_STRING,0.0,NOT_IN_STRING,False,0.0,False,0,"[""eye"", ""nerve"", ""retina""]",114,11370
ENSG00000259200,False,0.0,0.0,0.0,0.0,NOT_IN_STRING,0.0,NOT_IN_STRING,False,0.0,False,0,"[""eye"", ""nerve"", ""retina""]",114,11370
ENSG00000259242,False,0.0,0.0,0.0,0.0,NOT_IN_STRING,0.0,NOT_IN_STRING,False,0.0,False,0,"[""eye"", ""nerve"", ""retina""]",114,11370
ENSG00000259302,False,0.0,0.0,0.0,0.0,NOT_IN_STRING,0.0,NOT_IN_STRING,False,0.0,False,0,"[""eye"", ""nerve"", ""retina""]",114,11370
ENSG00000259331,False,0.0,0.0,0.0,0.0,NOT_IN_STRING,0.0,NOT_IN_STRING,False,0.0,False,0,"[""eye"", ""nerve"", ""retina""]",114,11370
ENSG00000259375,False,0.0,0.0,0.0,0.0,NOT_IN_STRING,0.0,NOT_IN_STRING,False,0.0,False,0,"[""eye"", ""nerve"", ""retina""]",114,11370
ENSG00000259394,False,0.0,0.0,0.0,0.0,NOT_IN_STRING,0.0,NOT_IN_STRING,False,0.0,False,0,"[""eye"", ""nerve"", ""retina""]",114,11370
ENSG00000259410,False,0.0,0.0,0.0,0.0,NOT_IN_STRING,0.0,NOT_IN_STRING,False,0.0,False,0,"[""eye"", ""nerve"", ""retina""]",114,11370
ENSG00000259420,False,0.0,0.0,0.0,0.0,NOT_IN_STRING,0.0,NOT_IN_STRING,False,0.0,False,0,"[""eye"", ""nerve"", ""retina""]",114,11370
ENSG00000259077,False,0.0,0.0,0.0,0.0,NOT_IN_STRING,0.0,NOT_IN_STRING,False,0.0,False,0,"[""eye"", ""nerve"", ""retina""]",114,11370
ENSG00000261436,False,0.0,0.0,0.0,0.0,NOT_IN_STRING,0.0,NOT_IN_STRING,False,0.0,False,0,"[""eye"", ""nerve"", ""retina""]",114,11370
ENSG00000261476,False,0.0,0.0,0.0,0.0,NOT_IN_STRING,0.0,NOT_IN_STRING,False,0.0,False,0,"[""eye"", ""nerve"", ""retina""]",114,11370
ENSG00000261532,False,0.0,0.0,0.0,0.0,NOT_IN_STRING,0.0,NOT_IN_STRING,False,0.0,False,0,"[""eye"", ""nerve"", ""retina""]",114,11370
ENSG00000261540,False,0.0,0.0,0.0,0.0,NOT_IN_STRING,0.0,NOT_IN_STRING,False,0.0,False,0,"[""eye"", ""nerve"", ""retina""]",114,11370
ENSG00000261546,False,0.0,0.0,0.0,0.0,NOT_IN_STRING,0.0,NOT_IN_STRING,False,0.0,False,0,"[""eye"", ""nerve"", ""retina""]",114,11370
ENSG00000261638,False,0.0,0.0,0.0,0.0,NOT_IN_STRING,0.0,NOT_IN_STRING,False,0.0,False,0,"[""eye"", ""nerve"", ""retina""]",114,11370
ENSG00000261651,False,0.0,0.0,0.0,0.0,NOT_IN_STRING,0.0,NOT_IN_STRING,False,0.0,False,0,"[""eye"", ""nerve"", ""retina""]",114,11370
ENSG00000261669,False,0.0,0.0,0.0,0.0,NOT_IN_STRING,0.0,NOT_IN_STRING,False,0.0,False,0,"[""eye"", ""nerve"", ""retina""]",114,11370
ENSG00000261736,False,0.0,0.0,0.0,0.0,NOT_IN_STRING,0.0,NOT_IN_STRING,False,0.0,False,0,"[""eye"", ""nerve"", ""retina""]",114,11370
ENSG00000261754,False,0.0,0.0,0.0,0.0,NOT_IN_STRING,0.0,NOT_IN_STRING,False,0.0,False,0,"[""eye"", ""nerve"", ""retina""]",114,11370
ENSG00000261816,False,0.0,0.0,0.0,0.0,NOT_IN_STRING,0.0,NOT_IN_STRING,False,0.0,False,0,"[""eye"", ""nerve"", ""retina""]",114,11370
ENSG00000262003,False,0.0,0.0,0.0,0.0,NOT_IN_STRING,0.0,NOT_IN_STRING,False,0.0,False,0,"[""eye"", ""nerve"", ""retina""]",114,11370
ENSG00000262094,False,0.0,0.0,0.0,0.0,NOT_IN_STRING,0.0,NOT_IN_STRING,False,0.0,False,0,"[""eye"", ""nerve"", ""retina""]",114,11370
ENSG00000260375,False,0.0,0.0,0.0,0.0,NOT_IN_STRING,0.0,NOT_IN_STRING,False,0.0,False,0,"[""eye"", ""nerve"", ""retina""]",114,11370
ENSG00000262228,False,0.0,0.0,0.0,0.0,NOT_IN_STRING,0.0,NOT_IN_STRING,False,0.0,False,0,"[""eye"", ""nerve"", ""retina""]",114,11370
ENSG00000262267,False,0.0,0.0,0.0,0.0,NOT_IN_STRING,0.0,NOT_IN_STRING,False,0.0,False,0,"[""eye"", ""nerve"", ""retina""]",114,11370
ENSG00000262271,False,0.0,0.0,0.0,0.0,NOT_IN_STRING,0.0,NOT_IN_STRING,False,0.0,False,0,"[""eye"", ""nerve"", ""retina""]",114,11370
ENSG00000262370,False,0.0,0.0,0.0,0.0,NOT_IN_STRING,0.0,NOT_IN_STRING,False,0.0,False,0,"[""eye"", ""nerve"", ""retina""]",114,11370
ENSG00000262488,False,0.0,0.0,0.0,0.0,NOT_IN_STRING,0.0,NOT_IN_STRING,False,0.0,False,0,"[""eye"", ""nerve"", ""retina""]",114,11370
ENSG00000262518,False,0.0,0.0,0.0,0.0,NOT_IN_STRING,0.0,NOT_IN_STRING,False,0.0,False,0,"[""eye"", ""nerve"", ""retina""]",114,11370
ENSG00000262580,False,0.0,0.0,0.0,0.0,NOT_IN_STRING,0.0,NOT_IN_STRING,False,0.0,False,0,"[""eye"", ""nerve"", ""retina""]",114,11370
ENSG00000262587,False,0.0,0.0,0.0,0.0,NOT_IN_STRING,0.0,NOT_IN_STRING,False,0.0,False,0,"[""eye"", ""nerve"", ""retina""]",114,11370
ENSG00000262801,False,0.0,0.0,0.0,0.0,NOT_IN_STRING,0.0,NOT_IN_STRING,False,0.0,False,0,"[""eye"", ""nerve"", ""retina""]",114,11370
ENSG00000262898,False,0.0,0.0,0.0,0.0,NOT_IN_STRING,0.0,NOT_IN_STRING,False,0.0,False,0,"[""eye"", ""nerve"", ""retina""]",114,11370
ENSG00000263033,False,0.0,0.0,0.0,0.0,NOT_IN_STRING,0.0,NOT_IN_STRING,False,0.0,False,0,"[""eye"", ""nerve"", ""retina""]",114,11370
ENSG00000263041,False,0.0,0.0,0.0,0.0,NOT_IN_STRING,0.0,NOT_IN_STRING,False,0.0,False,0,"[""eye"", ""nerve"", ""retina""]",114,11370
ENSG00000263105,False,0.0,0.0,0.0,0.0,NOT_IN_STRING,0.0,NOT_IN_STRING,False,0.0,False,0,"[""eye"", ""nerve"", ""retina""]",114,11370
ENSG00000263276,False,0.0,0.0,0.0,0.0,NOT_IN_STRING,0.0,NOT_IN_STRING,False,0.0,False,0,"[""eye"", ""nerve"", ""retina""]",114,11370
ENSG00000262160,False,0.0,0.0,0.0,0.0,NOT_IN_STRING,0.0,NOT_IN_STRING,False,0.0,False,0,"[""eye"", ""nerve"", ""retina""]",114,11370
ENSG00000260377,False,0.0,0.0,0.0,0.0,NOT_IN_STRING,0.0,NOT_IN_STRING,False,0.0,False,0,"[""eye"", ""nerve"", ""retina""]",114,11370
ENSG00000260379,False,0.0,0.0,0.0,0.0,NOT_IN_STRING,0.0,NOT_IN_STRING,False,0.0,False,0,"[""eye"", ""nerve"", ""retina""]",114,11370
ENSG00000260412,False,0.0,0.0,0.0,0.0,NOT_IN_STRING,0.0,NOT_IN_STRING,False,0.0,False,0,"[""eye"", ""nerve"", ""retina""]",114,11370
ENSG00000260467,False,0.0,0.0,0.0,0.0,NOT_IN_STRING,0.0,NOT_IN_STRING,False,0.0,False,0,"[""eye"", ""nerve"", ""retina""]",114,11370
ENSG00000260507,False,0.0,0.0,0.0,0.0,NOT_IN_STRING,0.0,NOT_IN_STRING,False,0.0,False,0,"[""eye"", ""nerve"", ""retina""]",114,11370
ENSG00000260534,False,0.0,0.0,0.0,0.0,NOT_IN_STRING,0.0,NOT_IN_STRING,False,0.0,False,0,"[""eye"", ""nerve"", ""retina""]",114,11370
ENSG00000260580,False,0.0,0.0,0.0,0.0,NOT_IN_STRING,0.0,NOT_IN_STRING,False,0.0,False,0,"[""eye"", ""nerve"", ""retina""]",114,11370
ENSG00000260592,False,0.0,0.0,0.0,0.0,NOT_IN_STRING,0.0,NOT_IN_STRING,False,0.0,False,0,"[""eye"", ""nerve"", ""retina""]",114,11370
ENSG00000260657,False,0.0,0.0,0.0,0.0,NOT_IN_STRING,0.0,NOT_IN_STRING,False,0.0,False,0,"[""eye"", ""nerve"", ""retina""]",114,11370
ENSG00000260658,False,0.0,0.0,0.0,0.0,NOT_IN_STRING,0.0,NOT_IN_STRING,False,0.0,False,0,"[""eye"", ""nerve"", ""retina""]",114,11370
ENSG00000260661,False,0.0,0.0,0.0,0.0,NOT_IN_STRING,0.0,NOT_IN_STRING,False,0.0,False,0,"[""eye"", ""nerve"", ""retina""]",114,11370
ENSG00000260664,False,0.0,0.0,0.0,0.0,NOT_IN_STRING,0.0,NOT_IN_STRING,False,0.0,False,0,"[""eye"", ""nerve"", ""retina""]",114,11370
ENSG00000260679,False,0.0,0.0,0.0,0.0,NOT_IN_STRING,0.0,NOT_IN_STRING,False,0.0,False,0,"[""eye"", ""nerve"", ""retina""]",114,11370
ENSG00000260706,False,0.0,0.0,0.0,0.0,NOT_IN_STRING,0.0,NOT_IN_STRING,False,0.0,False,0,"[""eye"", ""nerve"", ""retina""]",114,11370
ENSG00000261327,False,0.0,0.0,0.0,0.0,NOT_IN_STRING,0.0,NOT_IN_STRING,False,0.0,False,0,"[""eye"", ""nerve"", ""retina""]",114,11370
ENSG00000260741,False,0.0,0.0,0.0,0.0,NOT_IN_STRING,0.0,NOT_IN_STRING,False,0.0,False,0,"[""eye"", ""nerve"", ""retina""]",114,11370
ENSG00000260850,False,0.0,0.0,0.0,0.0,NOT_IN_STRING,0.0,NOT_IN_STRING,False,0.0,False,0,"[""eye"", ""nerve"", ""retina""]",114,11370
ENSG00000260891,False,0.0,0.0,0.0,0.0,NOT_IN_STRING,0.0,NOT_IN_STRING,False,0.0,False,0,"[""eye"", ""nerve"", ""retina""]",114,11370
ENSG00000260900,False,0.0,0.0,0.0,0.0,NOT_IN_STRING,0.0,NOT_IN_STRING,False,0.0,False,0,"[""eye"", ""nerve"", ""retina""]",114,11370
ENSG00000260937,False,0.0,0.0,0.0,0.0,NOT_IN_STRING,0.0,NOT_IN_STRING,False,0.0,False,0,"[""eye"", ""nerve"", ""retina""]",114,11370
ENSG00000260958,False,0.0,0.0,0.0,0.0,NOT_IN_STRING,0.0,NOT_IN_STRING,False,0.0,False,0,"[""eye"", ""nerve"", ""retina""]",114,11370
ENSG00000260971,False,0.0,0.0,0.0,0.0,NOT_IN_STRING,0.0,NOT_IN_STRING,False,0.0,False,0,"[""eye"", ""nerve"", ""retina""]",114,11370
ENSG00000260978,False,0.0,0.0,0.0,0.0,NOT_IN_STRING,0.0,NOT_IN_STRING,False,0.0,False,0,"[""eye"", ""nerve"", ""retina""]",114,11370
ENSG00000261041,False,0.0,0.0,0.0,0.0,NOT_IN_STRING,0.0,NOT_IN_STRING,False,0.0,False,0,"[""eye"", ""nerve"", ""retina""]",114,11370
ENSG00000261055,False,0.0,0.0,0.0,0.0,NOT_IN_STRING,0.0,NOT_IN_STRING,False,0.0,False,0,"[""eye"", ""nerve"", ""retina""]",114,11370
ENSG00000261095,False,0.0,0.0,0.0,0.0,NOT_IN_STRING,0.0,NOT_IN_STRING,False,0.0,False,0,"[""eye"", ""nerve"", ""retina""]",114,11370
ENSG00000261116,False,0.0,0.0,0.0,0.0,NOT_IN_STRING,0.0,NOT_IN_STRING,False,0.0,False,0,"[""eye"", ""nerve"", ""retina""]",114,11370
ENSG00000261259,False,0.0,0.0,0.0,0.0,NOT_IN_STRING,0.0,NOT_IN_STRING,False,0.0,False,0,"[""eye"", ""nerve"", ""retina""]",114,11370
ENSG00000261285,False,0.0,0.0,0.0,0.0,NOT_IN_STRING,0.0,NOT_IN_STRING,False,0.0,False,0,"[""eye"", ""nerve"", ""retina""]",114,11370
ENSG00000260715,False,0.0,0.0,0.0,0.0,NOT_IN_STRING,0.0,NOT_IN_STRING,False,0.0,False,0,"[""eye"", ""nerve"", ""retina""]",114,11370
ENSG00000286114,False,0.0,0.0,0.0,0.0,NOT_IN_STRING,0.0,NOT_IN_STRING,False,0.0,False,0,"[""eye"", ""nerve"", ""retina""]",114,11370
ENSG00000286125,False,0.0,0.0,0.0,0.0,NOT_IN_STRING,0.0,NOT_IN_STRING,False,0.0,False,0,"[""eye"", ""nerve"", ""retina""]",114,11370
ENSG00000286144,False,0.0,0.0,0.0,0.0,NOT_IN_STRING,0.0,NOT_IN_STRING,False,0.0,False,0,"[""eye"", ""nerve"", ""retina""]",114,11370
ENSG00000286147,False,0.0,0.0,0.0,0.0,NOT_IN_STRING,0.0,NOT_IN_STRING,False,0.0,False,0,"[""eye"", ""nerve"", ""retina""]",114,11370
ENSG00000286150,False,0.0,0.0,0.0,0.0,NOT_IN_STRING,0.0,NOT_IN_STRING,False,0.0,False,0,"[""eye"", ""nerve"", ""retina""]",114,11370
ENSG00000286157,False,0.0,0.0,0.0,0.0,NOT_IN_STRING,0.0,NOT_IN_STRING,False,0.0,False,0,"[""eye"", ""nerve"", ""retina""]",114,11370
ENSG00000286162,False,0.0,0.0,0.0,0.0,NOT_IN_STRING,0.0,NOT_IN_STRING,False,0.0,False,0,"[""eye"", ""nerve"", ""retina""]",114,11370
ENSG00000286195,False,0.0,0.0,0.0,0.0,NOT_IN_STRING,0.0,NOT_IN_STRING,False,0.0,False,0,"[""eye"", ""nerve"", ""retina""]",114,11370
ENSG00000286259,False,0.0,0.0,0.0,0.0,NOT_IN_STRING,0.0,NOT_IN_STRING,False,0.0,False,0,"[""eye"", ""nerve"", ""retina""]",114,11370
ENSG00000286260,False,0.0,0.0,0.0,0.0,NOT_IN_STRING,0.0,NOT_IN_STRING,False,0.0,False,0,"[""eye"", ""nerve"", ""retina""]",114,11370
ENSG00000286272,False,0.0,0.0,0.0,0.0,NOT_IN_STRING,0.0,NOT_IN_STRING,False,0.0,False,0,"[""eye"", ""nerve"", ""retina""]",114,11370
ENSG00000286285,False,0.0,0.0,0.0,0.0,NOT_IN_STRING,0.0,NOT_IN_STRING,False,0.0,False,0,"[""eye"", ""nerve"", ""retina""]",114,11370
ENSG00000286288,False,0.0,0.0,0.0,0.0,NOT_IN_STRING,0.0,NOT_IN_STRING,False,0.0,False,0,"[""eye"", ""nerve"", ""retina""]",114,11370
ENSG00000275228,False,0.0,0.0,0.0,0.0,NOT_IN_STRING,0.0,NOT_IN_STRING,False,0.0,False,0,"[""eye"", ""nerve"", ""retina""]",114,11370
ENSG00000286377,False,0.0,0.0,0.0,0.0,NOT_IN_STRING,0.0,NOT_IN_STRING,False,0.0,False,0,"[""eye"", ""nerve"", ""retina""]",114,11370
ENSG00000286385,False,0.0,0.0,0.0,0.0,NOT_IN_STRING,0.0,NOT_IN_STRING,False,0.0,False,0,"[""eye"", ""nerve"", ""retina""]",114,11370
ENSG00000286388,False,0.0,0.0,0.0,0.0,NOT_IN_STRING,0.0,NOT_IN_STRING,False,0.0,False,0,"[""eye"", ""nerve"", ""retina""]",114,11370
ENSG00000286398,False,0.0,0.0,0.0,0.0,NOT_IN_STRING,0.0,NOT_IN_STRING,False,0.0,False,0,"[""eye"", ""nerve"", ""retina""]",114,11370
ENSG00000286399,False,0.0,0.0,0.0,0.0,NOT_IN_STRING,0.0,NOT_IN_STRING,False,0.0,False,0,"[""eye"", ""nerve"", ""retina""]",114,11370
ENSG00000286425,False,0.0,0.0,0.0,0.0,NOT_IN_STRING,0.0,NOT_IN_STRING,False,0.0,False,0,"[""eye"", ""nerve"", ""retina""]",114,11370
ENSG00000286429,False,0.0,0.0,0.0,0.0,NOT_IN_STRING,0.0,NOT_IN_STRING,False,0.0,False,0,"[""eye"", ""nerve"", ""retina""]",114,11370
ENSG00000286443,False,0.0,0.0,0.0,0.0,NOT_IN_STRING,0.0,NOT_IN_STRING,False,0.0,False,0,"[""eye"", ""nerve"", ""retina""]",114,11370
ENSG00000286448,False,0.0,0.0,0.0,0.0,NOT_IN_STRING,0.0,NOT_IN_STRING,False,0.0,False,0,"[""eye"", ""nerve"", ""retina""]",114,11370
ENSG00000286474,False,0.0,0.0,0.0,0.0,NOT_IN_STRING,0.0,NOT_IN_STRING,False,0.0,False,0,"[""eye"", ""nerve"", ""retina""]",114,11370
ENSG00000286536,False,0.0,0.0,0.0,0.0,NOT_IN_STRING,0.0,NOT_IN_STRING,False,0.0,False,0,"[""eye"", ""nerve"", ""retina""]",114,11370
ENSG00000286540,False,0.0,0.0,0.0,0.0,NOT_IN_STRING,0.0,NOT_IN_STRING,False,0.0,False,0,"[""eye"", ""nerve"", ""retina""]",114,11370
ENSG00000286566,False,0.0,0.0,0.0,0.0,NOT_IN_STRING,0.0,NOT_IN_STRING,False,0.0,False,0,"[""eye"", ""nerve"", ""retina""]",114,11370
ENSG00000286567,False,0.0,0.0,0.0,0.0,NOT_IN_STRING,0.0,NOT_IN_STRING,False,0.0,False,0,"[""eye"", ""nerve"", ""retina""]",114,11370
ENSG00000286357,False,0.0,0.0,0.0,0.0,NOT_IN_STRING,0.0,NOT_IN_STRING,False,0.0,False,0,"[""eye"", ""nerve"", ""retina""]",114,11370
ENSG00000285668,False,0.0,0.0,0.0,0.0,NOT_IN_STRING,0.0,NOT_IN_STRING,False,0.0,False,0,"[""eye"", ""nerve"", ""retina""]",114,11370
ENSG00000285703,False,0.0,0.0,0.0,0.0,NOT_IN_STRING,0.0,NOT_IN_STRING,False,0.0,False,0,"[""eye"", ""nerve"", ""retina""]",114,11370
ENSG00000285705,False,0.0,0.0,0.0,0.0,NOT_IN_STRING,0.0,NOT_IN_STRING,False,0.0,False,0,"[""eye"", ""nerve"", ""retina""]",114,11370
ENSG00000285715,False,0.0,0.0,0.0,0.0,NOT_IN_STRING,0.0,NOT_IN_STRING,False,0.0,False,0,"[""eye"", ""nerve"", ""retina""]",114,11370
ENSG00000285717,False,0.0,0.0,0.0,0.0,NOT_IN_STRING,0.0,NOT_IN_STRING,False,0.0,False,0,"[""eye"", ""nerve"", ""retina""]",114,11370
ENSG00000285718,False,0.0,0.0,0.0,0.0,NOT_IN_STRING,0.0,NOT_IN_STRING,False,0.0,False,0,"[""eye"", ""nerve"", ""retina""]",114,11370
ENSG00000285728,False,0.0,0.0,0.0,0.0,NOT_IN_STRING,0.0,NOT_IN_STRING,False,0.0,False,0,"[""eye"", ""nerve"", ""retina""]",114,11370
ENSG00000285729,False,0.0,0.0,0.0,0.0,NOT_IN_STRING,0.0,NOT_IN_STRING,False,0.0,False,0,"[""eye"", ""nerve"", ""retina""]",114,11370
ENSG00000285741,False,0.0,0.0,0.0,0.0,NOT_IN_STRING,0.0,NOT_IN_STRING,False,0.0,False,0,"[""eye"", ""nerve"", ""retina""]",114,11370
ENSG00000285751,False,0.0,0.0,0.0,0.0,NOT_IN_STRING,0.0,NOT_IN_STRING,False,0.0,False,0,"[""eye"", ""nerve"", ""retina""]",114,11370
ENSG00000285784,False,0.0,0.0,0.0,0.0,NOT_IN_STRING,0.0,NOT_IN_STRING,False,0.0,False,0,"[""eye"", ""nerve"", ""retina""]",114,11370
ENSG00000285792,False,0.0,0.0,0.0,0.0,NOT_IN_STRING,0.0,NOT_IN_STRING,False,0.0,False,0,"[""eye"", ""nerve"", ""retina""]",114,11370
ENSG00000285800,False,0.0,0.0,0.0,0.0,NOT_IN_STRING,0.0,NOT_IN_STRING,False,0.0,False,0,"[""eye"", ""nerve"", ""retina""]",114,11370
ENSG00000285801,False,0.0,0.0,0.0,0.0,NOT_IN_STRING,0.0,NOT_IN_STRING,False,0.0,False,0,"[""eye"", ""nerve"", ""retina""]",114,11370
ENSG00000286082,False,0.0,0.0,0.0,0.0,NOT_IN_STRING,0.0,NOT_IN_STRING,False,0.0,False,0,"[""eye"", ""nerve"", ""retina""]",114,11370
ENSG00000285834,False,0.0,0.0,0.0,0.0,NOT_IN_STRING,0.0,NOT_IN_STRING,False,0.0,False,0,"[""eye"", ""nerve"", ""retina""]",114,11370
ENSG00000285855,False,0.0,0.0,0.0,0.0,NOT_IN_STRING,0.0,NOT_IN_STRING,False,0.0,False,0,"[""eye"", ""nerve"", ""retina""]",114,11370
ENSG00000285861,False,0.0,0.0,0.0,0.0,NOT_IN_STRING,0.0,NOT_IN_STRING,False,0.0,False,0,"[""eye"", ""nerve"", ""retina""]",114,11370
ENSG00000285878,False,0.0,0.0,0.0,0.0,NOT_IN_STRING,0.0,NOT_IN_STRING,False,0.0,False,0,"[""eye"", ""nerve"", ""retina""]",114,11370
ENSG00000285882,False,0.0,0.0,0.0,0.0,NOT_IN_STRING,0.0,NOT_IN_STRING,False,0.0,False,0,"[""eye"", ""nerve"", ""retina""]",114,11370
ENSG00000285892,False,0.0,0.0,0.0,0.0,NOT_IN_STRING,0.0,NOT_IN_STRING,False,0.0,False,0,"[""eye"", ""nerve"", ""retina""]",114,11370
ENSG00000285898,False,0.0,0.0,0.0,0.0,NOT_IN_STRING,0.0,NOT_IN_STRING,False,0.0,False,0,"[""eye"", ""nerve"", ""retina""]",114,11370
ENSG00000285914,False,0.0,0.0,0.0,0.0,NOT_IN_STRING,0.0,NOT_IN_STRING,False,0.0,False,0,"[""eye"", ""nerve"", ""retina""]",114,11370
ENSG00000285971,False,0.0,0.0,0.0,0.0,NOT_IN_STRING,0.0,NOT_IN_STRING,False,0.0,False,0,"[""eye"", ""nerve"", ""retina""]",114,11370
ENSG00000286023,False,0.0,0.0,0.0,0.0,NOT_IN_STRING,0.0,NOT_IN_STRING,False,0.0,False,0,"[""eye"", ""nerve"", ""retina""]",114,11370
ENSG00000286024,False,0.0,0.0,0.0,0.0,NOT_IN_STRING,0.0,NOT_IN_STRING,False,0.0,False,0,"[""eye"", ""nerve"", ""retina""]",114,11370
ENSG00000286033,False,0.0,0.0,0.0,0.0,NOT_IN_STRING,0.0,NOT_IN_STRING,False,0.0,False,0,"[""eye"", ""nerve"", ""retina""]",114,11370
ENSG00000286063,False,0.0,0.0,0.0,0.0,NOT_IN_STRING,0.0,NOT_IN_STRING,False,0.0,False,0,"[""eye"", ""nerve"", ""retina""]",114,11370
ENSG00000286071,False,0.0,0.0,0.0,0.0,NOT_IN_STRING,0.0,NOT_IN_STRING,False,0.0,False,0,"[""eye"", ""nerve"", ""retina""]",114,11370
ENSG00000285805,False,0.0,0.0,0.0,0.0,NOT_IN_STRING,0.0,NOT_IN_STRING,False,0.0,False,0,"[""eye"", ""nerve"", ""retina""]",114,11370
ENSG00000286948,False,0.0,0.0,0.0,0.0,NOT_IN_STRING,0.0,NOT_IN_STRING,False,0.0,False,0,"[""eye"", ""nerve"", ""retina""]",114,11370
ENSG00000286951,False,0.0,0.0,0.0,0.0,NOT_IN_STRING,0.0,NOT_IN_STRING,False,0.0,False,0,"[""eye"", ""nerve"", ""retina""]",114,11370
ENSG00000286955,False,0.0,0.0,0.0,0.0,NOT_IN_STRING,0.0,NOT_IN_STRING,False,0.0,False,0,"[""eye"", ""nerve"", ""retina""]",114,11370
ENSG00000286960,False,0.0,0.0,0.0,0.0,NOT_IN_STRING,0.0,NOT_IN_STRING,False,0.0,False,0,"[""eye"", ""nerve"", ""retina""]",114,11370
ENSG00000286971,False,0.0,0.0,0.0,0.0,NOT_IN_STRING,0.0,NOT_IN_STRING,False,0.0,False,0,"[""eye"", ""nerve"", ""retina""]",114,11370
ENSG00000286976,False,0.0,0.0,0.0,0.0,NOT_IN_STRING,0.0,NOT_IN_STRING,False,0.0,False,0,"[""eye"", ""nerve"", ""retina""]",114,11370
ENSG00000286995,False,0.0,0.0,0.0,0.0,NOT_IN_STRING,0.0,NOT_IN_STRING,False,0.0,False,0,"[""eye"", ""nerve"", ""retina""]",114,11370
ENSG00000287003,False,0.0,0.0,0.0,0.0,NOT_IN_STRING,0.0,NOT_IN_STRING,False,0.0,False,0,"[""eye"", ""nerve"", ""retina""]",114,11370
ENSG00000287018,False,0.0,0.0,0.0,0.0,NOT_IN_STRING,0.0,NOT_IN_STRING,False,0.0,False,0,"[""eye"", ""nerve"", ""retina""]",114,11370
ENSG00000287029,False,0.0,0.0,0.0,0.0,NOT_IN_STRING,0.0,NOT_IN_STRING,False,0.0,False,0,"[""eye"", ""nerve"", ""retina""]",114,11370
ENSG00000287045,False,0.0,0.0,0.0,0.0,NOT_IN_STRING,0.0,NOT_IN_STRING,False,0.0,False,0,"[""eye"", ""nerve"", ""retina""]",114,11370
ENSG00000287050,False,0.0,0.0,0.0,0.0,NOT_IN_STRING,0.0,NOT_IN_STRING,False,0.0,False,0,"[""eye"", ""nerve"", ""retina""]",114,11370
ENSG00000287055,False,0.0,0.0,0.0,0.0,NOT_IN_STRING,0.0,NOT_IN_STRING,False,0.0,False,0,"[""eye"", ""nerve"", ""retina""]",114,11370
ENSG00000286587,False,0.0,0.0,0.0,0.0,NOT_IN_STRING,0.0,NOT_IN_STRING,False,0.0,False,0,"[""eye"", ""nerve"", ""retina""]",114,11370
ENSG00000287092,False,0.0,0.0,0.0,0.0,NOT_IN_STRING,0.0,NOT_IN_STRING,False,0.0,False,0,"[""eye"", ""nerve"", ""retina""]",114,11370
ENSG00000287122,False,0.0,0.0,0.0,0.0,NOT_IN_STRING,0.0,NOT_IN_STRING,False,0.0,False,0,"[""eye"", ""nerve"", ""retina""]",114,11370
ENSG00000287125,False,0.0,0.0,0.0,0.0,NOT_IN_STRING,0.0,NOT_IN_STRING,False,0.0,False,0,"[""eye"", ""nerve"", ""retina""]",114,11370
ENSG00000287144,False,0.0,0.0,0.0,0.0,NOT_IN_STRING,0.0,NOT_IN_STRING,False,0.0,False,0,"[""eye"", ""nerve"", ""retina""]",114,11370
ENSG00000287165,False,0.0,0.0,0.0,0.0,NOT_IN_STRING,0.0,NOT_IN_STRING,False,0.0,False,0,"[""eye"", ""nerve"", ""retina""]",114,11370
ENSG00000287172,False,0.0,0.0,0.0,0.0,NOT_IN_STRING,0.0,NOT_IN_STRING,False,0.0,False,0,"[""eye"", ""nerve"", ""retina""]",114,11370
ENSG00000287173,False,0.0,0.0,0.0,0.0,NOT_IN_STRING,0.0,NOT_IN_STRING,False,0.0,False,0,"[""eye"", ""nerve"", ""retina""]",114,11370
ENSG00000287174,False,0.0,0.0,0.0,0.0,NOT_IN_STRING,0.0,NOT_IN_STRING,False,0.0,False,0,"[""eye"", ""nerve"", ""retina""]",114,11370
ENSG00000287178,False,0.0,0.0,0.0,0.0,NOT_IN_STRING,0.0,NOT_IN_STRING,False,0.0,False,0,"[""eye"", ""nerve"", ""retina""]",114,11370
ENSG00000287187,False,0.0,0.0,0.0,0.0,NOT_IN_STRING,0.0,NOT_IN_STRING,False,0.0,False,0,"[""eye"", ""nerve"", ""retina""]",114,11370
ENSG00000287191,False,0.0,0.0,0.0,0.0,NOT_IN_STRING,0.0,NOT_IN_STRING,False,0.0,False,0,"[""eye"", ""nerve"", ""retina""]",114,11370
ENSG00000287251,False,0.0,0.0,0.0,0.0,NOT_IN_STRING,0.0,NOT_IN_STRING,False,0.0,False,0,"[""eye"", ""nerve"", ""retina""]",114,11370
ENSG00000287254,False,0.0,0.0,0.0,0.0,NOT_IN_STRING,0.0,NOT_IN_STRING,False,0.0,False,0,"[""eye"", ""nerve"", ""retina""]",114,11370
ENSG00000287278,False,0.0,0.0,0.0,0.0,NOT_IN_STRING,0.0,NOT_IN_STRING,False,0.0,False,0,"[""eye"", ""nerve"", ""retina""]",114,11370
ENSG00000287072,False,0.0,0.0,0.0,0.0,NOT_IN_STRING,0.0,NOT_IN_STRING,False,0.0,False,0,"[""eye"", ""nerve"", ""retina""]",114,11370
ENSG00000286590,False,0.0,0.0,0.0,0.0,NOT_IN_STRING,0.0,NOT_IN_STRING,False,0.0,False,0,"[""eye"", ""nerve"", ""retina""]",114,11370
ENSG00000286591,False,0.0,0.0,0.0,0.0,NOT_IN_STRING,0.0,NOT_IN_STRING,False,0.0,False,0,"[""eye"", ""nerve"", ""retina""]",114,11370
ENSG00000286602,False,0.0,0.0,0.0,0.0,NOT_IN_STRING,0.0,NOT_IN_STRING,False,0.0,False,0,"[""eye"", ""nerve"", ""retina""]",114,11370
ENSG00000286613,False,0.0,0.0,0.0,0.0,NOT_IN_STRING,0.0,NOT_IN_STRING,False,0.0,False,0,"[""eye"", ""nerve"", ""retina""]",114,11370
ENSG00000286618,False,0.0,0.0,0.0,0.0,NOT_IN_STRING,0.0,NOT_IN_STRING,False,0.0,False,0,"[""eye"", ""nerve"", ""retina""]",114,11370
ENSG00000286638,False,0.0,0.0,0.0,0.0,NOT_IN_STRING,0.0,NOT_IN_STRING,False,0.0,False,0,"[""eye"", ""nerve"", ""retina""]",114,11370
ENSG00000286652,False,0.0,0.0,0.0,0.0,NOT_IN_STRING,0.0,NOT_IN_STRING,False,0.0,False,0,"[""eye"", ""nerve"", ""retina""]",114,11370
ENSG00000286661,False,0.0,0.0,0.0,0.0,NOT_IN_STRING,0.0,NOT_IN_STRING,False,0.0,False,0,"[""eye"", ""nerve"", ""retina""]",114,11370
ENSG00000286670,False,0.0,0.0,0.0,0.0,NOT_IN_STRING,0.0,NOT_IN_STRING,False,0.0,False,0,"[""eye"", ""nerve"", ""retina""]",114,11370
ENSG00000286734,False,0.0,0.0,0.0,0.0,NOT_IN_STRING,0.0,NOT_IN_STRING,False,0.0,False,0,"[""eye"", ""nerve"", ""retina""]",114,11370
ENSG00000286746,False,0.0,0.0,0.0,0.0,NOT_IN_STRING,0.0,NOT_IN_STRING,False,0.0,False,0,"[""eye"", ""nerve"", ""retina""]",114,11370
ENSG00000286757,False,0.0,0.0,0.0,0.0,NOT_IN_STRING,0.0,NOT_IN_STRING,False,0.0,False,0,"[""eye"", ""nerve"", ""retina""]",114,11370
ENSG00000286765,False,0.0,0.0,0.0,0.0,NOT_IN_STRING,0.0,NOT_IN_STRING,False,0.0,False,0,"[""eye"", ""nerve"", ""retina""]",114,11370
ENSG00000286769,False,0.0,0.0,0.0,0.0,NOT_IN_STRING,0.0,NOT_IN_STRING,False,0.0,False,0,"[""eye"", ""nerve"", ""retina""]",114,11370
ENSG00000286934,False,0.0,0.0,0.0,0.0,NOT_IN_STRING,0.0,NOT_IN_STRING,False,0.0,False,0,"[""eye"", ""nerve"", ""retina""]",114,11370
ENSG00000286787,False,0.0,0.0,0.0,0.0,NOT_IN_STRING,0.0,NOT_IN_STRING,False,0.0,False,0,"[""eye"", ""nerve"", ""retina""]",114,11370
ENSG00000286802,False,0.0,0.0,0.0,0.0,NOT_IN_STRING,0.0,NOT_IN_STRING,False,0.0,False,0,"[""eye"", ""nerve"", ""retina""]",114,11370
ENSG00000286803,False,0.0,0.0,0.0,0.0,NOT_IN_STRING,0.0,NOT_IN_STRING,False,0.0,False,0,"[""eye"", ""nerve"", ""retina""]",114,11370
ENSG00000286828,False,0.0,0.0,0.0,0.0,NOT_IN_STRING,0.0,NOT_IN_STRING,False,0.0,False,0,"[""eye"", ""nerve"", ""retina""]",114,11370
ENSG00000286829,False,0.0,0.0,0.0,0.0,NOT_IN_STRING,0.0,NOT_IN_STRING,False,0.0,False,0,"[""eye"", ""nerve"", ""retina""]",114,11370
ENSG00000286833,False,0.0,0.0,0.0,0.0,NOT_IN_STRING,0.0,NOT_IN_STRING,False,0.0,False,0,"[""eye"", ""nerve"", ""retina""]",114,11370
ENSG00000286836,False,0.0,0.0,0.0,0.0,NOT_IN_STRING,0.0,NOT_IN_STRING,False,0.0,False,0,"[""eye"", ""nerve"", ""retina""]",114,11370
ENSG00000286844,False,0.0,0.0,0.0,0.0,NOT_IN_STRING,0.0,NOT_IN_STRING,False,0.0,False,0,"[""eye"", ""nerve"", ""retina""]",114,11370
ENSG00000286850,False,0.0,0.0,0.0,0.0,NOT_IN_STRING,0.0,NOT_IN_STRING,False,0.0,False,0,"[""eye"", ""nerve"", ""retina""]",114,11370
ENSG00000286882,False,0.0,0.0,0.0,0.0,NOT_IN_STRING,0.0,NOT_IN_STRING,False,0.0,False,0,"[""eye"", ""nerve"", ""retina""]",114,11370
ENSG00000286893,False,0.0,0.0,0.0,0.0,NOT_IN_STRING,0.0,NOT_IN_STRING,False,0.0,False,0,"[""eye"", ""nerve"", ""retina""]",114,11370
ENSG00000286894,False,0.0,0.0,0.0,0.0,NOT_IN_STRING,0.0,NOT_IN_STRING,False,0.0,False,0,"[""eye"", ""nerve"", ""retina""]",114,11370
ENSG00000286922,False,0.0,0.0,0.0,0.0,NOT_IN_STRING,0.0,NOT_IN_STRING,False,0.0,False,0,"[""eye"", ""nerve"", ""retina""]",114,11370
ENSG00000286924,False,0.0,0.0,0.0,0.0,NOT_IN_STRING,0.0,NOT_IN_STRING,False,0.0,False,0,"[""eye"", ""nerve"", ""retina""]",114,11370
ENSG00000286775,False,0.0,0.0,0.0,0.0,NOT_IN_STRING,0.0,NOT_IN_STRING,False,0.0,False,0,"[""eye"", ""nerve"", ""retina""]",114,11370
ENSG00000278408,False,0.0,0.0,0.0,0.0,NOT_IN_STRING,0.0,NOT_IN_STRING,False,0.0,False,0,"[""eye"", ""nerve"", ""retina""]",114,11370
ENSG00000278518,False,0.0,0.0,0.0,0.0,NOT_IN_STRING,0.0,NOT_IN_STRING,False,0.0,False,0,"[""eye"", ""nerve"", ""retina""]",114,11370
ENSG00000278654,False,0.0,0.0,0.0,0.0,NOT_IN_STRING,0.0,NOT_IN_STRING,False,0.0,False,0,"[""eye"", ""nerve"", ""retina""]",114,11370
ENSG00000278730,False,0.0,0.0,0.0,0.0,NOT_IN_STRING,0.0,NOT_IN_STRING,False,0.0,False,0,"[""eye"", ""nerve"", ""retina""]",114,11370
ENSG00000278867,False,0.0,0.0,0.0,0.0,NOT_IN_STRING,0.0,NOT_IN_STRING,False,0.0,False,0,"[""eye"", ""nerve"", ""retina""]",114,11370
ENSG00000278876,False,0.0,0.0,0.0,0.0,NOT_IN_STRING,0.0,NOT_IN_STRING,False,0.0,False,0,"[""eye"", ""nerve"", ""retina""]",114,11370
ENSG00000278917,False,0.0,0.0,0.0,0.0,NOT_IN_STRING,0.0,NOT_IN_STRING,False,0.0,False,0,"[""eye"", ""nerve"", ""retina""]",114,11370
ENSG00000278965,False,0.0,0.0,0.0,0.0,NOT_IN_STRING,0.0,NOT_IN_STRING,False,0.0,False,0,"[""eye"", ""nerve"", ""retina""]",114,11370
ENSG00000278975,False,0.0,0.0,0.0,0.0,NOT_IN_STRING,0.0,NOT_IN_STRING,False,0.0,False,0,"[""eye"", ""nerve"", ""retina""]",114,11370
ENSG00000279006,False,0.0,0.0,0.0,0.0,NOT_IN_STRING,0.0,NOT_IN_STRING,False,0.0,False,0,"[""eye"", ""nerve"", ""retina""]",114,11370
ENSG00000279021,False,0.0,0.0,0.0,0.0,NOT_IN_STRING,0.0,NOT_IN_STRING,False,0.0,False,0,"[""eye"", ""nerve"", ""retina""]",114,11370
ENSG00000279026,False,0.0,0.0,0.0,0.0,NOT_IN_STRING,0.0,NOT_IN_STRING,False,0.0,False,0,"[""eye"", ""nerve"", ""retina""]",114,11370
ENSG00000279030,False,0.0,0.0,0.0,0.0,NOT_IN_STRING,0.0,NOT_IN_STRING,False,0.0,False,0,"[""eye"", ""nerve"", ""retina""]",114,11370
ENSG00000285664,False,0.0,0.0,0.0,0.0,NOT_IN_STRING,0.0,NOT_IN_STRING,False,0.0,False,0,"[""eye"", ""nerve"", ""retina""]",114,11370
ENSG00000279114,False,0.0,0.0,0.0,0.0,NOT_IN_STRING,0.0,NOT_IN_STRING,False,0.0,False,0,"[""eye"", ""nerve"", ""retina""]",114,11370
ENSG00000279127,False,0.0,0.0,0.0,0.0,NOT_IN_STRING,0.0,NOT_IN_STRING,False,0.0,False,0,"[""eye"", ""nerve"", ""retina""]",114,11370
ENSG00000279142,False,0.0,0.0,0.0,0.0,NOT_IN_STRING,0.0,NOT_IN_STRING,False,0.0,False,0,"[""eye"", ""nerve"", ""retina""]",114,11370
ENSG00000279146,False,0.0,0.0,0.0,0.0,NOT_IN_STRING,0.0,NOT_IN_STRING,False,0.0,False,0,"[""eye"", ""nerve"", ""retina""]",114,11370
ENSG00000279168,False,0.0,0.0,0.0,0.0,NOT_IN_STRING,0.0,NOT_IN_STRING,False,0.0,False,0,"[""eye"", ""nerve"", ""retina""]",114,11370
ENSG00000279200,False,0.0,0.0,0.0,0.0,NOT_IN_STRING,0.0,NOT_IN_STRING,False,0.0,False,0,"[""eye"", ""nerve"", ""retina""]",114,11370
ENSG00000279211,False,0.0,0.0,0.0,0.0,NOT_IN_STRING,0.0,NOT_IN_STRING,False,0.0,False,0,"[""eye"", ""nerve"", ""retina""]",114,11370
ENSG00000279251,False,0.0,0.0,0.0,0.0,NOT_IN_STRING,0.0,NOT_IN_STRING,False,0.0,False,0,"[""eye"", ""nerve"", ""retina""]",114,11370
ENSG00000279254,False,0.0,0.0,0.0,0.0,NOT_IN_STRING,0.0,NOT_IN_STRING,False,0.0,False,0,"[""eye"", ""nerve"", ""retina""]",114,11370
ENSG00000279288,False,0.0,0.0,0.0,0.0,NOT_IN_STRING,0.0,NOT_IN_STRING,False,0.0,False,0,"[""eye"", ""nerve"", ""retina""]",114,11370
ENSG00000279317,False,0.0,0.0,0.0,0.0,NOT_IN_STRING,0.0,NOT_IN_STRING,False,0.0,False,0,"[""eye"", ""nerve"", ""retina""]",114,11370
ENSG00000279325,False,0.0,0.0,0.0,0.0,NOT_IN_STRING,0.0,NOT_IN_STRING,False,0.0,False,0,"[""eye"", ""nerve"", ""retina""]",114,11370
ENSG00000279388,False,0.0,0.0,0.0,0.0,NOT_IN_STRING,0.0,NOT_IN_STRING,False,0.0,False,0,"[""eye"", ""nerve"", ""retina""]",114,11370
ENSG00000279438,False,0.0,0.0,0.0,0.0,NOT_IN_STRING,0.0,NOT_IN_STRING,False,0.0,False,0,"[""eye"", ""nerve"", ""retina""]",114,11370
ENSG00000279110,False,0.0,0.0,0.0,0.0,NOT_IN_STRING,0.0,NOT_IN_STRING,False,0.0,False,0,"[""eye"", ""nerve"", ""retina""]",114,11370
ENSG00000275250,False,0.0,0.0,0.0,0.0,NOT_IN_STRING,0.0,NOT_IN_STRING,False,0.0,False,0,"[""eye"", ""nerve"", ""retina""]",114,11370
ENSG00000275297,False,0.0,0.0,0.0,0.0,NOT_IN_STRING,0.0,NOT_IN_STRING,False,0.0,False,0,"[""eye"", ""nerve"", ""retina""]",114,11370
ENSG00000275443,False,0.0,0.0,0.0,0.0,NOT_IN_STRING,0.0,NOT_IN_STRING,False,0.0,False,0,"[""eye"", ""nerve"", ""retina""]",114,11370
ENSG00000275559,False,0.0,0.0,0.0,0.0,NOT_IN_STRING,0.0,NOT_IN_STRING,False,0.0,False,0,"[""eye"", ""nerve"", ""retina""]",114,11370
ENSG00000275805,False,0.0,0.0,0.0,0.0,NOT_IN_STRING,0.0,NOT_IN_STRING,False,0.0,False,0,"[""eye"", ""nerve"", ""retina""]",114,11370
ENSG00000275807,False,0.0,0.0,0.0,0.0,NOT_IN_STRING,0.0,NOT_IN_STRING,False,0.0,False,0,"[""eye"", ""nerve"", ""retina""]",114,11370
ENSG00000276089,False,0.0,0.0,0.0,0.0,NOT_IN_STRING,0.0,NOT_IN_STRING,False,0.0,False,0,"[""eye"", ""nerve"", ""retina""]",114,11370
ENSG00000276266,False,0.0,0.0,0.0,0.0,NOT_IN_STRING,0.0,NOT_IN_STRING,False,0.0,False,0,"[""eye"", ""nerve"", ""retina""]",114,11370
ENSG00000276413,False,0.0,0.0,0.0,0.0,NOT_IN_STRING,0.0,NOT_IN_STRING,False,0.0,False,0,"[""eye"", ""nerve"", ""retina""]",114,11370
ENSG00000276564,False,0.0,0.0,0.0,0.0,NOT_IN_STRING,0.0,NOT_IN_STRING,False,0.0,False,0,"[""eye"", ""nerve"", ""retina""]",114,11370
ENSG00000276730,False,0.0,0.0,0.0,0.0,NOT_IN_STRING,0.0,NOT_IN_STRING,False,0.0,False,0,"[""eye"", ""nerve"", ""retina""]",114,11370
ENSG00000276744,False,0.0,0.0,0.0,0.0,NOT_IN_STRING,0.0,NOT_IN_STRING,False,0.0,False,0,"[""eye"", ""nerve"", ""retina""]",114,11370
ENSG00000276822,False,0.0,0.0,0.0,0.0,NOT_IN_STRING,0.0,NOT_IN_STRING,False,0.0,False,0,"[""eye"", ""nerve"", ""retina""]",114,11370
ENSG00000276845,False,0.0,0.0,0.0,0.0,NOT_IN_STRING,0.0,NOT_IN_STRING,False,0.0,False,0,"[""eye"", ""nerve"", ""retina""]",114,11370
ENSG00000278382,False,0.0,0.0,0.0,0.0,NOT_IN_STRING,0.0,NOT_IN_STRING,False,0.0,False,0,"[""eye"", ""nerve"", ""retina""]",114,11370
ENSG00000277007,False,0.0,0.0,0.0,0.0,NOT_IN_STRING,0.0,NOT_IN_STRING,False,0.0,False,0,"[""eye"", ""nerve"", ""retina""]",114,11370
ENSG00000277435,False,0.0,0.0,0.0,0.0,NOT_IN_STRING,0.0,NOT_IN_STRING,False,0.0,False,0,"[""eye"", ""nerve"", ""retina""]",114,11370
ENSG00000277468,False,0.0,0.0,0.0,0.0,NOT_IN_STRING,0.0,NOT_IN_STRING,False,0.0,False,0,"[""eye"", ""nerve"", ""retina""]",114,11370
ENSG00000277491,False,0.0,0.0,0.0,0.0,NOT_IN_STRING,0.0,NOT_IN_STRING,False,0.0,False,0,"[""eye"", ""nerve"", ""retina""]",114,11370
ENSG00000277647,False,0.0,0.0,0.0,0.0,NOT_IN_STRING,0.0,NOT_IN_STRING,False,0.0,False,0,"[""eye"", ""nerve"", ""retina""]",114,11370
ENSG00000277693,False,0.0,0.0,0.0,0.0,NOT_IN_STRING,0.0,NOT_IN_STRING,False,0.0,False,0,"[""eye"", ""nerve"", ""retina""]",114,11370
ENSG00000277705,False,0.0,0.0,0.0,0.0,NOT_IN_STRING,0.0,NOT_IN_STRING,False,0.0,False,0,"[""eye"", ""nerve"", ""retina""]",114,11370
ENSG00000277711,False,0.0,0.0,0.0,0.0,NOT_IN_STRING,0.0,NOT_IN_STRING,False,0.0,False,0,"[""eye"", ""nerve"", ""retina""]",114,11370
ENSG00000277952,False,0.0,0.0,0.0,0.0,NOT_IN_STRING,0.0,NOT_IN_STRING,False,0.0,False,0,"[""eye"", ""nerve"", ""retina""]",114,11370
ENSG00000278000,False,0.0,0.0,0.0,0.0,NOT_IN_STRING,0.0,NOT_IN_STRING,False,0.0,False,0,"[""eye"", ""nerve"", ""retina""]",114,11370
ENSG00000278102,False,0.0,0.0,0.0,0.0,NOT_IN_STRING,0.0,NOT_IN_STRING,False,0.0,False,0,"[""eye"", ""nerve"", ""retina""]",114,11370
ENSG00000278275,False,0.0,0.0,0.0,0.0,NOT_IN_STRING,0.0,NOT_IN_STRING,False,0.0,False,0,"[""eye"", ""nerve"", ""retina""]",114,11370
ENSG00000278332,False,0.0,0.0,0.0,0.0,NOT_IN_STRING,0.0,NOT_IN_STRING,False,0.0,False,0,"[""eye"", ""nerve"", ""retina""]",114,11370
ENSG00000278376,False,0.0,0.0,0.0,0.0,NOT_IN_STRING,0.0,NOT_IN_STRING,False,0.0,False,0,"[""eye"", ""nerve"", ""retina""]",114,11370
ENSG00000276873,False,0.0,0.0,0.0,0.0,NOT_IN_STRING,0.0,NOT_IN_STRING,False,0.0,False,0,"[""eye"", ""nerve"", ""retina""]",114,11370
ENSG00000283108,False,0.0,0.0,0.0,0.0,NOT_IN_STRING,0.0,NOT_IN_STRING,False,0.0,False,0,"[""eye"", ""nerve"", ""retina""]",114,11370
ENSG00000283128,False,0.0,0.0,0.0,0.0,NOT_IN_STRING,0.0,NOT_IN_STRING,False,0.0,False,0,"[""eye"", ""nerve"", ""retina""]",114,11370
ENSG00000283257,False,0.0,0.0,0.0,0.0,NOT_IN_STRING,0.0,NOT_IN_STRING,False,0.0,False,0,"[""eye"", ""nerve"", ""retina""]",114,11370
ENSG00000283405,False,0.0,0.0,0.0,0.0,NOT_IN_STRING,0.0,NOT_IN_STRING,False,0.0,False,0,"[""eye"", ""nerve"", ""retina""]",114,11370
ENSG00000283479,False,0.0,0.0,0.0,0.0,NOT_IN_STRING,0.0,NOT_IN_STRING,False,0.0,False,0,"[""eye"", ""nerve"", ""retina""]",114,11370
ENSG00000283566,False,0.0,0.0,0.0,0.0,NOT_IN_STRING,0.0,NOT_IN_STRING,False,0.0,False,0,"[""eye"", ""nerve"", ""retina""]",114,11370
ENSG00000283629,False,0.0,0.0,0.0,0.0,NOT_IN_STRING,0.0,NOT_IN_STRING,False,0.0,False,0,"[""eye"", ""nerve"", ""retina""]",114,11370
ENSG00000283679,False,0.0,0.0,0.0,0.0,NOT_IN_STRING,0.0,NOT_IN_STRING,False,0.0,False,0,"[""eye"", ""nerve"", ""retina""]",114,11370
ENSG00000283913,False,0.0,0.0,0.0,0.0,NOT_IN_STRING,0.0,NOT_IN_STRING,False,0.0,False,0,"[""eye"", ""nerve"", ""retina""]",114,11370
ENSG00000283959,False,0.0,0.0,0.0,0.0,NOT_IN_STRING,0.0,NOT_IN_STRING,False,0.0,False,0,"[""eye"", ""nerve"", ""retina""]",114,11370
ENSG00000283982,False,0.0,0.0,0.0,0.0,NOT_IN_STRING,0.0,NOT_IN_STRING,False,0.0,False,0,"[""eye"", ""nerve"", ""retina""]",114,11370
ENSG00000284116,False,0.0,0.0,0.0,0.0,NOT_IN_STRING,0.0,NOT_IN_STRING,False,0.0,False,0,"[""eye"", ""nerve"", ""retina""]",114,11370
ENSG00000284624,False,0.0,0.0,0.0,0.0,NOT_IN_STRING,0.0,NOT_IN_STRING,False,0.0,False,0,"[""eye"", ""nerve"", ""retina""]",114,11370
ENSG00000284633,False,0.0,0.0,0.0,0.0,NOT_IN_STRING,0.0,NOT_IN_STRING,False,0.0,False,0,"[""eye"", ""nerve"", ""retina""]",114,11370
ENSG00000279455,False,0.0,0.0,0.0,0.0,NOT_IN_STRING,0.0,NOT_IN_STRING,False,0.0,False,0,"[""eye"", ""nerve"", ""retina""]",114,11370
ENSG00000284658,False,0.0,0.0,0.0,0.0,NOT_IN_STRING,0.0,NOT_IN_STRING,False,0.0,False,0,"[""eye"", ""nerve"", ""retina""]",114,11370
ENSG00000284686,False,0.0,0.0,0.0,0.0,NOT_IN_STRING,0.0,NOT_IN_STRING,False,0.0,False,0,"[""eye"", ""nerve"", ""retina""]",114,11370
ENSG00000284846,False,0.0,0.0,0.0,0.0,NOT_IN_STRING,0.0,NOT_IN_STRING,False,0.0,False,0,"[""eye"", ""nerve"", ""retina""]",114,11370
ENSG00000285212,False,0.0,0.0,0.0,0.0,NOT_IN_STRING,0.0,NOT_IN_STRING,False,0.0,False,0,"[""eye"", ""nerve"", ""retina""]",114,11370
ENSG00000285215,False,0.0,0.0,0.0,0.0,NOT_IN_STRING,0.0,NOT_IN_STRING,False,0.0,False,0,"[""eye"", ""nerve"", ""retina""]",114,11370
ENSG00000285216,False,0.0,0.0,0.0,0.0,NOT_IN_STRING,0.0,NOT_IN_STRING,False,0.0,False,0,"[""eye"", ""nerve"", ""retina""]",114,11370
ENSG00000285336,False,0.0,0.0,0.0,0.0,NOT_IN_STRING,0.0,NOT_IN_STRING,False,0.0,False,0,"[""eye"", ""nerve"", ""retina""]",114,11370
ENSG00000285367,False,0.0,0.0,0.0,0.0,NOT_IN_STRING,0.0,NOT_IN_STRING,False,0.0,False,0,"[""eye"", ""nerve"", ""retina""]",114,11370
ENSG00000285543,False,0.0,0.0,0.0,0.0,NOT_IN_STRING,0.0,NOT_IN_STRING,False,0.0,False,0,"[""eye"", ""nerve"", ""retina""]",114,11370
ENSG00000285550,False,0.0,0.0,0.0,0.0,NOT_IN_STRING,0.0,NOT_IN_STRING,False,0.0,False,0,"[""eye"", ""nerve"", ""retina""]",114,11370
ENSG00000285568,False,0.0,0.0,0.0,0.0,NOT_IN_STRING,0.0,NOT_IN_STRING,False,0.0,False,0,"[""eye"", ""nerve"", ""retina""]",114,11370
ENSG00000285572,False,0.0,0.0,0.0,0.0,NOT_IN_STRING,0.0,NOT_IN_STRING,False,0.0,False,0,"[""eye"", ""nerve"", ""retina""]",114,11370
ENSG00000285575,False,0.0,0.0,0.0,0.0,NOT_IN_STRING,0.0,NOT_IN_STRING,False,0.0,False,0,"[""eye"", ""nerve"", ""retina""]",114,11370
ENSG00000285638,False,0.0,0.0,0.0,0.0,NOT_IN_STRING,0.0,NOT_IN_STRING,False,0.0,False,0,"[""eye"", ""nerve"", ""retina""]",114,11370
ENSG00000284634,False,0.0,0.0,0.0,0.0,NOT_IN_STRING,0.0,NOT_IN_STRING,False,0.0,False,0,"[""eye"", ""nerve"", ""retina""]",114,11370
ENSG00000279476,False,0.0,0.0,0.0,0.0,NOT_IN_STRING,0.0,NOT_IN_STRING,False,0.0,False,0,"[""eye"", ""nerve"", ""retina""]",114,11370
ENSG00000279501,False,0.0,0.0,0.0,0.0,NOT_IN_STRING,0.0,NOT_IN_STRING,False,0.0,False,0,"[""eye"", ""nerve"", ""retina""]",114,11370
ENSG00000279628,False,0.0,0.0,0.0,0.0,NOT_IN_STRING,0.0,NOT_IN_STRING,False,0.0,False,0,"[""eye"", ""nerve"", ""retina""]",114,11370
ENSG00000279666,False,0.0,0.0,0.0,0.0,NOT_IN_STRING,0.0,NOT_IN_STRING,False,0.0,False,0,"[""eye"", ""nerve"", ""retina""]",114,11370
ENSG00000279669,False,0.0,0.0,0.0,0.0,NOT_IN_STRING,0.0,NOT_IN_STRING,False,0.0,False,0,"[""eye"", ""nerve"", ""retina""]",114,11370
ENSG00000279671,False,0.0,0.0,0.0,0.0,NOT_IN_STRING,0.0,NOT_IN_STRING,False,0.0,False,0,"[""eye"", ""nerve"", ""retina""]",114,11370
ENSG00000279676,False,0.0,0.0,0.0,0.0,NOT_IN_STRING,0.0,NOT_IN_STRING,False,0.0,False,0,"[""eye"", ""nerve"", ""retina""]",114,11370
ENSG00000279683,False,0.0,0.0,0.0,0.0,NOT_IN_STRING,0.0,NOT_IN_STRING,False,0.0,False,0,"[""eye"", ""nerve"", ""retina""]",114,11370
ENSG00000279805,False,0.0,0.0,0.0,0.0,NOT_IN_STRING,0.0,NOT_IN_STRING,False,0.0,False,0,"[""eye"", ""nerve"", ""retina""]",114,11370
ENSG00000279923,False,0.0,0.0,0.0,0.0,NOT_IN_STRING,0.0,NOT_IN_STRING,False,0.0,False,0,"[""eye"", ""nerve"", ""retina""]",114,11370
ENSG00000279935,False,0.0,0.0,0.0,0.0,NOT_IN_STRING,0.0,NOT_IN_STRING,False,0.0,False,0,"[""eye"", ""nerve"", ""retina""]",114,11370
ENSG00000280035,False,0.0,0.0,0.0,0.0,NOT_IN_STRING,0.0,NOT_IN_STRING,False,0.0,False,0,"[""eye"", ""nerve"", ""retina""]",114,11370
ENSG00000280082,False,0.0,0.0,0.0,0.0,NOT_IN_STRING,0.0,NOT_IN_STRING,False,0.0,False,0,"[""eye"", ""nerve"", ""retina""]",114,11370
ENSG00000280135,False,0.0,0.0,0.0,0.0,NOT_IN_STRING,0.0,NOT_IN_STRING,False,0.0,False,0,"[""eye"", ""nerve"", ""retina""]",114,11370
ENSG00000283072,False,0.0,0.0,0.0,0.0,NOT_IN_STRING,0.0,NOT_IN_STRING,False,0.0,False,0,"[""eye"", ""nerve"", ""retina""]",114,11370
ENSG00000280205,False,0.0,0.0,0.0,0.0,NOT_IN_STRING,0.0,NOT_IN_STRING,False,0.0,False,0,"[""eye"", ""nerve"", ""retina""]",114,11370
ENSG00000280206,False,0.0,0.0,0.0,0.0,NOT_IN_STRING,0.0,NOT_IN_STRING,False,0.0,False,0,"[""eye"", ""nerve"", ""retina""]",114,11370
ENSG00000280241,False,0.0,0.0,0.0,0.0,NOT_IN_STRING,0.0,NOT_IN_STRING,False,0.0,False,0,"[""eye"", ""nerve"", ""retina""]",114,11370
ENSG00000280356,False,0.0,0.0,0.0,0.0,NOT_IN_STRING,0.0,NOT_IN_STRING,False,0.0,False,0,"[""eye"", ""nerve"", ""retina""]",114,11370
ENSG00000280444,False,0.0,0.0,0.0,0.0,NOT_IN_STRING,0.0,NOT_IN_STRING,False,0.0,False,0,"[""eye"", ""nerve"", ""retina""]",114,11370
ENSG00000280445,False,0.0,0.0,0.0,0.0,NOT_IN_STRING,0.0,NOT_IN_STRING,False,0.0,False,0,"[""eye"", ""nerve"", ""retina""]",114,11370
ENSG00000281160,False,0.0,0.0,0.0,0.0,NOT_IN_STRING,0.0,NOT_IN_STRING,False,0.0,False,0,"[""eye"", ""nerve"", ""retina""]",114,11370
ENSG00000281732,False,0.0,0.0,0.0,0.0,NOT_IN_STRING,0.0,NOT_IN_STRING,False,0.0,False,0,"[""eye"", ""nerve"", ""retina""]",114,11370
ENSG00000282012,False,0.0,0.0,0.0,0.0,NOT_IN_STRING,0.0,NOT_IN_STRING,False,0.0,False,0,"[""eye"", ""nerve"", ""retina""]",114,11370
ENSG00000282478,False,0.0,0.0,0.0,0.0,NOT_IN_STRING,0.0,NOT_IN_STRING,False,0.0,False,0,"[""eye"", ""nerve"", ""retina""]",114,11370
ENSG00000282849,False,0.0,0.0,0.0,0.0,NOT_IN_STRING,0.0,NOT_IN_STRING,False,0.0,False,0,"[""eye"", ""nerve"", ""retina""]",114,11370
ENSG00000282950,False,0.0,0.0,0.0,0.0,NOT_IN_STRING,0.0,NOT_IN_STRING,False,0.0,False,0,"[""eye"", ""nerve"", ""retina""]",114,11370
ENSG00000282998,False,0.0,0.0,0.0,0.0,NOT_IN_STRING,0.0,NOT_IN_STRING,False,0.0,False,0,"[""eye"", ""nerve"", ""retina""]",114,11370
ENSG00000283025,False,0.0,0.0,0.0,0.0,NOT_IN_STRING,0.0,NOT_IN_STRING,False,0.0,False,0,"[""eye"", ""nerve"", ""retina""]",114,11370
ENSG00000280136,False,0.0,0.0,0.0,0.0,NOT_IN_STRING,0.0,NOT_IN_STRING,False,0.0,False,0,"[""eye"", ""nerve"", ""retina""]",114,11370
